timestamp,open,high,low,close,volume,funding_rate,fear_greed,forecast,confidence,regime,strategy,total_portfolio_value,previous_allocation,allocation_change,approved_rebalance,succcess_execute_portfolio_rebalance,postRebalance_total_value,postRebalance_current_allocation,debug_info.regime,debug_info.forecast_delta,debug_info.regime_scores,debug_info.regime_margin,debug_info.bars_in_regime,debug_approve_allocation_change.symbol,debug_approve_allocation_change.time,debug_execute_portfolio_rebalance.symbol,debug_execute_portfolio_rebalance.price,debug_execute_portfolio_rebalance.quantity,debug_execute_portfolio_rebalance.trade_type,balances.USDT.free,balances.USDT.locked,balances.ETHUSDT.free,balances.ETHUSDT.locked,postRebalance_balances.USDT.free,postRebalance_balances.USDT.locked,postRebalance_balances.ETHUSDT.free,postRebalance_balances.ETHUSDT.locked,debug_info.components.funding_rate_mr.last_history_value,debug_info.components.funding_rate_mr.post_pipeline_value,debug_info.components.funding_rate_mr.weight_normalized,debug_info.components.funding_rate_mr.weighted_contribution,debug_approve_allocation_change.controls.max_allocation_change.passed,debug_approve_allocation_change.controls.min_allocation_change.passed
2023-11-01,1814.67,1857.66,1783.19,1846.99,471921.6184,0.0001,66,-10.0,0.0,unknown,,1000.0,0.0,-1.0,True,True,999.0000000000001,-1.0010010010010009,unknown,-10.0,{},,1.0,ETHUSDT,2023-11-01,ETHUSDT,1846.99,0.5414214478692359,SHORT,886.4480730598327,0.0,0.0,0.0,886.4480730598327,0.0,0.0,0.0,-10.0,-10.0,1.0,-10.0,True,True
2023-11-02,1846.99,1875.0,1785.01,1800.8,368738.2193,0.0001,72,-10.0,0.0,unknown,,1024.0082566770802,-0.9521326971393576,-0.04786730286064245,False,,1024.0082566770802,-0.9521326971393576,unknown,0.0,{},,2.0,ETHUSDT,2023-11-02,,,,,886.4480730598327,0.0,0.0,0.0,886.4480730598327,0.0,0.0,0.0,-10.0,-10.0,1.0,-10.0,True,False
2023-11-03,1800.79,1834.58,1777.11,1832.71,315000.2678,0.0001,65,-10.0,0.0,unknown,,1006.7314982755728,-0.9856337101045123,-0.014366289895487716,False,,1006.7314982755728,-0.9856337101045123,unknown,0.0,{},,3.0,ETHUSDT,2023-11-03,,,,,886.4480730598327,0.0,0.0,0.0,886.4480730598327,0.0,0.0,0.0,-10.0,-10.0,1.0,-10.0,True,False
2023-11-04,1832.7,1869.9,1824.03,1855.54,171538.0364,0.0001,68,-10.0,0.0,unknown,,994.3708466207181,-1.0103163792396224,0.010316379239622364,False,,994.3708466207181,-1.0103163792396224,unknown,0.0,{},,4.0,ETHUSDT,2023-11-04,,,,,886.4480730598327,0.0,0.0,0.0,886.4480730598327,0.0,0.0,0.0,-10.0,-10.0,1.0,-10.0,True,False
2023-11-05,1855.54,1912.67,1846.11,1891.71,383106.7628,0.0001,70,-10.0,0.0,unknown,,974.7876328512878,-1.05070307893921,0.05070307893921,False,,974.7876328512878,-1.05070307893921,unknown,0.0,{},,5.0,ETHUSDT,2023-11-05,,,,,886.4480730598327,0.0,0.0,0.0,886.4480730598327,0.0,0.0,0.0,-10.0,-10.0,1.0,-10.0,True,False
2023-11-06,1891.71,1914.23,1868.48,1900.95,328746.2394,0.0001,74,-10.0,0.0,unknown,,969.7848986729762,-1.0612818396485346,0.06128183964853462,False,,969.7848986729762,-1.0612818396485346,unknown,0.0,{},,6.0,ETHUSDT,2023-11-06,,,,,886.4480730598327,0.0,0.0,0.0,886.4480730598327,0.0,0.0,0.0,-10.0,-10.0,1.0,-10.0,True,False
2023-11-07,1900.95,1906.99,1850.32,1885.27,332419.4406,0.0001,68,-10.0,0.0,unknown,,978.2743869755658,-1.043393987018418,0.0433939870184179,False,,978.2743869755658,-1.043393987018418,unknown,0.0,{},,7.0,ETHUSDT,2023-11-07,,,,,886.4480730598327,0.0,0.0,0.0,886.4480730598327,0.0,0.0,0.0,-10.0,-10.0,1.0,-10.0,True,False
2023-11-08,1885.26,1904.69,1872.51,1888.12,247881.0997,0.0001,66,-10.0,0.0,unknown,,976.7313358491384,-1.0466221637725326,0.04662216377253259,False,,976.7313358491384,-1.0466221637725326,unknown,0.0,{},,8.0,ETHUSDT,2023-11-08,,,,,886.4480730598327,0.0,0.0,0.0,886.4480730598327,0.0,0.0,0.0,-10.0,-10.0,1.0,-10.0,True,False
2023-11-09,1888.11,2132.0,1882.07,2121.32,1100330.3237,0.0001,69,-10.0,0.0,unknown,,850.4718542060325,-1.3504599124755148,0.3504599124755148,True,True,850.1734995597983,-1.000350933834551,unknown,0.0,{},,9.0,ETHUSDT,2023-11-09,ETHUSDT,2121.32,0.14050510606034683,REDUCE_SHORT,886.4480730598327,0.0,0.0,0.0,886.4480730598327,0.0,0.0,0.0,-10.0,-10.0,1.0,-10.0,True,True
2023-11-10,2121.33,2136.99,2064.61,2077.72,555573.6495,0.00027525,70,-10.0,0.0,unknown,,867.653452062666,-0.9600513888614163,-0.03994861113858372,False,,867.653452062666,-0.9600513888614163,unknown,0.0,{},,10.0,ETHUSDT,2023-11-10,,,,,886.4480730598327,0.0,0.0,0.0,886.4480730598327,0.0,0.0,0.0,-10.0,-10.0,1.0,-10.0,True,False
2023-11-11,2077.72,2089.6,2030.3,2053.17,370966.0372,0.00013604,70,-10.0,0.0,unknown,,877.495948254074,-0.9380663319865478,-0.06193366801345224,False,,877.495948254074,-0.9380663319865478,unknown,0.0,{},,11.0,ETHUSDT,2023-11-11,,,,,886.4480730598327,0.0,0.0,0.0,886.4480730598327,0.0,0.0,0.0,-10.0,-10.0,1.0,-10.0,True,False
2023-11-12,2053.16,2066.5,2012.1,2044.68,281907.559,0.00016325,73,-10.0,0.0,unknown,,880.8997279960316,-0.9305776806568523,-0.06942231934314769,False,,880.8997279960316,-0.9305776806568523,unknown,0.0,{},,12.0,ETHUSDT,2023-11-12,,,,,886.4480730598327,0.0,0.0,0.0,886.4480730598327,0.0,0.0,0.0,-10.0,-10.0,1.0,-10.0,True,False
2023-11-13,2044.69,2118.0,2028.49,2053.65,529143.5815,0.0003299,72,-10.0,0.0,unknown,,877.3035084100059,-0.9384914541696303,-0.06150854583036969,False,,877.3035084100059,-0.9384914541696303,unknown,0.0,{},,13.0,ETHUSDT,2023-11-13,,,,,886.4480730598327,0.0,0.0,0.0,886.4480730598327,0.0,0.0,0.0,-10.0,-10.0,1.0,-10.0,True,False
2023-11-14,2053.65,2064.96,1936.6,1979.39,481909.733,0.00018828,69,-10.0,0.0,unknown,,907.0755559527339,-0.8748662584999131,-0.12513374150008694,False,,907.0755559527339,-0.8748662584999131,unknown,0.0,{},,14.0,ETHUSDT,2023-11-14,,,,,886.4480730598327,0.0,0.0,0.0,886.4480730598327,0.0,0.0,0.0,-10.0,-10.0,1.0,-10.0,True,False
2023-11-15,1979.4,2062.4,1967.01,2058.48,421870.8032,0.0001,60,-10.0,0.0,unknown,,875.3670824790689,-0.9427796495951689,-0.05722035040483109,False,,875.3670824790689,-0.9427796495951689,unknown,0.0,{},,15.0,ETHUSDT,2023-11-15,,,,,886.4480730598327,0.0,0.0,0.0,886.4480730598327,0.0,0.0,0.0,-10.0,-10.0,1.0,-10.0,True,False
2023-11-16,2058.49,2090.4,1939.1,1961.77,545286.1297,0.0001,70,-10.0,0.0,unknown,,914.1397018954066,-0.8603779599985191,-0.13962204000148093,False,,914.1397018954066,-0.8603779599985191,unknown,0.0,{},,16.0,ETHUSDT,2023-11-16,,,,,886.4480730598327,0.0,0.0,0.0,886.4480730598327,0.0,0.0,0.0,-10.0,-10.0,1.0,-10.0,True,False
2023-11-17,1961.77,1991.5,1904.0,1960.82,401100.5069,0.0001,63,-10.0,0.0,unknown,,914.5205724201251,-0.85960316810081,-0.14039683189919006,False,,914.5205724201251,-0.85960316810081,unknown,0.0,{},,17.0,ETHUSDT,2023-11-17,,,,,886.4480730598327,0.0,0.0,0.0,886.4480730598327,0.0,0.0,0.0,-10.0,-10.0,1.0,-10.0,True,False
2023-11-18,1960.82,1971.22,1916.0,1962.6,279368.2208,0.0001,69,-10.0,0.0,unknown,,913.8069413317053,-0.8610554120845848,-0.1389445879154152,False,,913.8069413317053,-0.8610554120845848,unknown,0.0,{},,18.0,ETHUSDT,2023-11-18,,,,,886.4480730598327,0.0,0.0,0.0,886.4480730598327,0.0,0.0,0.0,-10.0,-10.0,1.0,-10.0,True,False
2023-11-19,1962.59,2015.75,1942.89,2011.47,251132.6192,0.0001,66,-10.0,0.0,unknown,,894.2141597075048,-0.9018322795538237,-0.09816772044617628,False,,894.2141597075048,-0.9018322795538237,unknown,0.0,{},,19.0,ETHUSDT,2023-11-19,,,,,886.4480730598327,0.0,0.0,0.0,886.4480730598327,0.0,0.0,0.0,-10.0,-10.0,1.0,-10.0,True,False
2023-11-20,2011.47,2066.4,1990.0,2021.4,421717.679,0.0001,69,-10.0,0.0,unknown,,890.2330604333425,-0.9103372244319936,-0.08966277556800639,False,,890.2330604333425,-0.9103372244319936,unknown,0.0,{},,20.0,ETHUSDT,2023-11-20,,,,,886.4480730598327,0.0,0.0,0.0,886.4480730598327,0.0,0.0,0.0,-10.0,-10.0,1.0,-10.0,True,False
2023-11-21,2021.41,2034.6,1931.43,1933.01,490163.9863,0.0001,71,-10.0,0.0,unknown,,925.6700558858303,-0.837204674551538,-0.16279532544846198,False,,925.6700558858303,-0.837204674551538,unknown,0.0,{},,21.0,ETHUSDT,2023-11-21,,,,,886.4480730598327,0.0,0.0,0.0,886.4480730598327,0.0,0.0,0.0,-10.0,-10.0,1.0,-10.0,True,False
2023-11-22,1933.01,2092.46,1928.41,2063.21,466120.5109,0.0001,62,-10.0,0.0,unknown,,873.4707481823128,-0.9469974893891561,-0.053002510610843934,False,,873.4707481823128,-0.9469974893891561,unknown,0.0,{},,22.0,ETHUSDT,2023-11-22,,,,,886.4480730598327,0.0,0.0,0.0,886.4480730598327,0.0,0.0,0.0,-10.0,-10.0,1.0,-10.0,True,False
2023-11-23,2063.22,2088.94,2040.35,2062.2,250960.6958,0.0001,66,-10.0,0.0,unknown,,873.8756736875399,-0.9460953142104604,-0.05390468578953955,False,,873.8756736875399,-0.9460953142104604,unknown,0.0,{},,23.0,ETHUSDT,2023-11-23,,,,,886.4480730598327,0.0,0.0,0.0,886.4480730598327,0.0,0.0,0.0,-10.0,-10.0,1.0,-10.0,True,False
2023-11-24,2062.21,2133.02,2059.37,2080.84,426932.5402,0.0001,66,-10.0,0.0,unknown,,866.4025930762222,-0.9628811909802488,-0.037118809019751176,False,,866.4025930762222,-0.9628811909802488,unknown,0.0,{},,24.0,ETHUSDT,2023-11-24,,,,,886.4480730598327,0.0,0.0,0.0,886.4480730598327,0.0,0.0,0.0,-10.0,-10.0,1.0,-10.0,True,False
2023-11-25,2080.84,2090.54,2065.3,2083.09,138847.393,0.0001,73,-10.0,0.0,unknown,,865.5005313071521,-0.9649269899319096,-0.03507301006809038,False,,865.5005313071521,-0.9649269899319096,unknown,0.0,{},,25.0,ETHUSDT,2023-11-25,,,,,886.4480730598327,0.0,0.0,0.0,886.4480730598327,0.0,0.0,0.0,-10.0,-10.0,1.0,-10.0,True,False
2023-11-26,2083.1,2094.99,2036.42,2062.33,241262.9136,0.0001,73,-10.0,0.0,unknown,,873.8235545631047,-0.9462113888840195,-0.053788611115980545,False,,873.8235545631047,-0.9462113888840195,unknown,0.0,{},,26.0,ETHUSDT,2023-11-26,,,,,886.4480730598327,0.0,0.0,0.0,886.4480730598327,0.0,0.0,0.0,-10.0,-10.0,1.0,-10.0,True,False
2023-11-27,2062.34,2071.24,1985.78,2027.5,326073.2298,0.0001,66,-10.0,0.0,unknown,,887.7874707483084,-0.9155996336965327,-0.08440036630346726,False,,887.7874707483084,-0.9155996336965327,unknown,0.0,{},,27.0,ETHUSDT,2023-11-27,,,,,886.4480730598327,0.0,0.0,0.0,886.4480730598327,0.0,0.0,0.0,-10.0,-10.0,1.0,-10.0,True,False
2023-11-28,2027.5,2075.0,1995.15,2048.14,283775.9279,0.0001,68,-10.0,0.0,unknown,,879.5125574533729,-0.933622595099775,-0.06637740490022503,False,,879.5125574533729,-0.933622595099775,unknown,0.0,{},,28.0,ETHUSDT,2023-11-28,,,,,886.4480730598327,0.0,0.0,0.0,886.4480730598327,0.0,0.0,0.0,-10.0,-10.0,1.0,-10.0,True,False
2023-11-29,2048.14,2075.7,2019.31,2028.81,254843.7319,0.0001,72,-10.0,0.0,unknown,,887.2622703405387,-0.9167335416089639,-0.08326645839103608,False,,887.2622703405387,-0.9167335416089639,unknown,0.0,{},,29.0,ETHUSDT,2023-11-29,,,,,886.4480730598327,0.0,0.0,0.0,886.4480730598327,0.0,0.0,0.0,-10.0,-10.0,1.0,-10.0,True,False
2023-11-29,2048.14,2075.7,2019.31,2028.81,254843.7319,0.0001,72,,,,,887.2622703405387,-0.9167335416089639,0.9167335416089639,,True,886.4480730598327,0.0,,,,,,,,ETHUSDT,2028.81,-0.400916341808889,CLOSE,886.4480730598327,0.0,0.0,0.0,886.4480730598327,0.0,0.0,0.0,,,,,,
