old_path	new_path	status	PENDING_CORRECTION
strategy-research/results/protocols/20260702T091324Z_18fad381/protocol_summary.json	strategy-research/archive/protocols/20260702T091324Z_18fad381/protocol_summary.json	RENAMED	
strategy-research/briefs/FUNDING_MR_DAILY_RETEST.md	strategy-research/briefs_record/FUNDING_MR_DAILY_RETEST.md	RENAMED	
strategy-research/briefs/H-041-C-v2.md	strategy-research/briefs_record/H-041-C-v2.md	RENAMED	
strategy-research/briefs/P4_ts_trend_r1_er_gate.yaml	strategy-research/briefs_record/P4_ts_trend_r1_er_gate.yaml	RENAMED	
strategy-research/briefs/research_brief_P4_ts_trend.md	strategy-research/briefs_record/research_brief_P4_ts_trend.md	RENAMED	
strategy-research/briefs/research_brief_XS_momentum.md	strategy-research/briefs_record/research_brief_XS_momentum.md	RENAMED	
strategy-research/campaign_knowledge_base.yaml	strategy-research/campaign_record/campaign_knowledge_base.yaml	RENAMED	
strategy-research/campaign_log.md	strategy-research/campaign_record/campaign_log.md	RENAMED	
strategy-research/campaign_state.yaml	strategy-research/campaign_record/campaign_state.yaml	RENAMED	
strategy-research/campaign_summary.md	strategy-research/campaign_record/campaign_summary.md	RENAMED	
strategy-research/feed_wishlist.yaml	strategy-research/campaign_record/feed_wishlist.yaml	RENAMED	
strategy-research/coin_universe.yaml	strategy-research/config/coin_universe.yaml	RENAMED	
strategy-research/config/holdout_gate_exemptions.txt	strategy-research/config/holdout_gate_exemptions.txt	MODIFIED	
strategy-research/RUNBOOK.md	strategy-research/docs/RUNBOOK.md	RENAMED	
strategy-research/docs/incidents/INCIDENT_20260710.md	strategy-research/docs/analyzis-reports/INCIDENT_20260710.md	RENAMED	
strategy-research/docs/venue_survey_20260719.md	strategy-research/docs/analyzis-reports/venue_survey_20260719.md	RENAMED	
strategy-research/improvements/BACKLOG_DEFERRED.md	strategy-research/engineering/improvements/BACKLOG_DEFERRED.md	RENAMED	
strategy-research/improvements/IMPROVEMENTS_DONE_20260706.md	strategy-research/engineering/improvements/Done/IMPROVEMENTS_DONE_20260706.md	RENAMED	
strategy-research/improvements/IMPROVEMENTS_DONE_20260712.md	strategy-research/engineering/improvements/Done/IMPROVEMENTS_DONE_20260712.md	RENAMED	
strategy-research/improvements/IMPROVEMENTS_REGISTER.md	strategy-research/engineering/improvements/Done/IMPROVEMENTS_REGISTER.md	RENAMED	
strategy-research/docs/plan/00_closing_state.md	strategy-research/engineering/improvements/Done/design_and_docs/00_closing_state.md	RENAMED	
strategy-research/docs/plan/00_overview_v2.md	strategy-research/engineering/improvements/Done/design_and_docs/00_overview_v2.md	RENAMED	
strategy-research/docs/plan/01_edge_source_taxonomy.md	strategy-research/engineering/improvements/Done/design_and_docs/01_edge_source_taxonomy.md	RENAMED	
strategy-research/docs/plan/02_regime_attribution.md	strategy-research/engineering/improvements/Done/design_and_docs/02_regime_attribution.md	RENAMED	
strategy-research/docs/plan/03_trade_level_diagnostics.md	strategy-research/engineering/improvements/Done/design_and_docs/03_trade_level_diagnostics.md	RENAMED	
strategy-research/docs/plan/04_indicator_library.md	strategy-research/engineering/improvements/Done/design_and_docs/04_indicator_library.md	RENAMED	
strategy-research/docs/plan/05_campaign_knowledge_base.md	strategy-research/engineering/improvements/Done/design_and_docs/05_campaign_knowledge_base.md	RENAMED	
strategy-research/docs/plan/06_promotion_rigor.md	strategy-research/engineering/improvements/Done/design_and_docs/06_promotion_rigor.md	RENAMED	
strategy-research/docs/plan/07_data_extension_holdout_retrofit.md	strategy-research/engineering/improvements/Done/design_and_docs/07_data_extension_holdout_retrofit.md	RENAMED	
strategy-research/docs/plan/08_signal_prescreen.md	strategy-research/engineering/improvements/Done/design_and_docs/08_signal_prescreen.md	RENAMED	
strategy-research/docs/plan/09_cost_hurdle_gate.md	strategy-research/engineering/improvements/Done/design_and_docs/09_cost_hurdle_gate.md	RENAMED	
strategy-research/docs/plan/10_maker_execution_assessment.md	strategy-research/engineering/improvements/Done/design_and_docs/10_maker_execution_assessment.md	RENAMED	
strategy-research/docs/plan/11_viable_space_map.md	strategy-research/engineering/improvements/Done/design_and_docs/11_viable_space_map.md	RENAMED	
strategy-research/docs/session_reports/data/20260726_ladder_output.txt	strategy-research/engineering/improvements/Done/design_and_docs/20260726_ladder_output.txt	RENAMED	
strategy-research/docs/session_reports/data/20260726_ladder_results.json	strategy-research/engineering/improvements/Done/design_and_docs/20260726_ladder_results.json	RENAMED	
strategy-research/docs/plan/AMENDMENTS_01-06.md	strategy-research/engineering/improvements/Done/design_and_docs/AMENDMENTS_01-06.md	RENAMED	
strategy-research/docs/design/K2_verdict_machinery_design_20260713.md	strategy-research/engineering/improvements/Done/design_and_docs/K2_verdict_machinery_design_20260713.md	RENAMED	
strategy-research/docs/design/K3_protocol_pinning_design_20260714.md	strategy-research/engineering/improvements/Done/design_and_docs/K3_protocol_pinning_design_20260714.md	RENAMED	
strategy-research/docs/design/K4_routing_registration_design_20260712.md	strategy-research/engineering/improvements/Done/design_and_docs/K4_routing_registration_design_20260712.md	RENAMED	
strategy-research/docs/plan/NEXT_RUN_CHECKLIST.md	strategy-research/engineering/improvements/Done/design_and_docs/NEXT_RUN_CHECKLIST.md	RENAMED	
strategy-research/docs/STEP_05_FINDINGS.md	strategy-research/engineering/improvements/Done/design_and_docs/STEP_05_FINDINGS.md	RENAMED	
strategy-research/docs/p1b_episode_preregistration.yaml	strategy-research/engineering/improvements/Done/design_and_docs/p1b_episode_preregistration.yaml	RENAMED	
strategy-research/docs/p1b_fetch_manifest.md	strategy-research/engineering/improvements/Done/design_and_docs/p1b_fetch_manifest.md	RENAMED	
strategy-research/docs/p1b_fetch_manifest_CORRECTION_NOTICE.md	strategy-research/engineering/improvements/Done/design_and_docs/p1b_fetch_manifest_CORRECTION_NOTICE.md	RENAMED	
tasks/todo.md	strategy-research/engineering/improvements/Done/design_and_docs/todo.md	RENAMED	
strategy-research/improvements/HANDOFF_CURRENT.md	strategy-research/engineering/improvements/HANDOFF_CURRENT.md	RENAMED	
strategy-research/docs/ROADMAP.md	strategy-research/engineering/improvements/ROADMAP.md	RENAMED	
strategy-research/docs/known_divergences.md	strategy-research/engineering/improvements/known_divergences.md	RENAMED	
strategy-research/docs/CLEANUP_PLAN.md	strategy-research/engineering/improvements/ongoing-improvement-design/CLEANUP_PLAN.md	RENAMED	
strategy-research/docs/INVENTORY.tsv	strategy-research/engineering/improvements/ongoing-improvement-design/INVENTORY.tsv	RENAMED	
strategy-research/docs/REFERENCE_MAP.tsv	strategy-research/engineering/improvements/ongoing-improvement-design/REFERENCE_MAP.tsv	RENAMED	
strategy-research/docs/RUNS_TRIAGE.tsv	strategy-research/engineering/improvements/ongoing-improvement-design/RUNS_TRIAGE.tsv	RENAMED	
strategy-research/SESSION_LOG.md	strategy-research/engineering/sessions/SESSION_LOG.md	RENAMED	
tasks/lessons.md	strategy-research/engineering/sessions/lessons.md	RENAMED	
strategy-research/docs/session_reports/20260719_close.md	strategy-research/engineering/sessions/session_reports/20260719_close.md	RENAMED	
strategy-research/docs/session_reports/20260719_cost_model_recon.md	strategy-research/engineering/sessions/session_reports/20260719_cost_model_recon.md	RENAMED	
strategy-research/docs/session_reports/20260719_venue_survey.md	strategy-research/engineering/sessions/session_reports/20260719_venue_survey.md	RENAMED	
strategy-research/docs/session_reports/20260720_calibration_recon.md	strategy-research/engineering/sessions/session_reports/20260720_calibration_recon.md	RENAMED	
strategy-research/docs/session_reports/20260720_close.md	strategy-research/engineering/sessions/session_reports/20260720_close.md	RENAMED	
strategy-research/docs/session_reports/20260720_commission_audit.md	strategy-research/engineering/sessions/session_reports/20260720_commission_audit.md	RENAMED	
strategy-research/docs/session_reports/20260720_commission_param.md	strategy-research/engineering/sessions/session_reports/20260720_commission_param.md	RENAMED	
strategy-research/docs/session_reports/20260720_cost_calibration.md	strategy-research/engineering/sessions/session_reports/20260720_cost_calibration.md	RENAMED	
strategy-research/docs/session_reports/20260720_eea_perp_fee_verification.md	strategy-research/engineering/sessions/session_reports/20260720_eea_perp_fee_verification.md	RENAMED	
strategy-research/docs/session_reports/20260720_fee_isolation_pairs.md	strategy-research/engineering/sessions/session_reports/20260720_fee_isolation_pairs.md	RENAMED	
strategy-research/docs/session_reports/20260720_fee_isolation_pairs_v2.md	strategy-research/engineering/sessions/session_reports/20260720_fee_isolation_pairs_v2.md	RENAMED	
strategy-research/docs/session_reports/20260720_margin_funding_research.md	strategy-research/engineering/sessions/session_reports/20260720_margin_funding_research.md	RENAMED	
strategy-research/docs/session_reports/20260720_pairs_audit.md	strategy-research/engineering/sessions/session_reports/20260720_pairs_audit.md	RENAMED	
strategy-research/docs/session_reports/20260720_perp_calibration.md	strategy-research/engineering/sessions/session_reports/20260720_perp_calibration.md	RENAMED	
strategy-research/docs/session_reports/20260720_perp_calibration_audit.md	strategy-research/engineering/sessions/session_reports/20260720_perp_calibration_audit.md	RENAMED	
strategy-research/docs/session_reports/20260720_run059_replay_feasibility.md	strategy-research/engineering/sessions/session_reports/20260720_run059_replay_feasibility.md	RENAMED	
strategy-research/docs/session_reports/20260720_venue_cost_wiring.md	strategy-research/engineering/sessions/session_reports/20260720_venue_cost_wiring.md	RENAMED	
strategy-research/docs/session_reports/20260721_breadth_download_recon.md	strategy-research/engineering/sessions/session_reports/20260721_breadth_download_recon.md	RENAMED	
strategy-research/docs/session_reports/20260721_kraken_archive_recon.md	strategy-research/engineering/sessions/session_reports/20260721_kraken_archive_recon.md	RENAMED	
strategy-research/docs/session_reports/20260721_venue_registration_rule.md	strategy-research/engineering/sessions/session_reports/20260721_venue_registration_rule.md	RENAMED	
strategy-research/docs/session_reports/20260722_c7ext_audit.md	strategy-research/engineering/sessions/session_reports/20260722_c7ext_audit.md	RENAMED	
strategy-research/docs/session_reports/20260722_kraken_ingest_audit.md	strategy-research/engineering/sessions/session_reports/20260722_kraken_ingest_audit.md	RENAMED	
strategy-research/docs/session_reports/20260722_xs_momentum_universe.md	strategy-research/engineering/sessions/session_reports/20260722_xs_momentum_universe.md	RENAMED	
strategy-research/docs/session_reports/20260723_c7ext_r_audit.md	strategy-research/engineering/sessions/session_reports/20260723_c7ext_r_audit.md	RENAMED	
strategy-research/docs/session_reports/20260723_p4_density_probe.md	strategy-research/engineering/sessions/session_reports/20260723_p4_density_probe.md	RENAMED	
strategy-research/docs/session_reports/20260723_p4_panel_recon.md	strategy-research/engineering/sessions/session_reports/20260723_p4_panel_recon.md	RENAMED	
strategy-research/docs/session_reports/20260724_funding_cashflow_model_design.md	strategy-research/engineering/sessions/session_reports/20260724_funding_cashflow_model_design.md	RENAMED	
strategy-research/docs/session_reports/20260724_p4_density_probe_archive.md	strategy-research/engineering/sessions/session_reports/20260724_p4_density_probe_archive.md	RENAMED	
strategy-research/docs/session_reports/20260725_funding_carry_magnitude.md	strategy-research/engineering/sessions/session_reports/20260725_funding_carry_magnitude.md	RENAMED	
strategy-research/docs/session_reports/20260725_funding_recost_feasibility.md	strategy-research/engineering/sessions/session_reports/20260725_funding_recost_feasibility.md	RENAMED	
strategy-research/docs/session_reports/20260726_2026_coverage_scope.md	strategy-research/engineering/sessions/session_reports/20260726_2026_coverage_scope.md	RENAMED	
strategy-research/docs/session_reports/20260726_recorder_build_spec.md	strategy-research/engineering/sessions/session_reports/20260726_recorder_build_spec.md	RENAMED	
strategy-research/docs/session_reports/20260726_recorder_cadence_ladder.md	strategy-research/engineering/sessions/session_reports/20260726_recorder_cadence_ladder.md	RENAMED	
strategy-research/docs/session_reports/_verify_xs_neff.py	strategy-research/engineering/sessions/session_reports/_verify_xs_neff.py	RENAMED	
strategy-research/power_check_discrepancy_log.yaml	DELETED	DELETED	
strategy-research/protocols/baseline_v1.json	strategy-research/protocols_record/baseline_v1.json	RENAMED	
strategy-research/protocols/baseline_v2.json	strategy-research/protocols_record/baseline_v2.json	RENAMED	
strategy-research/protocols/diagnostic_btceth_4h.json	strategy-research/protocols_record/diagnostic_btceth_4h.json	RENAMED	
strategy-research/protocols/escalation_avaxusdt_4h.json	strategy-research/protocols_record/escalation_avaxusdt_4h.json	RENAMED	
strategy-research/protocols/escalation_solusdt_4h.json	strategy-research/protocols_record/escalation_solusdt_4h.json	RENAMED	
strategy-research/protocols/escalation_tf_15m.json	strategy-research/protocols_record/escalation_tf_15m.json	RENAMED	
strategy-research/protocols/funding_mr_daily_retest_v1.json	strategy-research/protocols_record/funding_mr_daily_retest_v1.json	RENAMED	
strategy-research/protocols/h041c_v2_backext.json	strategy-research/protocols_record/h041c_v2_backext.json	RENAMED	
strategy-research/protocols/prereg_whale_footprint_v1.yaml	strategy-research/protocols_record/prereg_whale_footprint_v1.yaml	RENAMED	
strategy-research/protocols/prereg_whale_footprint_v2.yaml	strategy-research/protocols_record/prereg_whale_footprint_v2.yaml	RENAMED	
strategy-research/protocols/run_048_generated.json	strategy-research/protocols_record/run_048_generated.json	RENAMED	
strategy-research/protocols/run_050_generated.json	strategy-research/protocols_record/run_050_generated.json	RENAMED	
strategy-research/protocols/run_053_generated.json	strategy-research/protocols_record/run_053_generated.json	RENAMED	
strategy-research/protocols/ts_trend_daily_v1.json	strategy-research/protocols_record/ts_trend_daily_v1.json	RENAMED	
strategy-research/regime_detector_report.yaml	DELETED	DELETED	
strategy-research/regime_retune_results.yaml	DELETED	DELETED	
strategy-research/recorder/.gitattributes	strategy-research/tools/recorder/.gitattributes	RENAMED	
strategy-research/recorder/RUNBOOK.md	strategy-research/tools/recorder/RUNBOOK.md	RENAMED	
strategy-research/recorder/__init__.py	strategy-research/tools/recorder/__init__.py	RENAMED	
strategy-research/recorder/book_state.py	strategy-research/tools/recorder/book_state.py	RENAMED	
strategy-research/recorder/compaction.py	strategy-research/tools/recorder/compaction.py	RENAMED	
strategy-research/recorder/coverage_report.py	strategy-research/tools/recorder/coverage_report.py	RENAMED	
strategy-research/recorder/disk_guard.py	strategy-research/tools/recorder/disk_guard.py	RENAMED	
strategy-research/recorder/install_systemd_unit.sh	strategy-research/tools/recorder/install_systemd_unit.sh	RENAMED	
strategy-research/recorder/journal.py	strategy-research/tools/recorder/journal.py	RENAMED	
strategy-research/recorder/journal_mark.py	strategy-research/tools/recorder/journal_mark.py	RENAMED	
strategy-research/recorder/kraken_crc.py	strategy-research/tools/recorder/kraken_crc.py	RENAMED	
strategy-research/recorder/liveness.py	strategy-research/tools/recorder/liveness.py	RENAMED	
strategy-research/recorder/record_kraken_ws.py	strategy-research/tools/recorder/record_kraken_ws.py	RENAMED	
strategy-research/recorder/register_scheduled_task.ps1	strategy-research/tools/recorder/register_scheduled_task.ps1	RENAMED	
strategy-research/recorder/requirements.txt	strategy-research/tools/recorder/requirements.txt	RENAMED	
strategy-research/recorder/retrieval_manifest.py	strategy-research/tools/recorder/retrieval_manifest.py	RENAMED	
strategy-research/recorder/retrieve_shards.py	strategy-research/tools/recorder/retrieve_shards.py	RENAMED	
strategy-research/recorder/shard_reader.py	strategy-research/tools/recorder/shard_reader.py	RENAMED	
strategy-research/recorder/shard_writer.py	strategy-research/tools/recorder/shard_writer.py	RENAMED	
strategy-research/recorder/supervise.ps1	strategy-research/tools/recorder/supervise.ps1	RENAMED	
strategy-research/recorder/supervise.sh	strategy-research/tools/recorder/supervise.sh	RENAMED	
strategy-research/recorder/tests/conftest.py	strategy-research/tools/recorder/tests/conftest.py	RENAMED	
(new file)	strategy-research/tools/recorder/tests/fixtures/live_book_snapshot.json	ADDED	
strategy-research/recorder/tests/test_cadence_modes.py	strategy-research/tools/recorder/tests/test_cadence_modes.py	RENAMED	
strategy-research/recorder/tests/test_compaction.py	strategy-research/tools/recorder/tests/test_compaction.py	RENAMED	
strategy-research/recorder/tests/test_coverage_report.py	strategy-research/tools/recorder/tests/test_coverage_report.py	RENAMED	
strategy-research/recorder/tests/test_disk_guard.py	strategy-research/tools/recorder/tests/test_disk_guard.py	RENAMED	
strategy-research/recorder/tests/test_journal.py	strategy-research/tools/recorder/tests/test_journal.py	RENAMED	
strategy-research/recorder/tests/test_kraken_crc.py	strategy-research/tools/recorder/tests/test_kraken_crc.py	RENAMED	
strategy-research/recorder/tests/test_liveness.py	strategy-research/tools/recorder/tests/test_liveness.py	RENAMED	
strategy-research/recorder/tests/test_retrieval_manifest.py	strategy-research/tools/recorder/tests/test_retrieval_manifest.py	RENAMED	
strategy-research/recorder/tests/test_retrieve_shards.py	strategy-research/tools/recorder/tests/test_retrieve_shards.py	RENAMED	
strategy-research/recorder/tests/test_shard_reader.py	strategy-research/tools/recorder/tests/test_shard_reader.py	RENAMED	
strategy-research/recorder/tests/test_shard_writer.py	strategy-research/tools/recorder/tests/test_shard_writer.py	RENAMED	
strategy-research/recorder/tests/test_supervisor.py	strategy-research/tools/recorder/tests/test_supervisor.py	RENAMED	
strategy-research/recorder/tests/test_supervisor_sh.py	strategy-research/tools/recorder/tests/test_supervisor_sh.py	RENAMED	
strategy-research/recorder/tests/test_whale_features.py	strategy-research/tools/recorder/tests/test_whale_features.py	RENAMED	
strategy-research/recorder/tests/test_whale_persistence.py	strategy-research/tools/recorder/tests/test_whale_persistence.py	RENAMED	
strategy-research/recorder/whale_features.py	strategy-research/tools/recorder/whale_features.py	RENAMED	
strategy-research/recorder/whale_persistence.py	strategy-research/tools/recorder/whale_persistence.py	RENAMED	
strategy-research/recorder/whale_report.py	strategy-research/tools/recorder/whale_report.py	RENAMED	
strategy-research/schemas/backtest_spec.schema.json	strategy-research/workflow_artifacts/schemas/backtest_spec.schema.json	RENAMED	
strategy-research/schemas/decision.schema.json	strategy-research/workflow_artifacts/schemas/decision.schema.json	RENAMED	
strategy-research/schemas/expanded_hypothesis_card.schema.json	strategy-research/workflow_artifacts/schemas/expanded_hypothesis_card.schema.json	RENAMED	
strategy-research/schemas/handoff.schema.json	strategy-research/workflow_artifacts/schemas/handoff.schema.json	RENAMED	
strategy-research/schemas/handoff.schema.yaml	strategy-research/workflow_artifacts/schemas/handoff.schema.yaml	RENAMED	
strategy-research/schemas/holdout_result.schema.json	strategy-research/workflow_artifacts/schemas/holdout_result.schema.json	RENAMED	
strategy-research/schemas/human_resolution.schema.json	strategy-research/workflow_artifacts/schemas/human_resolution.schema.json	RENAMED	
strategy-research/schemas/hypothesis_card.schema.json	strategy-research/workflow_artifacts/schemas/hypothesis_card.schema.json	RENAMED	
strategy-research/schemas/indicator_library.schema.json	strategy-research/workflow_artifacts/schemas/indicator_library.schema.json	RENAMED	
strategy-research/schemas/innovation_notes.schema.json	strategy-research/workflow_artifacts/schemas/innovation_notes.schema.json	RENAMED	
strategy-research/schemas/prescreen_result.schema.json	strategy-research/workflow_artifacts/schemas/prescreen_result.schema.json	RENAMED	
strategy-research/schemas/promotion_audit.schema.json	strategy-research/workflow_artifacts/schemas/promotion_audit.schema.json	RENAMED	
strategy-research/schemas/protocol_result.schema.json	strategy-research/workflow_artifacts/schemas/protocol_result.schema.json	RENAMED	
strategy-research/schemas/refinement_notes.schema.json	strategy-research/workflow_artifacts/schemas/refinement_notes.schema.json	RENAMED	
strategy-research/schemas/regime_audit_decision.schema.json	strategy-research/workflow_artifacts/schemas/regime_audit_decision.schema.json	RENAMED	
strategy-research/schemas/regime_detector_report.schema.json	strategy-research/workflow_artifacts/schemas/regime_detector_report.schema.json	RENAMED	
strategy-research/schemas/robustness_report.schema.json	strategy-research/workflow_artifacts/schemas/robustness_report.schema.json	RENAMED	
strategy-research/schemas/trade_diagnostics.schema.json	strategy-research/workflow_artifacts/schemas/trade_diagnostics.schema.json	RENAMED	
strategy-research/schemas/validation_decision.schema.json	strategy-research/workflow_artifacts/schemas/validation_decision.schema.json	RENAMED	
strategy-research/schemas/validation_protocol.schema.json	strategy-research/workflow_artifacts/schemas/validation_protocol.schema.json	RENAMED	
strategy-research/schemas/verdict_interpretation.schema.json	strategy-research/workflow_artifacts/schemas/verdict_interpretation.schema.json	RENAMED	
strategy-research/skills/backtest-engineering/SKILL.md	strategy-research/workflow_artifacts/skills/backtest-engineering/SKILL.md	RENAMED	
strategy-research/skills/campaign-review/SKILL.md	strategy-research/workflow_artifacts/skills/campaign-review/SKILL.md	RENAMED	
strategy-research/skills/hypothesis-design/SKILL.md	strategy-research/workflow_artifacts/skills/hypothesis-design/SKILL.md	RENAMED	
strategy-research/skills/innovation-expansion/SKILL.md	strategy-research/workflow_artifacts/skills/innovation-expansion/SKILL.md	RENAMED	
strategy-research/skills/quant-fundamentals/SKILL.md	strategy-research/workflow_artifacts/skills/quant-fundamentals/SKILL.md	RENAMED	
strategy-research/skills/quant-validation/SKILL.md	strategy-research/workflow_artifacts/skills/quant-validation/SKILL.md	RENAMED	
strategy-research/skills/refinement-planner/SKILL.md	strategy-research/workflow_artifacts/skills/refinement-planner/SKILL.md	RENAMED	
strategy-research/skills/regime-auditor/SKILL.md	strategy-research/workflow_artifacts/skills/regime-auditor/SKILL.md	RENAMED	
strategy-research/skills/verdict-interpreter/SKILL.md	strategy-research/workflow_artifacts/skills/verdict-interpreter/SKILL.md	RENAMED	
strategy-research/templates/backtest_spec.yaml	strategy-research/workflow_artifacts/templates/backtest_spec.yaml	RENAMED	
strategy-research/templates/decision.yaml	strategy-research/workflow_artifacts/templates/decision.yaml	RENAMED	
strategy-research/templates/handoff.yaml	strategy-research/workflow_artifacts/templates/handoff.yaml	RENAMED	
strategy-research/templates/handoffs/backtest_spec_to_protocol_execution.yaml	strategy-research/workflow_artifacts/templates/handoffs/backtest_spec_to_protocol_execution.yaml	RENAMED	
strategy-research/templates/handoffs/campaign_review.yaml	strategy-research/workflow_artifacts/templates/handoffs/campaign_review.yaml	RENAMED	
strategy-research/templates/handoffs/holdout_evaluation.yaml	strategy-research/workflow_artifacts/templates/handoffs/holdout_evaluation.yaml	RENAMED	
strategy-research/templates/handoffs/hypothesis_to_innovation_expansion.yaml	strategy-research/workflow_artifacts/templates/handoffs/hypothesis_to_innovation_expansion.yaml	RENAMED	
strategy-research/templates/handoffs/innovation_expansion_to_validation.yaml	strategy-research/workflow_artifacts/templates/handoffs/innovation_expansion_to_validation.yaml	RENAMED	
strategy-research/templates/handoffs/protocol_to_verdict_interpreter.yaml	strategy-research/workflow_artifacts/templates/handoffs/protocol_to_verdict_interpreter.yaml	RENAMED	
strategy-research/templates/handoffs/research_brief_to_hypothesis.yaml	strategy-research/workflow_artifacts/templates/handoffs/research_brief_to_hypothesis.yaml	RENAMED	
strategy-research/templates/handoffs/validation_to_backtest_specification.yaml	strategy-research/workflow_artifacts/templates/handoffs/validation_to_backtest_specification.yaml	RENAMED	
strategy-research/templates/handoffs/validation_to_refinement.yaml	strategy-research/workflow_artifacts/templates/handoffs/validation_to_refinement.yaml	RENAMED	
strategy-research/templates/hypothesis_card.yaml	strategy-research/workflow_artifacts/templates/hypothesis_card.yaml	RENAMED	
strategy-research/templates/pipeline_state.yaml	strategy-research/workflow_artifacts/templates/pipeline_state.yaml	RENAMED	
strategy-research/templates/research_brief.yaml	strategy-research/workflow_artifacts/templates/research_brief.yaml	RENAMED	
strategy-research/templates/robustness_report.yaml	strategy-research/workflow_artifacts/templates/robustness_report.yaml	RENAMED	
strategy-research/templates/run_manifest.yaml	strategy-research/workflow_artifacts/templates/run_manifest.yaml	RENAMED	
strategy-research/templates/validation_decision.yaml	strategy-research/workflow_artifacts/templates/validation_decision.yaml	RENAMED	
strategy-research/templates/validation_protocol.yaml	strategy-research/workflow_artifacts/templates/validation_protocol.yaml	RENAMED	
trading-bot/data/fetchers/whale_footprint_fetcher.py	trading-bot/data/fetchers/whale_footprint_fetcher.py	MODIFIED	
trading-bot/tests/test_whale_footprint_fetcher.py	trading-bot/tests/test_whale_footprint_fetcher.py	MODIFIED	
strategy-research/engineering/improvements/Done/**	strategy-research/engineering/improvements/done/**	DEFERRED	lowercase 'done' (case-only rename, deferred: case-insensitive filesystem hazard)
strategy-research/docs/analyzis-reports/**	strategy-research/docs/analysis-reports/**	DEFERRED	'analysis-reports' (spelling)
