run_dir	files	bytes	last_commit	kb_refs	state_refs	queue_refs	prod_refs	doc_refs
run_0001	8	28403	2026-06	0	0	0	10	2
run_002	12	60777	2026-06	0	0	0	3	1
run_003	14	41734	2026-07	0	0	0	1	0
run_004	13	37907	2026-06	0	0	0	3	0
run_005	14	34255	2026-07	0	0	0	1	0
run_006	12	37317	2026-07	0	0	0	1	0
run_007	12	39646	2026-07	0	0	0	1	0
run_008	12	27143	2026-07	0	0	0	1	0
run_009	16	22988	2026-07	0	0	0	1	0
run_010	16	22928	2026-07	0	0	0	1	2
run_011	175	10878696	2026-07	1	4	0	0	4
run_012	175	10880609	2026-07	1	3	0	0	2
run_013	175	10882998	2026-07	1	3	0	0	0
run_014	176	10949021	2026-07	1	4	0	0	5
run_015	176	7679319	2026-07	1	5	0	0	17
run_016	177	20759097	2026-07	0	4	0	0	13
run_017	176	7511940	2026-07	3	4	0	0	38
run_018	176	12612036	2026-07	1	3	0	2	43
run_019	175	6441155	2026-07	0	3	0	0	0
run_020	178	6000829	2026-07	0	5	0	0	0
run_021	176	32501092	2026-07	0	3	0	0	6
run_022	178	10589369	2026-07	0	3	0	0	10
run_023	177	32476945	2026-07	0	3	0	0	18
run_024	180	7524514	2026-07	2	4	0	0	25
run_025	179	8222598	2026-07	0	3	0	0	19
run_026	177	10556900	2026-07	0	0	0	1	17
run_027	179	7501367	2026-07	2	4	0	0	10
run_028	335	5605219	2026-07	8	3	0	1	54
run_029	100	3780630	2026-07	0	3	0	0	0
run_030	339	31085323	2026-07	12	3	0	0	40
run_031	101	15512227	2026-07	0	0	0	2	6
run_032	103	3419810	2026-07	0	3	0	0	2
run_033	179	7493365	2026-07	3	7	0	1	5
run_034	178	32598533	2026-07	0	3	0	0	2
run_035	178	8669551	2026-07	0	3	0	0	3
run_036	170	7476815	2026-07	0	0	0	1	5
run_037	174	7985181	2026-07	0	3	0	0	0
run_038	12	21299	2026-07	0	3	0	0	16
run_039	179	8873205	2026-07	4	6	0	3	2
run_040	11	13665	2026-07	0	0	0	2	8
run_041	5	14450	2026-07	5	2	0	2	15
run_042	10	30872	2026-07	2	1	1	3	34
run_043	38	105888	2026-07	3	4	0	5	11
run_044	44	122952	2026-07	4	12	1	16	21
run_045	11	21397	2026-07	1	0	0	9	9
run_046	11	20612	2026-07	1	0	0	4	8
run_047	28	81665	2026-07	4	4	0	14	29
run_048	30	88007	2026-07	3	4	2	5	16
run_049	11	21230	2026-07	0	1	0	2	53
run_050	30	90540	2026-07	3	4	1	5	14
run_051	12	19189	2026-07	0	0	0	2	8
run_052	12	24308	2026-07	2	0	1	3	24
run_053	29	78560	2026-07	1	6	3	11	29
run_054	459	7022564	2026-07	8	8	13	29	104
run_055	13	19607	2026-07	0	0	0	6	8
run_056	13	20677	2026-07	0	0	0	5	6
run_057	243	3104944	2026-07	22	2	7	19	149
run_058	19	69779	2026-07	9	0	1	3	42
run_059	1373	7653895	2026-07	13	6	2	5	118
