timestamp,open,high,low,close,volume,funding_rate,fear_greed,forecast,confidence,regime,strategy,total_portfolio_value,previous_allocation,allocation_change,approved_rebalance,debug_approve_allocation_change,succcess_execute_portfolio_rebalance,debug_execute_portfolio_rebalance,postRebalance_total_value,postRebalance_current_allocation,debug_info.regime,debug_info.forecast_delta,debug_info.regime_scores,debug_info.regime_margin,debug_info.bars_in_regime,balances.USDT.free,balances.USDT.locked,postRebalance_balances.USDT.free,postRebalance_balances.USDT.locked,debug_info.components.sma_trend.last_history_value,debug_info.components.sma_trend.post_pipeline_value,debug_info.components.sma_trend.weight_normalized,debug_info.components.sma_trend.weighted_contribution
2020-10-01 02:00:00,10619.13,10664.64,10374.0,10570.4,50130.393705,7.412e-05,45,0.0,0.0,unknown,,1000.0,0.0,0.0,,{},,{},1000.0,0.0,unknown,0.0,{},,1,1000,0,1000,0,0.0,0.0,1.0,0.0
2020-10-02 02:00:00,10570.4,10603.56,10496.46,10542.06,22298.221341,0.0001,41,0.0,0.0,unknown,,1000.0,0.0,0.0,,{},,{},1000.0,0.0,unknown,0.0,{},,2,1000,0,1000,0,0.0,0.0,1.0,0.0
2020-10-03 02:00:00,10542.07,10696.87,10517.87,10666.63,23212.001595,0.0001,40,0.0,0.0,unknown,,1000.0,0.0,0.0,,{},,{},1000.0,0.0,unknown,0.0,{},,3,1000,0,1000,0,0.0,0.0,1.0,0.0
2020-10-04 02:00:00,10666.62,10798.0,10615.64,10792.21,34025.761653,-2.144e-05,42,0.0,0.0,unknown,,1000.0,0.0,0.0,,{},,{},1000.0,0.0,unknown,0.0,{},,4,1000,0,1000,0,0.0,0.0,1.0,0.0
2020-10-05 02:00:00,10792.2,10800.0,10525.0,10599.66,48674.740471,-3.381e-05,42,0.0,0.0,unknown,,1000.0,0.0,0.0,,{},,{},1000.0,0.0,unknown,0.0,{},,5,1000,0,1000,0,0.0,0.0,1.0,0.0
2020-10-06 02:00:00,10599.65,10681.87,10546.17,10666.39,32811.990279,-1.26e-06,47,0.0,0.0,unknown,,1000.0,0.0,0.0,,{},,{},1000.0,0.0,unknown,0.0,{},,6,1000,0,1000,0,0.0,0.0,1.0,0.0
2020-10-07 02:00:00,10666.4,10950.0,10530.41,10925.57,51959.691572,5.11e-06,43,0.0,0.0,unknown,,1000.0,0.0,0.0,,{},,{},1000.0,0.0,unknown,0.0,{},,7,1000,0,1000,0,0.0,0.0,1.0,0.0
2020-10-08 02:00:00,10925.44,11104.64,10829.0,11050.64,48240.073237,2.693e-05,46,0.0,0.0,unknown,,1000.0,0.0,0.0,,{},,{},1000.0,0.0,unknown,0.0,{},,8,1000,0,1000,0,0.0,0.0,1.0,0.0
2020-10-09 02:00:00,11050.64,11491.0,11050.51,11293.22,43648.036943,8.856e-05,48,0.0,0.0,unknown,,1000.0,0.0,0.0,,{},,{},1000.0,0.0,unknown,0.0,{},,9,1000,0,1000,0,0.0,0.0,1.0,0.0
2020-10-10 02:00:00,11293.22,11445.0,11221.0,11369.02,29043.851339,0.0001,53,0.0,0.0,unknown,,1000.0,0.0,0.0,,{},,{},1000.0,0.0,unknown,0.0,{},,10,1000,0,1000,0,0.0,0.0,1.0,0.0
2020-10-11 02:00:00,11369.02,11720.01,11172.0,11528.25,52825.28371,0.0001,55,0.0,0.0,unknown,,1000.0,0.0,0.0,,{},,{},1000.0,0.0,unknown,0.0,{},,11,1000,0,1000,0,0.0,0.0,1.0,0.0
2020-10-12 02:00:00,11528.24,11557.0,11300.0,11420.56,42205.283709,0.0001,52,0.0,0.0,unknown,,1000.0,0.0,0.0,,{},,{},1000.0,0.0,unknown,0.0,{},,12,1000,0,1000,0,0.0,0.0,1.0,0.0
2020-10-13 02:00:00,11420.57,11547.98,11280.0,11417.89,41415.106015,0.0001,56,0.0,0.0,unknown,,1000.0,0.0,0.0,,{},,{},1000.0,0.0,unknown,0.0,{},,13,1000,0,1000,0,0.0,0.0,1.0,0.0
2020-10-14 02:00:00,11417.89,11617.34,11250.83,11505.12,48760.717679,0.0001,53,0.0,0.0,unknown,,1000.0,0.0,0.0,,{},,{},1000.0,0.0,unknown,0.0,{},,14,1000,0,1000,0,0.0,0.0,1.0,0.0
2020-10-15 02:00:00,11505.13,11541.15,11200.0,11319.32,48797.749502,0.0001,56,0.0,0.0,unknown,,1000.0,0.0,0.0,,{},,{},1000.0,0.0,unknown,0.0,{},,15,1000,0,1000,0,0.0,0.0,1.0,0.0
2020-10-16 02:00:00,11319.24,11402.42,11255.0,11360.2,22368.915241,0.0001,52,0.0,0.0,unknown,,1000.0,0.0,0.0,,{},,{},1000.0,0.0,unknown,0.0,{},,16,1000,0,1000,0,0.0,0.0,1.0,0.0
2020-10-17 02:00:00,11360.31,11505.0,11346.22,11503.14,23284.041191,0.0001,56,0.0,0.0,unknown,,1000.0,0.0,0.0,,{},,{},1000.0,0.0,unknown,0.0,{},,17,1000,0,1000,0,0.0,0.0,1.0,0.0
2020-10-18 02:00:00,11503.14,11823.99,11407.96,11751.47,47414.534692,0.0001,55,0.0,0.0,unknown,,1000.0,0.0,0.0,,{},,{},1000.0,0.0,unknown,0.0,{},,18,1000,0,1000,0,0.0,0.0,1.0,0.0
2020-10-19 02:00:00,11751.46,12038.38,11677.59,11909.99,62134.750663,0.0001,55,0.0,0.0,unknown,,1000.0,0.0,0.0,,{},,{},1000.0,0.0,unknown,0.0,{},,19,1000,0,1000,0,0.0,0.0,1.0,0.0
2020-10-20 02:00:00,11910.0,13217.68,11886.95,12780.96,114584.456767,0.0001,56,0.0,0.0,unknown,,1000.0,0.0,0.0,,{},,{},1000.0,0.0,unknown,0.0,{},,20,1000,0,1000,0,0.0,0.0,1.0,0.0
2020-10-21 02:00:00,12780.75,13185.0,12678.08,12968.52,70038.824144,3.742e-05,61,0.0,0.0,unknown,,1000.0,0.0,0.0,,{},,{},1000.0,0.0,unknown,0.0,{},,21,1000,0,1000,0,0.0,0.0,1.0,0.0
2020-10-22 02:00:00,12968.84,13027.69,12720.08,12923.07,50386.999841,0.0001,73,0.0,0.0,unknown,,1000.0,0.0,0.0,,{},,{},1000.0,0.0,unknown,0.0,{},,22,1000,0,1000,0,0.0,0.0,1.0,0.0
2020-10-23 02:00:00,12923.06,13166.73,12870.0,13111.73,35952.20907,0.0001,74,0.0,0.0,unknown,,1000.0,0.0,0.0,,{},,{},1000.0,0.0,unknown,0.0,{},,23,1000,0,1000,0,0.0,0.0,1.0,0.0
2020-10-24 02:00:00,13111.73,13350.0,12888.0,13028.83,38481.579504,0.0001,73,0.0,0.0,unknown,,1000.0,0.0,0.0,,{},,{},1000.0,0.0,unknown,0.0,{},,24,1000,0,1000,0,0.0,0.0,1.0,0.0
2020-10-25 02:00:00,13029.64,13238.81,12765.0,13052.19,60951.672986,0.0001,76,0.0,0.0,unknown,,1000.0,0.0,0.0,,{},,{},1000.0,0.0,unknown,0.0,{},,25,1000,0,1000,0,0.0,0.0,1.0,0.0
2020-10-26 01:00:00,13052.15,13789.29,13019.87,13636.17,80811.01945,0.0001,75,0.0,0.0,unknown,,1000.0,0.0,0.0,,{},,{},1000.0,0.0,unknown,0.0,{},,26,1000,0,1000,0,0.0,0.0,1.0,0.0
2020-10-27 01:00:00,13636.16,13859.48,12888.0,13266.4,94440.561226,9.274e-05,61,0.0,0.0,unknown,,1000.0,0.0,0.0,,{},,{},1000.0,0.0,unknown,0.0,{},,27,1000,0,1000,0,0.0,0.0,1.0,0.0
2020-10-28 01:00:00,13266.4,13642.91,12920.77,13455.7,74872.602132,3.725e-05,70,0.0,0.0,unknown,,1000.0,0.0,0.0,,{},,{},1000.0,0.0,unknown,0.0,{},,28,1000,0,1000,0,0.0,0.0,1.0,0.0
2020-10-29 01:00:00,13455.69,13669.98,13115.0,13560.1,70657.778881,-0.00026006,67,0.0,0.0,unknown,,1000.0,0.0,0.0,,{},,{},1000.0,0.0,unknown,0.0,{},,29,1000,0,1000,0,0.0,0.0,1.0,0.0
2020-10-30 01:00:00,13560.1,14100.0,13411.5,13791.0,67339.238515,-0.00015268,74,0.0,0.0,unknown,,1000.0,0.0,0.0,,{},,{},1000.0,0.0,unknown,0.0,{},,30,1000,0,1000,0,0.0,0.0,1.0,0.0
2020-10-31 01:00:00,13791.0,13895.0,13603.0,13761.5,36285.648526,-0.00013414,73,0.0,0.0,unknown,,1000.0,0.0,0.0,,{},,{},1000.0,0.0,unknown,0.0,{},,31,1000,0,1000,0,0.0,0.0,1.0,0.0
2020-11-01 01:00:00,13761.49,13830.0,13195.05,13549.37,64566.421908,-6.386e-05,72,0.0,0.0,unknown,,1000.0,0.0,0.0,,{},,{},1000.0,0.0,unknown,0.0,{},,32,1000,0,1000,0,0.0,0.0,1.0,0.0
2020-11-02 01:00:00,13549.63,14066.11,13284.99,14023.53,74115.630787,7.881e-05,71,0.0,0.0,unknown,,1000.0,0.0,0.0,,{},,{},1000.0,0.0,unknown,0.0,{},,33,1000,0,1000,0,0.0,0.0,1.0,0.0
2020-11-03 01:00:00,14023.53,14259.0,13525.0,14144.01,93016.988262,-0.00017064,71,0.0,0.0,unknown,,1000.0,0.0,0.0,,{},,{},1000.0,0.0,unknown,0.0,{},,34,1000,0,1000,0,0.0,0.0,1.0,0.0
2020-11-04 01:00:00,14144.01,15750.0,14093.56,15590.02,143741.522673,-7.816e-05,74,0.0,0.0,unknown,,1000.0,0.0,0.0,,{},,{},1000.0,0.0,unknown,0.0,{},,35,1000,0,1000,0,0.0,0.0,1.0,0.0
2020-11-05 01:00:00,15590.02,15960.0,15166.0,15579.92,122618.197695,-0.00023791,72,0.0,0.0,unknown,,1000.0,0.0,0.0,,{},,{},1000.0,0.0,unknown,0.0,{},,36,1000,0,1000,0,0.0,0.0,1.0,0.0
2020-11-06 01:00:00,15579.93,15753.52,14344.22,14818.3,101431.206553,0.0001,90,0.0,0.0,unknown,,1000.0,0.0,0.0,,{},,{},1000.0,0.0,unknown,0.0,{},,37,1000,0,1000,0,0.0,0.0,1.0,0.0
2020-11-07 01:00:00,14818.3,15650.0,14703.88,15475.1,65547.178574,0.0003429,88,0.0,0.0,unknown,,1000.0,0.0,0.0,,{},,{},1000.0,0.0,unknown,0.0,{},,38,1000,0,1000,0,0.0,0.0,1.0,0.0
2020-11-08 01:00:00,15475.1,15840.0,14805.54,15328.41,108976.334134,0.0001,82,0.0,0.0,unknown,,1000.0,0.0,0.0,,{},,{},1000.0,0.0,unknown,0.0,{},,39,1000,0,1000,0,0.0,0.0,1.0,0.0
2020-11-09 01:00:00,15328.41,15460.0,15072.46,15297.21,61681.919606,0.0001,90,0.0,0.0,unknown,,1000.0,0.0,0.0,,{},,{},1000.0,0.0,unknown,0.0,{},,40,1000,0,1000,0,0.0,0.0,1.0,0.0
2020-11-10 01:00:00,15297.21,15965.0,15272.68,15684.24,78469.746458,0.0001,90,0.0,0.0,unknown,,1000.0,0.0,0.0,,{},,{},1000.0,0.0,unknown,0.0,{},,41,1000,0,1000,0,0.0,0.0,1.0,0.0
2020-11-11 01:00:00,15684.25,16340.7,15440.64,16291.86,102196.356592,0.0001,86,0.0,0.0,unknown,,1000.0,0.0,0.0,,{},,{},1000.0,0.0,unknown,0.0,{},,42,1000,0,1000,0,0.0,0.0,1.0,0.0
2020-11-12 01:00:00,16291.85,16480.0,15952.35,16320.7,75691.881014,0.0001,87,0.0,0.0,unknown,,1000.0,0.0,0.0,,{},,{},1000.0,0.0,unknown,0.0,{},,43,1000,0,1000,0,0.0,0.0,1.0,0.0
2020-11-13 01:00:00,16320.04,16326.99,15670.0,16070.45,59116.347179,0.0001,89,0.0,0.0,unknown,,1000.0,0.0,0.0,,{},,{},1000.0,0.0,unknown,0.0,{},,44,1000,0,1000,0,0.0,0.0,1.0,0.0
2020-11-14 01:00:00,16069.56,16180.0,15774.72,15957.0,43596.841513,0.0001,90,0.0,0.0,unknown,,1000.0,0.0,0.0,,{},,{},1000.0,0.0,unknown,0.0,{},,45,1000,0,1000,0,0.0,0.0,1.0,0.0
2020-11-15 01:00:00,15957.0,16880.0,15864.0,16713.57,81300.675924,4.277e-05,86,0.0,0.0,unknown,,1000.0,0.0,0.0,,{},,{},1000.0,0.0,unknown,0.0,{},,46,1000,0,1000,0,0.0,0.0,1.0,0.0
2020-11-16 01:00:00,16713.08,17858.82,16538.0,17659.38,115221.403102,0.0001,90,0.0,0.0,unknown,,1000.0,0.0,0.0,,{},,{},1000.0,0.0,unknown,0.0,{},,47,1000,0,1000,0,0.0,0.0,1.0,0.0
2020-11-17 01:00:00,17659.38,18476.93,17214.45,17776.12,149019.788134,0.0001,86,0.0,0.0,unknown,,1000.0,0.0,0.0,,{},,{},1000.0,0.0,unknown,0.0,{},,48,1000,0,1000,0,0.0,0.0,1.0,0.0
2020-11-18 01:00:00,17777.75,18179.8,17335.65,17802.82,93009.561008,0.0001,91,0.0,0.0,unknown,,1000.0,0.0,0.0,,{},,{},1000.0,0.0,unknown,0.0,{},,49,1000,0,1000,0,0.0,0.0,1.0,0.0
2020-11-19 01:00:00,17802.81,18815.22,17740.04,18655.67,88423.018489,0.00021486,94,0.0,0.0,unknown,,1000.0,0.0,0.0,,{},,{},1000.0,0.0,unknown,0.0,{},,50,1000,0,1000,0,0.0,0.0,1.0,0.0
2020-11-20 01:00:00,18655.66,18965.9,18308.58,18703.8,75577.458394,0.00052207,86,0.0,0.0,unknown,,1000.0,0.0,0.0,,{},,{},1000.0,0.0,unknown,0.0,{},,51,1000,0,1000,0,0.0,0.0,1.0,0.0
2020-11-21 01:00:00,18703.8,18750.0,17610.86,18414.43,81645.737778,0.0001,91,0.0,0.0,unknown,,1000.0,0.0,0.0,,{},,{},1000.0,0.0,unknown,0.0,{},,52,1000,0,1000,0,0.0,0.0,1.0,0.0
2020-11-22 01:00:00,18413.88,18766.0,18000.0,18368.0,82961.506093,0.00059438,94,0.0,0.0,unknown,,1000.0,0.0,0.0,,{},,{},1000.0,0.0,unknown,0.0,{},,53,1000,0,1000,0,0.0,0.0,1.0,0.0
2020-11-23 01:00:00,18368.01,19418.97,18018.0,19160.01,113581.509241,0.00066537,90,0.0,0.0,unknown,,1000.0,0.0,0.0,,{},,{},1000.0,0.0,unknown,0.0,{},,54,1000,0,1000,0,0.0,0.0,1.0,0.0
2020-11-24 01:00:00,19160.0,19484.21,18500.27,18719.11,93266.576887,0.00050801,88,0.0,0.0,unknown,,1000.0,0.0,0.0,,{},,{},1000.0,0.0,unknown,0.0,{},,55,1000,0,1000,0,0.0,0.0,1.0,0.0
2020-11-25 01:00:00,18718.83,18915.03,16188.0,17149.47,181005.246693,0.00081176,94,0.0,0.0,unknown,,1000.0,0.0,0.0,,{},,{},1000.0,0.0,unknown,0.0,{},,56,1000,0,1000,0,0.0,0.0,1.0,0.0
2020-11-26 01:00:00,17149.47,17457.62,16438.08,17139.52,85297.024787,0.00075292,93,0.0,0.0,unknown,,1000.0,0.0,0.0,,{},,{},1000.0,0.0,unknown,0.0,{},,57,1000,0,1000,0,0.0,0.0,1.0,0.0
2020-11-27 01:00:00,17139.53,17880.49,16865.56,17719.85,64910.69997,0.00028796,86,0.0,0.0,unknown,,1000.0,0.0,0.0,,{},,{},1000.0,0.0,unknown,0.0,{},,58,1000,0,1000,0,0.0,0.0,1.0,0.0
2020-11-28 01:00:00,17719.84,18360.05,17517.0,18184.99,55329.016303,0.0001,87,0.0,0.0,unknown,,1000.0,0.0,0.0,,{},,{},1000.0,0.0,unknown,0.0,{},,59,1000,0,1000,0,0.0,0.0,1.0,0.0
2020-11-29 01:00:00,18185.0,19863.16,18184.99,19695.87,115463.466888,0.0001,89,0.0,0.0,unknown,,1000.0,0.0,0.0,,{},,{},1000.0,0.0,unknown,0.0,{},,60,1000,0,1000,0,0.0,0.0,1.0,0.0
2020-11-30 01:00:00,19695.87,19888.0,18001.12,18764.96,127698.762652,0.0001,88,0.0,0.0,unknown,,1000.0,0.0,0.0,,{},,{},1000.0,0.0,unknown,0.0,{},,61,1000,0,1000,0,0.0,0.0,1.0,0.0
2020-12-01 01:00:00,18764.96,19342.0,18330.0,19204.09,75911.013478,0.00045929,95,0.0,0.0,unknown,,1000.0,0.0,0.0,,{},,{},1000.0,0.0,unknown,0.0,{},,62,1000,0,1000,0,0.0,0.0,1.0,0.0
2020-12-02 01:00:00,19204.08,19598.0,18867.2,19421.9,66689.391279,0.00011546,92,0.0,0.0,unknown,,1000.0,0.0,0.0,,{},,{},1000.0,0.0,unknown,0.0,{},,63,1000,0,1000,0,0.0,0.0,1.0,0.0
2020-12-03 01:00:00,19422.34,19527.0,18565.31,18650.52,71283.6682,0.0001,92,0.0,0.0,unknown,,1000.0,0.0,0.0,,{},,{},1000.0,0.0,unknown,0.0,{},,64,1000,0,1000,0,0.0,0.0,1.0,0.0
2020-12-04 01:00:00,18650.51,19177.0,18500.0,19147.66,42922.748573,0.00025455,92,0.0,0.0,unknown,,1000.0,0.0,0.0,,{},,{},1000.0,0.0,unknown,0.0,{},,65,1000,0,1000,0,0.0,0.0,1.0,0.0
2020-12-05 01:00:00,19147.66,19420.0,18857.0,19359.4,37043.091861,0.0001,93,0.0,0.0,unknown,,1000.0,0.0,0.0,,{},,{},1000.0,0.0,unknown,0.0,{},,66,1000,0,1000,0,0.0,0.0,1.0,0.0
2020-12-06 01:00:00,19358.67,19420.91,18902.88,19166.9,41372.296293,0.0001,95,0.0,0.0,unknown,,1000.0,0.0,0.0,,{},,{},1000.0,0.0,unknown,0.0,{},,67,1000,0,1000,0,0.0,0.0,1.0,0.0
2020-12-07 01:00:00,19166.9,19294.84,18200.0,18324.11,61626.947614,0.0001,94,0.0,0.0,unknown,,1000.0,0.0,0.0,,{},,{},1000.0,0.0,unknown,0.0,{},,68,1000,0,1000,0,0.0,0.0,1.0,0.0
2020-12-08 01:00:00,18324.11,18639.57,17650.0,18541.28,79585.553801,0.0001,95,0.0,0.0,unknown,,1000.0,0.0,0.0,,{},,{},1000.0,0.0,unknown,0.0,{},,69,1000,0,1000,0,0.0,0.0,1.0,0.0
2020-12-09 01:00:00,18541.29,18557.32,17911.12,18254.63,52890.675094,0.0001,86,0.0,0.0,unknown,,1000.0,0.0,0.0,,{},,{},1000.0,0.0,unknown,0.0,{},,70,1000,0,1000,0,0.0,0.0,1.0,0.0
2020-12-10 01:00:00,18254.81,18292.73,17572.33,18036.53,72610.724259,0.0001,94,0.0,0.0,unknown,,1000.0,0.0,0.0,,{},,{},1000.0,0.0,unknown,0.0,{},,71,1000,0,1000,0,0.0,0.0,1.0,0.0
2020-12-11 01:00:00,18036.53,18948.66,18020.7,18808.69,49519.978432,0.0001,89,0.0,0.0,unknown,,1000.0,0.0,0.0,,{},,{},1000.0,0.0,unknown,0.0,{},,72,1000,0,1000,0,0.0,0.0,1.0,0.0
2020-12-12 01:00:00,18808.69,19411.0,18711.12,19174.99,56560.821744,0.0001,90,0.0,0.0,unknown,,1000.0,0.0,0.0,,{},,{},1000.0,0.0,unknown,0.0,{},,73,1000,0,1000,0,0.0,0.0,1.0,0.0
2020-12-13 01:00:00,19174.99,19349.0,19000.0,19273.14,47257.201294,4.314e-05,91,0.0,0.0,unknown,,1000.0,0.0,0.0,,{},,{},1000.0,0.0,unknown,0.0,{},,74,1000,0,1000,0,0.0,0.0,1.0,0.0
2020-12-14 01:00:00,19273.69,19570.0,19050.0,19426.43,61834.366011,0.0001,95,0.0,0.0,unknown,,1000.0,0.0,0.0,,{},,{},1000.0,0.0,unknown,0.0,{},,75,1000,0,1000,0,0.0,0.0,1.0,0.0
2020-12-15 01:00:00,19426.43,21560.0,19278.6,21335.52,114306.33557,0.0001,91,0.0,0.0,unknown,,1000.0,0.0,0.0,,{},,{},1000.0,0.0,unknown,0.0,{},,76,1000,0,1000,0,0.0,0.0,1.0,0.0
2020-12-16 01:00:00,21335.52,23800.0,21230.0,22797.16,184882.476748,0.0001,92,0.0,0.0,unknown,,1000.0,0.0,0.0,,{},,{},1000.0,0.0,unknown,0.0,{},,77,1000,0,1000,0,0.0,0.0,1.0,0.0
2020-12-17 01:00:00,22797.15,23285.18,22350.0,23107.39,79646.134315,0.0001,92,0.0,0.0,unknown,,1000.0,0.0,0.0,,{},,{},1000.0,0.0,unknown,0.0,{},,78,1000,0,1000,0,0.0,0.0,1.0,0.0
2020-12-18 01:00:00,23107.39,24171.47,22750.0,23821.61,86045.064677,0.00028532,95,0.0,0.0,unknown,,1000.0,0.0,0.0,,{},,{},1000.0,0.0,unknown,0.0,{},,79,1000,0,1000,0,0.0,0.0,1.0,0.0
2020-12-19 01:00:00,23821.6,24295.0,23060.0,23455.52,76690.145685,0.0001,93,0.0,0.0,unknown,,1000.0,0.0,0.0,,{},,{},1000.0,0.0,unknown,0.0,{},,80,1000,0,1000,0,0.0,0.0,1.0,0.0
2020-12-20 01:00:00,23455.54,24102.77,21815.0,22719.71,88030.297243,0.00070544,92,0.0,0.0,unknown,,1000.0,0.0,0.0,,{},,{},1000.0,0.0,unknown,0.0,{},,81,1000,0,1000,0,0.0,0.0,1.0,0.0
2020-12-21 01:00:00,22719.88,23837.1,22353.4,23810.79,87033.12616,0.00038896,92,0.0,0.0,unknown,,1000.0,0.0,0.0,,{},,{},1000.0,0.0,unknown,0.0,{},,82,1000,0,1000,0,0.0,0.0,1.0,0.0
2020-12-22 01:00:00,23810.79,24100.0,22600.0,23232.76,119047.259733,0.00023741,88,0.0,0.0,unknown,,1000.0,0.0,0.0,,{},,{},1000.0,0.0,unknown,0.0,{},,83,1000,0,1000,0,0.0,0.0,1.0,0.0
2020-12-23 01:00:00,23232.39,23794.43,22703.42,23729.2,69013.834252,0.0001131,93,0.0,0.0,unknown,,1000.0,0.0,0.0,,{},,{},1000.0,0.0,unknown,0.0,{},,84,1000,0,1000,0,0.0,0.0,1.0,0.0
2020-12-24 01:00:00,23728.99,24789.86,23433.6,24712.47,79519.943569,0.00010214,86,0.0,0.0,unknown,,1000.0,0.0,0.0,,{},,{},1000.0,0.0,unknown,0.0,{},,85,1000,0,1000,0,0.0,0.0,1.0,0.0
2020-12-25 01:00:00,24712.47,26867.03,24500.0,26493.39,97806.513386,0.00018528,94,0.0,0.0,unknown,,1000.0,0.0,0.0,,{},,{},1000.0,0.0,unknown,0.0,{},,86,1000,0,1000,0,0.0,0.0,1.0,0.0
2020-12-26 01:00:00,26493.4,28422.0,25700.0,26281.66,148455.586214,0.00034905,93,0.0,0.0,unknown,,1000.0,0.0,0.0,,{},,{},1000.0,0.0,unknown,0.0,{},,87,1000,0,1000,0,0.0,0.0,1.0,0.0
2020-12-27 01:00:00,26281.54,27500.0,26101.0,27079.41,79721.742496,0.0001994,91,0.0,0.0,unknown,,1000.0,0.0,0.0,,{},,{},1000.0,0.0,unknown,0.0,{},,88,1000,0,1000,0,0.0,0.0,1.0,0.0
2020-12-28 01:00:00,27079.42,27410.0,25880.0,27385.0,69411.592606,0.00071164,92,0.0,0.0,unknown,,1000.0,0.0,0.0,,{},,{},1000.0,0.0,unknown,0.0,{},,89,1000,0,1000,0,0.0,0.0,1.0,0.0
2020-12-29 01:00:00,27385.0,28996.0,27320.0,28875.54,95356.057826,0.00071278,91,0.0,0.0,unknown,,1000.0,0.0,0.0,,{},,{},1000.0,0.0,unknown,0.0,{},,90,1000,0,1000,0,0.0,0.0,1.0,0.0
2020-12-30 01:00:00,28875.55,29300.0,27850.0,28923.63,75508.505152,0.00039914,91,0.0,0.0,unknown,,1000.0,0.0,0.0,,{},,{},1000.0,0.0,unknown,0.0,{},,91,1000,0,1000,0,0.0,0.0,1.0,0.0
2020-12-31 01:00:00,28923.63,29600.0,28624.57,29331.69,54182.925011,0.0006288,95,0.0,0.0,unknown,,1000.0,0.0,0.0,,{},,{},1000.0,0.0,unknown,0.0,{},,92,1000,0,1000,0,0.0,0.0,1.0,0.0
2021-01-01 01:00:00,29331.7,33300.0,28946.53,32178.33,129993.873362,0.00036744,94,0.0,0.0,unknown,,1000.0,0.0,0.0,,{},,{},1000.0,0.0,unknown,0.0,{},,93,1000,0,1000,0,0.0,0.0,1.0,0.0
2021-01-02 01:00:00,32176.45,34778.11,31962.99,33000.05,120957.56675,0.0001,94,0.0,0.0,unknown,,1000.0,0.0,0.0,,{},,{},1000.0,0.0,unknown,0.0,{},,94,1000,0,1000,0,0.0,0.0,1.0,0.0
2021-01-03 01:00:00,33000.05,33600.0,28130.0,31988.71,140899.88569,0.00115471,93,0.0,0.0,unknown,,1000.0,0.0,0.0,,{},,{},1000.0,0.0,unknown,0.0,{},,95,1000,0,1000,0,0.0,0.0,1.0,0.0
2021-01-04 01:00:00,31989.75,34360.0,29900.0,33949.53,116049.997038,0.00164126,94,0.0,0.0,unknown,,1000.0,0.0,0.0,,{},,{},1000.0,0.0,unknown,0.0,{},,96,1000,0,1000,0,0.0,0.0,1.0,0.0
2021-01-05 01:00:00,33949.53,36939.21,33288.0,36769.36,127139.20131,0.00056137,93,0.0,0.0,unknown,,1000.0,0.0,0.0,,{},,{},1000.0,0.0,unknown,0.0,{},,97,1000,0,1000,0,0.0,0.0,1.0,0.0
2021-01-06 01:00:00,36769.36,40365.0,36300.0,39432.28,132825.700437,0.00062904,95,0.0,0.0,unknown,,1000.0,0.0,0.0,,{},,{},1000.0,0.0,unknown,0.0,{},,98,1000,0,1000,0,0.0,0.0,1.0,0.0
2021-01-07 01:00:00,39432.48,41950.0,36500.0,40582.81,139789.957499,0.00149253,91,0.0,0.0,unknown,,1000.0,0.0,0.0,,{},,{},1000.0,0.0,unknown,0.0,{},,99,1000,0,1000,0,0.0,0.0,1.0,0.0
2021-01-08 01:00:00,40586.96,41380.0,38720.0,40088.22,75785.979675,0.00213517,93,0.0,0.0,unknown,,1000.0,0.0,0.0,,{},,{},1000.0,0.0,unknown,0.0,{},,100,1000,0,1000,0,0.0,0.0,1.0,0.0
2021-01-09 01:00:00,40088.22,41350.0,35111.11,38150.02,118209.544503,0.00131892,93,0.0,0.0,unknown,,1000.0,0.0,0.0,,{},,{},1000.0,0.0,unknown,0.0,{},,101,1000,0,1000,0,0.0,0.0,1.0,0.0
2021-01-10 01:00:00,38150.02,38264.74,30420.0,35404.47,251156.138287,0.00145604,94,0.0,0.0,unknown,,1000.0,0.0,0.0,,{},,{},1000.0,0.0,unknown,0.0,{},,102,1000,0,1000,0,0.0,0.0,1.0,0.0
2021-01-11 01:00:00,35410.37,36628.0,32531.0,34051.24,133948.151996,0.00086486,90,0.0,0.0,unknown,,1000.0,0.0,0.0,,{},,{},1000.0,0.0,unknown,0.0,{},,103,1000,0,1000,0,0.0,0.0,1.0,0.0
2021-01-12 01:00:00,34049.15,37850.0,32380.0,37371.38,124477.914938,0.00033526,84,0.0,0.0,unknown,,1000.0,0.0,0.0,,{},,{},1000.0,0.0,unknown,0.0,{},,104,1000,0,1000,0,0.0,0.0,1.0,0.0
2021-01-13 01:00:00,37371.38,40100.0,36701.23,39144.5,102950.389421,0.00054945,78,0.0,0.0,unknown,,1000.0,0.0,0.0,,{},,{},1000.0,0.0,unknown,0.0,{},,105,1000,0,1000,0,0.0,0.0,1.0,0.0
2021-01-14 01:00:00,39145.21,39747.76,34408.0,36742.22,118300.920916,0.00078331,83,0.0,0.0,unknown,,1000.0,0.0,0.0,,{},,{},1000.0,0.0,unknown,0.0,{},,106,1000,0,1000,0,0.0,0.0,1.0,0.0
2021-01-15 01:00:00,36737.43,37950.0,35357.8,35994.98,86348.431508,0.00068503,88,0.0,0.0,unknown,,1000.0,0.0,0.0,,{},,{},1000.0,0.0,unknown,0.0,{},,107,1000,0,1000,0,0.0,0.0,1.0,0.0
2021-01-16 01:00:00,35994.98,36852.5,33850.0,35828.61,80157.727384,0.0001,84,0.0,0.0,unknown,,1000.0,0.0,0.0,,{},,{},1000.0,0.0,unknown,0.0,{},,108,1000,0,1000,0,0.0,0.0,1.0,0.0
2021-01-17 01:00:00,35824.99,37469.83,34800.0,36631.27,70698.11875,0.00068496,79,0.0,0.0,unknown,,1000.0,0.0,0.0,,{},,{},1000.0,0.0,unknown,0.0,{},,109,1000,0,1000,0,0.0,0.0,1.0,0.0
2021-01-18 01:00:00,36622.46,37850.0,35844.06,35891.49,79611.307769,0.00055375,79,0.0,0.0,unknown,,1000.0,0.0,0.0,,{},,{},1000.0,0.0,unknown,0.0,{},,110,1000,0,1000,0,0.0,0.0,1.0,0.0
2021-01-19 01:00:00,35901.94,36415.31,33400.0,35468.23,89368.422918,0.0006167,80,0.0,0.0,unknown,,1000.0,0.0,0.0,,{},,{},1000.0,0.0,unknown,0.0,{},,111,1000,0,1000,0,0.0,0.0,1.0,0.0
2021-01-20 01:00:00,35468.23,35600.0,30071.0,30850.13,135004.076658,0.00158467,78,0.0,0.0,unknown,,1000.0,0.0,0.0,,{},,{},1000.0,0.0,unknown,0.0,{},,112,1000,0,1000,0,0.0,0.0,1.0,0.0
2021-01-21 01:00:00,30851.99,33826.53,28850.0,32945.17,142971.684049,0.00042078,75,0.0,0.0,unknown,,1000.0,0.0,0.0,,{},,{},1000.0,0.0,unknown,0.0,{},,113,1000,0,1000,0,0.0,0.0,1.0,0.0
2021-01-22 01:00:00,32950.0,33456.0,31390.16,32078.0,64595.287675,0.00026589,40,0.0,0.0,unknown,,1000.0,0.0,0.0,,{},,{},1000.0,0.0,unknown,0.0,{},,114,1000,0,1000,0,0.0,0.0,1.0,0.0
2021-01-23 01:00:00,32078.0,33071.0,30900.0,32259.9,57978.037966,0.0001,74,0.0,0.0,unknown,,1000.0,0.0,0.0,,{},,{},1000.0,0.0,unknown,0.0,{},,115,1000,0,1000,0,0.0,0.0,1.0,0.0
2021-01-24 01:00:00,32259.45,34875.0,31910.0,32254.2,88499.226921,0.0001,70,0.0,0.0,unknown,,1000.0,0.0,0.0,,{},,{},1000.0,0.0,unknown,0.0,{},,116,1000,0,1000,0,0.0,0.0,1.0,0.0
2021-01-25 01:00:00,32254.19,32921.88,30837.37,32467.77,84972.20691,0.00041388,74,0.0,0.0,unknown,,1000.0,0.0,0.0,,{},,{},1000.0,0.0,unknown,0.0,{},,117,1000,0,1000,0,0.0,0.0,1.0,0.0
2021-01-26 01:00:00,32464.01,32557.29,29241.72,30366.15,95911.961711,0.00042414,71,0.0,0.0,unknown,,1000.0,0.0,0.0,,{},,{},1000.0,0.0,unknown,0.0,{},,118,1000,0,1000,0,0.0,0.0,1.0,0.0
2021-01-27 01:00:00,30362.19,33783.98,29842.1,33364.86,92621.145617,0.0001,78,0.0,0.0,unknown,,1000.0,0.0,0.0,,{},,{},1000.0,0.0,unknown,0.0,{},,119,1000,0,1000,0,0.0,0.0,1.0,0.0
2021-01-28 01:00:00,33368.18,38531.9,31915.4,34252.2,231827.005626,0.0001,55,0.0,0.0,unknown,,1000.0,0.0,0.0,,{},,{},1000.0,0.0,unknown,0.0,{},,120,1000,0,1000,0,0.0,0.0,1.0,0.0
2021-01-29 01:00:00,34246.28,34933.0,32825.0,34262.88,84889.68134,0.00022262,77,0.0,0.0,unknown,,1000.0,0.0,0.0,,{},,{},1000.0,0.0,unknown,0.0,{},,121,1000,0,1000,0,0.0,0.0,1.0,0.0
2021-01-30 01:00:00,34262.89,34342.69,32171.67,33092.98,68742.280384,0.00039208,76,0.0,0.0,unknown,,1000.0,0.0,0.0,,{},,{},1000.0,0.0,unknown,0.0,{},,122,1000,0,1000,0,0.0,0.0,1.0,0.0
2021-01-31 01:00:00,33092.97,34717.27,32296.16,33526.37,82718.276882,0.00052428,78,0.0,0.0,unknown,,1000.0,0.0,0.0,,{},,{},1000.0,0.0,unknown,0.0,{},,123,1000,0,1000,0,0.0,0.0,1.0,0.0
2021-02-01 01:00:00,33517.09,35984.33,33418.0,35466.24,78056.65988,0.00044234,77,0.0,0.0,unknown,,1000.0,0.0,0.0,,{},,{},1000.0,0.0,unknown,0.0,{},,124,1000,0,1000,0,0.0,0.0,1.0,0.0
2021-02-02 01:00:00,35472.71,37662.63,35362.38,37618.87,80784.333663,0.00036787,76,0.0,0.0,unknown,,1000.0,0.0,0.0,,{},,{},1000.0,0.0,unknown,0.0,{},,125,1000,0,1000,0,0.0,0.0,1.0,0.0
2021-02-03 01:00:00,37620.26,38708.27,36161.95,36936.66,92080.735898,0.00122181,78,0.0,0.0,unknown,,1000.0,0.0,0.0,,{},,{},1000.0,0.0,unknown,0.0,{},,126,1000,0,1000,0,0.0,0.0,1.0,0.0
2021-02-04 01:00:00,36936.65,38310.12,36570.0,38290.24,66681.334275,0.00075287,80,0.0,0.0,unknown,,1000.0,0.0,0.0,,{},,{},1000.0,0.0,unknown,0.0,{},,127,1000,0,1000,0,0.0,0.0,1.0,0.0
2021-02-05 01:00:00,38289.32,40955.51,38215.94,39186.94,98757.311183,0.00061936,81,0.0,0.0,unknown,,1000.0,0.0,0.0,,{},,{},1000.0,0.0,unknown,0.0,{},,128,1000,0,1000,0,0.0,0.0,1.0,0.0
2021-02-06 01:00:00,39181.01,39700.0,37351.0,38795.69,84363.679763,0.00099154,84,0.0,0.0,unknown,,1000.0,0.0,0.0,,{},,{},1000.0,0.0,unknown,0.0,{},,129,1000,0,1000,0,0.0,0.0,1.0,0.0
2021-02-07 01:00:00,38795.69,46794.45,37988.89,46374.87,138597.536914,0.00155546,86,0.0,0.0,unknown,,1000.0,0.0,0.0,,{},,{},1000.0,0.0,unknown,0.0,{},,130,1000,0,1000,0,0.0,0.0,1.0,0.0
2021-02-08 01:00:00,46374.86,48142.19,44961.09,46420.42,115499.861712,0.00059267,83,0.0,0.0,unknown,,1000.0,0.0,0.0,,{},,{},1000.0,0.0,unknown,0.0,{},,131,1000,0,1000,0,0.0,0.0,1.0,0.0
2021-02-09 01:00:00,46420.42,47310.0,43727.0,44807.58,97154.1822,0.00248993,95,0.0,0.0,unknown,,1000.0,0.0,0.0,,{},,{},1000.0,0.0,unknown,0.0,{},,132,1000,0,1000,0,0.0,0.0,1.0,0.0
2021-02-10 01:00:00,44807.58,48678.9,43994.02,47969.51,89561.081454,0.00161159,92,0.0,0.0,unknown,,1000.0,0.0,0.0,,{},,{},1000.0,0.0,unknown,0.0,{},,133,1000,0,1000,0,0.0,0.0,1.0,0.0
2021-02-11 01:00:00,47968.66,48985.8,46125.0,47287.6,85870.035697,0.00076742,93,0.0,0.0,unknown,,1000.0,0.0,0.0,,{},,{},1000.0,0.0,unknown,0.0,{},,134,1000,0,1000,0,0.0,0.0,1.0,0.0
2021-02-12 01:00:00,47298.15,48150.0,46202.53,47153.69,63768.097399,0.00128772,92,0.0,0.0,unknown,,1000.0,0.0,0.0,,{},,{},1000.0,0.0,unknown,0.0,{},,135,1000,0,1000,0,0.0,0.0,1.0,0.0
2021-02-13 01:00:00,47156.78,49707.43,47014.17,48577.79,73735.475533,0.00105533,92,0.0,0.0,unknown,,1000.0,0.0,0.0,,{},,{},1000.0,0.0,unknown,0.0,{},,136,1000,0,1000,0,0.0,0.0,1.0,0.0
2021-02-14 01:00:00,48580.47,49010.92,45570.79,47911.1,79398.156784,0.00075946,95,0.0,0.0,unknown,,1000.0,0.0,0.0,,{},,{},1000.0,0.0,unknown,0.0,{},,137,1000,0,1000,0,0.0,0.0,1.0,0.0
2021-02-15 01:00:00,47911.1,50689.18,47003.62,49133.45,88813.266298,0.0011786,93,0.0,0.0,unknown,,1000.0,0.0,0.0,,{},,{},1000.0,0.0,unknown,0.0,{},,138,1000,0,1000,0,0.0,0.0,1.0,0.0
2021-02-16 01:00:00,49133.45,52618.74,48947.0,52119.71,85743.637818,0.00068133,95,0.0,0.0,unknown,,1000.0,0.0,0.0,,{},,{},1000.0,0.0,unknown,0.0,{},,139,1000,0,1000,0,0.0,0.0,1.0,0.0
2021-02-17 01:00:00,52117.67,52530.0,50901.9,51552.6,60758.046954,0.00141818,95,0.0,0.0,unknown,,1000.0,0.0,0.0,,{},,{},1000.0,0.0,unknown,0.0,{},,140,1000,0,1000,0,0.0,0.0,1.0,0.0
2021-02-18 01:00:00,51552.61,56368.0,50710.2,55906.0,79659.77802,0.00147112,91,0.0,0.0,unknown,,1000.0,0.0,0.0,,{},,{},1000.0,0.0,unknown,0.0,{},,141,1000,0,1000,0,0.0,0.0,1.0,0.0
2021-02-19 01:00:00,55906.0,57700.46,53863.93,55841.19,80948.205314,0.00125842,93,0.0,0.0,unknown,,1000.0,0.0,0.0,,{},,{},1000.0,0.0,unknown,0.0,{},,142,1000,0,1000,0,0.0,0.0,1.0,0.0
2021-02-20 01:00:00,55841.19,58352.8,55477.59,57408.57,58166.708511,0.00156318,91,0.0,0.0,unknown,,1000.0,0.0,0.0,,{},,{},1000.0,0.0,unknown,0.0,{},,143,1000,0,1000,0,0.0,0.0,1.0,0.0
2021-02-21 01:00:00,57412.35,57508.47,47622.0,54087.67,134019.434944,0.00122535,91,0.0,0.0,unknown,,1000.0,0.0,0.0,,{},,{},1000.0,0.0,unknown,0.0,{},,144,1000,0,1000,0,0.0,0.0,1.0,0.0
2021-02-22 01:00:00,54087.67,54183.59,44892.56,48891.0,169375.025051,0.0012582,94,0.0,0.0,unknown,,1000.0,0.0,0.0,,{},,{},1000.0,0.0,unknown,0.0,{},,145,1000,0,1000,0,0.0,0.0,1.0,0.0
2021-02-23 01:00:00,48891.0,51374.99,46988.69,49676.2,91881.209252,0.00024947,94,0.0,0.0,unknown,,1000.0,0.0,0.0,,{},,{},1000.0,0.0,unknown,0.0,{},,146,1000,0,1000,0,0.0,0.0,1.0,0.0
2021-02-24 01:00:00,49676.21,52041.73,46674.34,47073.73,83310.673121,0.00013281,76,0.0,0.0,unknown,,1000.0,0.0,0.0,,{},,{},1000.0,0.0,unknown,0.0,{},,147,1000,0,1000,0,0.0,0.0,1.0,0.0
2021-02-25 01:00:00,47073.73,48424.11,44106.78,46276.87,109423.200663,0.00037289,79,0.0,0.0,unknown,,1000.0,0.0,0.0,,{},,{},1000.0,0.0,unknown,0.0,{},,148,1000,0,1000,0,0.0,0.0,1.0,0.0
2021-02-26 01:00:00,46276.88,48394.0,45000.0,46106.43,66060.834292,0.0001,55,0.0,0.0,unknown,,1000.0,0.0,0.0,,{},,{},1000.0,0.0,unknown,0.0,{},,149,1000,0,1000,0,0.0,0.0,1.0,0.0
2021-02-27 01:00:00,46103.67,46638.46,43000.0,45135.66,83055.369042,0.0001,56,0.0,0.0,unknown,,1000.0,0.0,0.0,,{},,{},1000.0,0.0,unknown,0.0,{},,150,1000,0,1000,0,0.0,0.0,1.0,0.0
2021-02-28 01:00:00,45134.11,49790.0,44950.53,49587.03,85086.111648,0.00010038,55,0.0,0.0,unknown,,1000.0,0.0,0.0,,{},,{},1000.0,0.0,unknown,0.0,{},,151,1000,0,1000,0,0.0,0.0,1.0,0.0
2021-03-01 01:00:00,49595.76,50200.0,47047.6,48440.65,64221.06214,0.00016921,38,0.0,0.0,unknown,,1000.0,0.0,0.0,,{},,{},1000.0,0.0,unknown,0.0,{},,152,1000,0,1000,0,0.0,0.0,1.0,0.0
2021-03-02 01:00:00,48436.61,52640.0,48100.71,50349.37,81035.913705,0.0001,78,0.0,0.0,unknown,,1000.0,0.0,0.0,,{},,{},1000.0,0.0,unknown,0.0,{},,153,1000,0,1000,0,0.0,0.0,1.0,0.0
2021-03-03 01:00:00,50349.37,51773.88,47500.0,48374.09,82649.716829,0.0001,78,0.0,0.0,unknown,,1000.0,0.0,0.0,,{},,{},1000.0,0.0,unknown,0.0,{},,154,1000,0,1000,0,0.0,0.0,1.0,0.0
2021-03-04 01:00:00,48374.09,49448.93,46300.0,48751.71,78192.496372,0.0001,84,0.0,0.0,unknown,,1000.0,0.0,0.0,,{},,{},1000.0,0.0,unknown,0.0,{},,155,1000,0,1000,0,0.0,0.0,1.0,0.0
2021-03-05 01:00:00,48746.81,49200.0,47070.0,48882.2,44399.234242,0.0001,77,0.0,0.0,unknown,,1000.0,0.0,0.0,,{},,{},1000.0,0.0,unknown,0.0,{},,156,1000,0,1000,0,0.0,0.0,1.0,0.0
2021-03-06 01:00:00,48882.2,51450.03,48882.2,50971.75,55235.028032,0.0001,77,0.0,0.0,unknown,,1000.0,0.0,0.0,,{},,{},1000.0,0.0,unknown,0.0,{},,157,1000,0,1000,0,0.0,0.0,1.0,0.0
2021-03-07 01:00:00,50959.11,52402.78,49274.67,52375.17,66987.359664,0.0001,76,0.0,0.0,unknown,,1000.0,0.0,0.0,,{},,{},1000.0,0.0,unknown,0.0,{},,158,1000,0,1000,0,0.0,0.0,1.0,0.0
2021-03-08 01:00:00,52375.18,54895.0,51789.41,54884.5,71656.737076,0.0001,81,0.0,0.0,unknown,,1000.0,0.0,0.0,,{},,{},1000.0,0.0,unknown,0.0,{},,159,1000,0,1000,0,0.0,0.0,1.0,0.0
2021-03-09 01:00:00,54874.67,57387.69,53005.0,55851.59,84749.238943,0.00072419,81,0.0,0.0,unknown,,1000.0,0.0,0.0,,{},,{},1000.0,0.0,unknown,0.0,{},,160,1000,0,1000,0,0.0,0.0,1.0,0.0
2021-03-10 01:00:00,55851.59,58150.0,54272.82,57773.16,81914.812859,0.00057038,68,0.0,0.0,unknown,,1000.0,0.0,0.0,,{},,{},1000.0,0.0,unknown,0.0,{},,161,1000,0,1000,0,0.0,0.0,1.0,0.0
2021-03-11 01:00:00,57773.15,58081.51,54962.84,57221.72,73405.406047,0.00095931,73,0.0,0.0,unknown,,1000.0,0.0,0.0,,{},,{},1000.0,0.0,unknown,0.0,{},,162,1000,0,1000,0,0.0,0.0,1.0,0.0
2021-03-12 01:00:00,57221.72,61844.0,56078.23,61188.39,83245.091346,0.00085439,70,0.0,0.0,unknown,,1000.0,0.0,0.0,,{},,{},1000.0,0.0,unknown,0.0,{},,163,1000,0,1000,0,0.0,0.0,1.0,0.0
2021-03-13 01:00:00,61188.38,61724.79,58966.78,58968.31,52601.05275,0.00047834,74,0.0,0.0,unknown,,1000.0,0.0,0.0,,{},,{},1000.0,0.0,unknown,0.0,{},,164,1000,0,1000,0,0.0,0.0,1.0,0.0
2021-03-14 01:00:00,58976.08,60633.43,54600.0,55605.2,102771.427298,0.00057114,78,0.0,0.0,unknown,,1000.0,0.0,0.0,,{},,{},1000.0,0.0,unknown,0.0,{},,165,1000,0,1000,0,0.0,0.0,1.0,0.0
2021-03-15 01:00:00,55605.2,56938.29,53271.34,56900.75,77986.694355,0.00115069,76,0.0,0.0,unknown,,1000.0,0.0,0.0,,{},,{},1000.0,0.0,unknown,0.0,{},,166,1000,0,1000,0,0.0,0.0,1.0,0.0
2021-03-16 01:00:00,56900.74,58974.73,54123.69,58912.97,70421.620841,0.00015776,71,0.0,0.0,unknown,,1000.0,0.0,0.0,,{},,{},1000.0,0.0,unknown,0.0,{},,167,1000,0,1000,0,0.0,0.0,1.0,0.0
2021-03-17 01:00:00,58912.97,60129.97,57023.0,57648.16,66580.406675,0.00040673,71,0.0,0.0,unknown,,1000.0,0.0,0.0,,{},,{},1000.0,0.0,unknown,0.0,{},,168,1000,0,1000,0,0.0,0.0,1.0,0.0
2021-03-18 01:00:00,57641.0,59468.0,56270.74,58030.01,52392.652961,0.00024575,72,0.0,0.0,unknown,,1000.0,0.0,0.0,,{},,{},1000.0,0.0,unknown,0.0,{},,169,1000,0,1000,0,0.0,0.0,1.0,0.0
2021-03-19 01:00:00,58030.01,59880.0,57820.17,58102.28,44476.941776,0.00032547,71,0.0,0.0,unknown,,1000.0,0.0,0.0,,{},,{},1000.0,0.0,unknown,0.0,{},,170,1000,0,1000,0,0.0,0.0,1.0,0.0
2021-03-20 01:00:00,58100.02,58589.1,55450.11,57351.56,48564.470274,0.0004928,75,0.0,0.0,unknown,,1000.0,0.0,0.0,,{},,{},1000.0,0.0,unknown,0.0,{},,171,1000,0,1000,0,0.0,0.0,1.0,0.0
2021-03-21 01:00:00,57351.56,58430.73,53650.0,54083.25,62581.626169,0.00031366,73,0.0,0.0,unknown,,1000.0,0.0,0.0,,{},,{},1000.0,0.0,unknown,0.0,{},,172,1000,0,1000,0,0.0,0.0,1.0,0.0
2021-03-22 01:00:00,54083.25,55830.9,53000.0,54340.89,59789.365427,0.0001,70,0.0,0.0,unknown,,1000.0,0.0,0.0,,{},,{},1000.0,0.0,unknown,0.0,{},,173,1000,0,1000,0,0.0,0.0,1.0,0.0
2021-03-23 01:00:00,54342.8,57200.0,51700.0,52303.65,83537.465021,0.0002421,66,0.0,0.0,unknown,,1000.0,0.0,0.0,,{},,{},1000.0,0.0,unknown,0.0,{},,174,1000,0,1000,0,0.0,0.0,1.0,0.0
2021-03-24 01:00:00,52303.66,53287.0,50427.56,51293.78,87400.534538,0.00042245,65,0.0,0.0,unknown,,1000.0,0.0,0.0,,{},,{},1000.0,0.0,unknown,0.0,{},,175,1000,0,1000,0,0.0,0.0,1.0,0.0
2021-03-25 01:00:00,51293.78,55073.46,51214.6,55025.59,63813.774692,0.00011828,60,0.0,0.0,unknown,,1000.0,0.0,0.0,,{},,{},1000.0,0.0,unknown,0.0,{},,176,1000,0,1000,0,0.0,0.0,1.0,0.0
2021-03-26 01:00:00,55025.59,56700.36,53950.0,55817.14,50105.475055,0.0001,54,0.0,0.0,unknown,,1000.0,0.0,0.0,,{},,{},1000.0,0.0,unknown,0.0,{},,177,1000,0,1000,0,0.0,0.0,1.0,0.0
2021-03-27 01:00:00,55817.14,56559.75,54691.84,55777.63,39050.387511,0.0001,65,0.0,0.0,unknown,,1000.0,0.0,0.0,,{},,{},1000.0,0.0,unknown,0.0,{},,178,1000,0,1000,0,0.0,0.0,1.0,0.0
2021-03-28 01:00:00,55777.65,58405.82,54800.01,57635.47,67857.937398,0.0001,74,0.0,0.0,unknown,,1000.0,0.0,0.0,,{},,{},1000.0,0.0,unknown,0.0,{},,179,1000,0,1000,0,0.0,0.0,1.0,0.0
2021-03-29 02:00:00,57635.46,59368.0,57071.35,58746.57,55122.443122,0.0001,72,0.0,0.0,unknown,,1000.0,0.0,0.0,,{},,{},1000.0,0.0,unknown,0.0,{},,180,1000,0,1000,0,0.0,0.0,1.0,0.0
