timestamp,fear_greed,classification
2024-04-01,79,Extreme Greed
2024-04-02,79,Extreme Greed
2024-04-03,71,Greed
2024-04-04,70,Greed
2024-04-05,79,Extreme Greed
2024-04-06,75,Greed
2024-04-07,78,Extreme Greed
2024-04-08,76,Extreme Greed
2024-04-09,80,Extreme Greed
2024-04-10,78,Extreme Greed
2024-04-11,76,Extreme Greed
2024-04-12,79,Extreme Greed
2024-04-13,72,Greed
2024-04-14,72,Greed
2024-04-15,74,Greed
2024-04-16,65,Greed
2024-04-17,67,Greed
2024-04-18,57,Greed
2024-04-19,66,Greed
2024-04-20,66,Greed
2024-04-21,72,Greed
2024-04-22,73,Greed
2024-04-23,71,Greed
2024-04-24,72,Greed
2024-04-25,72,Greed
2024-04-26,70,Greed
2024-04-27,67,Greed
2024-04-28,65,Greed
2024-04-29,67,Greed
2024-04-30,67,Greed
2024-05-01,54,Neutral
2024-05-02,43,Fear
2024-05-03,48,Neutral
2024-05-04,67,Greed
2024-05-05,69,Greed
2024-05-06,71,Greed
2024-05-07,68,Greed
2024-05-08,64,Greed
2024-05-09,55,Greed
2024-05-10,66,Greed
2024-05-11,53,Neutral
2024-05-12,56,Greed
2024-05-13,57,Greed
2024-05-14,66,Greed
2024-05-15,64,Greed
2024-05-16,70,Greed
2024-05-17,74,Greed
2024-05-18,73,Greed
2024-05-19,72,Greed
2024-05-20,70,Greed
2024-05-21,76,Extreme Greed
2024-05-22,76,Extreme Greed
2024-05-23,76,Extreme Greed
2024-05-24,74,Greed
2024-05-25,76,Extreme Greed
2024-05-26,75,Greed
2024-05-27,74,Greed
2024-05-28,72,Greed
2024-05-29,72,Greed
2024-05-30,73,Greed
