timestamp,open,high,low,close,volume,close_time,quote_asset_volume,number_of_trades,taker_buy_base_asset_volume,taker_buy_quote_asset_volume,ignore
2024-04-11,0.75,1.59999,0.75,0.825,34354.47842,2024-04-11 23:59:59.999,28342.4446965,110,,,0
2024-04-12,0.85716,0.94,0.6341,0.7027,1054588.769769999,2024-04-12 23:59:59.999,741059.5285173783,4241,,,0
2024-04-13,0.70148,0.91999,0.63921,0.78392,2349000.3381300047,2024-04-13 23:59:59.999,1841428.3450668731,6413,,,0
2024-04-14,0.78392,0.978,0.72516,0.91,1729560.6474400023,2024-04-14 23:59:59.999,1573900.1891704022,4803,,,0
2024-04-15,0.88565,1.04997,0.8243,0.88039,2371013.79293,2024-04-15 23:59:59.999,2087416.8331576427,5474,,,0
2024-04-16,0.86189,0.90364,0.76558,0.8261,1839813.6168600004,2024-04-16 23:59:59.999,1519870.0288880463,4646,,,0
2024-04-17,0.82311,0.8833,0.77,0.79732,1401556.216999999,2024-04-17 23:59:59.999,1117488.8029384392,3423,,,0
2024-04-18,0.79725,0.84582,0.74362,0.7852,1018220.1497399992,2024-04-18 23:59:59.999,799506.4615758474,4013,,,0
2024-04-19,0.77892,0.80686,0.68201,0.76211,1630218.5938199966,2024-04-19 23:59:59.999,1242405.8925361575,3257,,,0
2024-04-20,0.74966,0.83294,0.70403,0.8322,1127554.8229199997,2024-04-20 23:59:59.999,938351.1236340238,2476,,,0
2024-04-21,0.81976,0.85633,0.77818,0.82058,520331.7630099996,2024-04-21 23:59:59.999,426973.83809074544,1715,,,0
2024-04-22,0.82018,0.87279,0.77281,0.78774,745491.4150800003,2024-04-22 23:59:59.999,587253.4073151194,2184,,,0
2024-04-23,0.78781,0.85691,0.75777,0.81832,952990.0035500008,2024-04-23 23:59:59.999,779850.7797050368,1808,,,0
2024-04-24,0.81226,0.97735,0.81226,0.84015,1386168.8094299992,2024-04-24 23:59:59.999,1164589.7252426138,3882,,,0
2024-04-25,0.83817,0.87352,0.79512,0.8214,927676.9111800002,2024-04-25 23:59:59.999,761993.8148432522,2646,,,0
2024-04-26,0.81569,0.82127,0.767,0.7723,583420.5211500007,2024-04-26 23:59:59.999,450575.66848414554,2406,,,0
2024-04-27,0.77367,0.81122,0.7441,0.80293,639088.4924199999,2024-04-27 23:59:59.999,513143.3232187905,1892,,,0
2024-04-28,0.79827,0.83673,0.77091,0.77097,327165.8948199999,2024-04-28 23:59:59.999,252235.08992937536,1554,,,0
2024-04-29,0.77299,0.80931,0.75114,0.78497,402096.3375299997,2024-04-29 23:59:59.999,315633.56207092386,1195,,,0
2024-04-30,0.78496,0.80043,0.7,0.75008,920474.8529900004,2024-04-30 23:59:59.999,690429.7777307394,2517,,,0
2024-05-01,0.74788,0.804,0.69747,0.76926,1581041.7594,2024-05-01 23:59:59.999,1216232.183836044,3554,,,0
2024-05-02,0.7719,0.81894,0.73274,0.80868,779266.5223100013,2024-05-02 23:59:59.999,630177.2512616519,2152,,,0
2024-05-03,0.81245,0.972,0.78541,0.82224,984539.02258,2024-05-03 23:59:59.999,809527.3659261792,2137,,,0
2024-05-04,0.83088,0.85177,0.80881,0.80881,557639.8943599993,2024-05-04 23:59:59.999,451024.7229573111,1063,,,0
2024-05-05,0.81546,0.86134,0.79301,0.86094,740061.1202599987,2024-05-05 23:59:59.999,637148.2208766433,2039,,,0
2024-05-06,0.861,0.93,0.80718,0.83185,997228.7226400004,2024-05-06 23:59:59.999,829544.7129280843,3928,,,0
2024-05-07,0.83461,0.86,0.79541,0.8,587546.7261699993,2024-05-07 23:59:59.999,470037.3809359995,2064,,,0
2024-05-08,0.79708,0.81219,0.76168,0.76824,513090.1798400001,2024-05-08 23:59:59.999,394176.3997602817,1883,,,0
2024-05-09,0.76667,0.82703,0.76599,0.81882,870650.3478699997,2024-05-09 23:59:59.999,712905.9178429132,2620,,,0
2024-05-10,0.82166,0.89,0.788,0.81074,574239.8262500004,2024-05-10 23:59:59.999,465559.1967339253,1715,,,0
2024-05-11,0.81121,0.83315,0.78628,0.78701,258597.8776700002,2024-05-11 23:59:59.999,203519.11570506686,413,,,0
2024-05-12,0.7893,0.80778,0.77823,0.78528,511521.6193899995,2024-05-12 23:59:59.999,401687.6972745788,670,,,0
2024-05-13,0.78984,0.79962,0.75,0.77341,435218.4319600002,2024-05-13 23:59:59.999,336602.28746218374,1506,,,0
2024-05-14,0.76659,0.77551,0.727,0.73414,616626.7200000009,2024-05-14 23:59:59.999,452690.34022080066,1728,,,0
2024-05-15,0.73585,0.84858,0.73019,0.84701,899283.7706099999,2024-05-15 23:59:59.999,761702.346544376,2762,,,0
2024-05-16,0.84524,0.87857,0.77388,0.86953,779330.5013900006,2024-05-16 23:59:59.999,677651.2508736472,2383,,,0
2024-05-17,0.86954,0.972,0.85681,0.95386,1625650.2113599996,2024-05-17 23:59:59.999,1550642.7106078493,5634,,,0
2024-05-18,0.95386,1.04525,0.92001,0.93474,1439148.8565,2024-05-18 23:59:59.999,1345230.0021248101,3752,,,0
2024-05-19,0.93538,0.98234,0.8811,0.89793,975331.10402,2024-05-19 23:59:59.999,875779.0582326786,3678,,,0
2024-05-20,0.89777,1.02,0.87753,0.97496,984387.7726099956,2024-05-20 23:59:59.999,959738.7027838413,3365,,,0
2024-05-21,0.97772,1.0,0.9,0.93475,930517.62107,2024-05-21 23:59:59.999,869801.3462951825,3167,,,0
2024-05-22,0.93341,0.96,0.89,0.92918,990325.4656200012,2024-05-22 23:59:59.999,920190.6161447928,3850,,,0
2024-05-23,0.93946,1.14398,0.92471,1.0755,3111813.954889993,2024-05-23 23:59:59.999,3346755.9084841874,8374,,,0
2024-05-24,1.0755,1.21,1.045,1.14226,2051736.6712300023,2024-05-24 23:59:59.999,2343616.7300791824,8096,,,0
2024-05-25,1.1537,1.24968,1.14694,1.24078,3438597.5718000093,2024-05-25 23:59:59.999,4266543.095138015,9643,,,0
2024-05-26,1.24057,1.33232,1.14182,1.22321,1846755.9625499996,2024-05-26 23:59:59.999,2258970.3609507848,7612,,,0
2024-05-27,1.2225,1.30211,1.18425,1.22342,1500880.9610400016,2024-05-27 23:59:59.999,1836207.7853555586,4810,,,0
2024-05-28,1.22342,1.28999,1.18158,1.2522,921479.3403199988,2024-05-28 23:59:59.999,1153876.4299487025,4198,,,0
2024-05-29,1.25489,1.31,1.15644,1.16761,858145.6313700001,2024-05-29 23:59:59.999,1001979.4206439258,4248,,,0
2024-05-30,1.1694,1.24005,1.071,1.17883,914441.9668100002,2024-05-30 23:59:59.999,1077971.6237346327,3333,,,0
2024-05-31,1.18817,1.27724,1.15101,1.24506,639252.4912199987,2024-05-31 23:59:59.999,795907.7067183716,2238,,,0
2024-06-01,1.25206,1.45,1.22768,1.414,1219236.5577999996,2024-06-01 23:59:59.999,1724000.4927291994,4985,,,0
2024-06-02,1.41955,1.4757,1.29349,1.38197,1077551.38716,2024-06-02 23:59:59.999,1489143.690513505,2807,,,0
2024-06-03,1.379,1.49341,1.35379,1.37526,1301808.7013799984,2024-06-03 23:59:59.999,1790325.4346598564,5008,,,0
2024-06-04,1.37576,1.47099,1.32216,1.44947,1015858.6496600008,2024-06-04 23:59:59.999,1472456.6369226815,3246,,,0
2024-06-05,1.44948,1.46081,1.34359,1.3804,1231909.194340001,2024-06-05 23:59:59.999,1700527.4518669376,2553,,,0
2024-06-06,1.3801,1.40716,1.33,1.35257,583393.9788300002,2024-06-06 23:59:59.999,789081.1939460933,1120,,,0
2024-06-07,1.35158,1.412,1.20704,1.32661,1145482.3131399977,2024-06-07 23:59:59.999,1519608.2914346524,3007,,,0
2024-06-08,1.33634,1.38598,1.25018,1.26785,1405572.684259998,2024-06-08 23:59:59.999,1782055.3277390383,2958,,,0
2024-06-09,1.26682,1.34608,1.2656,1.3,470004.1672600005,2024-06-09 23:59:59.999,611005.4174380007,1161,,,0
2024-06-10,1.3,1.30278,1.18285,1.19877,1556554.4777900046,2024-06-10 23:59:59.999,1865950.8113403236,2405,,,0
2024-06-11,1.19637,1.32,1.17058,1.27372,852057.0030299999,2024-06-11 23:59:59.999,1085282.0458993714,1618,,,0
2024-06-12,1.27231,1.44275,1.18658,1.34359,1503065.6858500023,2024-06-12 23:59:59.999,2019504.0248512048,3736,,,0
2024-06-13,1.34054,1.38559,1.20111,1.23152,877317.5462799994,2024-06-13 23:59:59.999,1080434.1045947447,2763,,,0
2024-06-14,1.23,1.44228,1.14023,1.20558,1611518.6552300015,2024-06-14 23:59:59.999,1942814.6603721855,5551,,,0
2024-06-15,1.20311,1.27,1.18932,1.20888,535131.765429999,2024-06-15 23:59:59.999,646910.0885930172,1730,,,0
2024-06-16,1.21012,1.21373,1.16314,1.16426,296796.1514299999,2024-06-16 23:59:59.999,345547.8872638917,634,,,0
2024-06-17,1.17085,1.17347,1.05571,1.10394,1066780.6732200023,2024-06-17 23:59:59.999,1177661.8563944893,2450,,,0
2024-06-18,1.11448,1.16606,1.01,1.16606,1744719.904179999,2024-06-18 23:59:59.999,2034448.0914681298,3335,,,0
2024-06-19,1.16533,1.24,1.142,1.20083,1054678.48845,2024-06-19 23:59:59.999,1266489.5692854137,2066,,,0
2024-06-20,1.19632,1.2997,1.18951,1.2447,1329999.0041799983,2024-06-20 23:59:59.999,1655449.760502844,4099,,,0
2024-06-21,1.24168,1.26266,1.1716,1.20871,936802.9672500008,2024-06-21 23:59:59.999,1132323.1145447483,2263,,,0
2024-06-22,1.21587,1.2203,1.15,1.16453,279808.0106899996,2024-06-22 23:59:59.999,325844.82268882525,924,,,0
2024-06-23,1.17249,1.19213,1.0896,1.09393,453458.95654,2024-06-23 23:59:59.999,496052.35632780223,1920,,,0
2024-06-24,1.09808,1.21232,1.05,1.21146,1147281.53697,2024-06-24 23:59:59.999,1389885.6907776762,5292,,,0
2024-06-25,1.20805,1.26637,1.17762,1.23098,982462.4429700004,2024-06-25 23:59:59.999,1209391.618047211,2616,,,0
2024-06-26,1.23468,1.29243,1.188,1.188,386588.7345399996,2024-06-26 23:59:59.999,459267.4166335195,916,,,0
2024-06-27,1.1868,1.23401,1.14113,1.1637,571339.3365199986,2024-06-27 23:59:59.999,664867.5859083224,2332,,,0
2024-06-28,1.16944,1.18527,1.105,1.11468,593569.2672100003,2024-06-28 23:59:59.999,661639.7907736431,1749,,,0
2024-06-29,1.1151,1.17,1.10003,1.10531,355152.4167799999,2024-06-29 23:59:59.999,392553.5177911017,963,,,0
2024-06-30,1.11212,1.21496,1.09001,1.20515,471334.7040399999,2024-06-30 23:59:59.999,568029.0185738059,1405,,,0
2024-07-01,1.20271,1.26137,1.18015,1.19147,964084.03627,2024-07-01 23:59:59.999,1148677.206694617,3741,,,0
2024-07-02,1.19094,1.20302,1.15077,1.16682,355133.12507,2024-07-02 23:59:59.999,414376.4329941774,1046,,,0
2024-07-03,1.16673,1.19,1.0909,1.11863,667260.11793,2024-07-03 23:59:59.999,746417.1857200358,1639,,,0
2024-07-04,1.12375,1.13252,1.022,1.03743,1177841.492839999,2024-07-04 23:59:59.999,1221928.0999170004,1794,,,0
2024-07-05,1.03748,1.05387,0.90295,0.99,1981667.7809500005,2024-07-05 23:59:59.999,1961851.1031405004,4639,,,0
2024-07-06,0.98553,1.051,0.96106,1.03786,521646.0524800001,2024-07-06 23:59:59.999,541395.5720268929,1086,,,0
2024-07-07,1.03188,1.03758,0.89267,0.89893,751538.5122600007,2024-07-07 23:59:59.999,675580.5148258824,964,,,0
2024-07-08,0.90247,0.97283,0.84354,0.92716,1078621.107570004,2024-07-08 23:59:59.999,1000054.3460946048,1889,,,0
2024-07-09,0.92516,0.96356,0.91235,0.9417,548450.9931400011,2024-07-09 23:59:59.999,516476.300239939,1135,,,0
2024-07-10,0.93884,1.00243,0.92646,0.98514,577351.4186600001,2024-07-10 23:59:59.999,568771.9765787125,1873,,,0
2024-07-11,0.97928,1.055,0.93485,0.96587,745453.9277899992,2024-07-11 23:59:59.999,720011.5852345265,1693,,,0
2024-07-12,0.96557,1.01,0.91001,0.98327,583450.5844599998,2024-07-12 23:59:59.999,573689.456181984,1422,,,0
2024-07-13,0.98472,1.00238,0.96,0.98282,263226.46193,2024-07-13 23:59:59.999,258704.23131404258,468,,,0
2024-07-14,0.98778,1.02777,0.96822,1.01641,339287.9507300001,2024-07-14 23:59:59.999,344855.66600147943,662,,,0
2024-07-15,1.01016,1.125,1.00418,1.11745,953876.4902600056,2024-07-15 23:59:59.999,1065909.2840410434,3195,,,0
2024-07-16,1.11855,1.12755,1.03893,1.08435,1033605.3687900002,2024-07-16 23:59:59.999,1120789.9816474367,2261,,,0
2024-07-17,1.08579,1.14073,1.05231,1.05231,1189948.7417300008,2024-07-17 23:59:59.999,1252194.9604098971,2563,,,0
2024-07-18,1.05525,1.09755,1.015,1.05541,800607.962639999,2024-07-18 23:59:59.999,844969.6498498813,1345,,,0
2024-07-19,1.05292,1.11111,1.02466,1.08014,1320939.1275600006,2024-07-19 23:59:59.999,1426799.1892426591,2364,,,0
2024-07-20,1.08115,1.11441,1.06686,1.09175,259376.01824,2024-07-20 23:59:59.999,283173.76791352,626,,,0
2024-07-21,1.0939,1.10178,1.03033,1.09041,902614.8041000027,2024-07-21 23:59:59.999,984220.2085386841,1760,,,0
2024-07-22,1.0911,1.10229,1.02,1.03107,302564.3385300002,2024-07-22 23:59:59.999,311965.0125281273,737,,,0
2024-07-23,1.031,1.0493,0.96085,0.9747,342510.9799699998,2024-07-23 23:59:59.999,333845.45217675884,962,,,0
2024-07-24,0.97627,1.02,0.948,0.95401,641652.6200600007,2024-07-24 23:59:59.999,612143.0160634413,2011,,,0
2024-07-25,0.95431,0.9592,0.91555,0.95244,627281.6266499998,2024-07-25 23:59:59.999,597448.1124865258,2284,,,0
2024-07-26,0.95548,1.0115,0.95297,1.00286,509348.228889999,2024-07-26 23:59:59.999,510804.9648246244,1260,,,0
2024-07-27,1.00203,1.02558,0.9554,0.98389,351832.0897699994,2024-07-27 23:59:59.999,346164.0748038047,1226,,,0
2024-07-28,0.98256,0.99314,0.95492,0.99185,184293.2777499999,2024-07-28 23:59:59.999,182791.2875363374,433,,,0
2024-07-29,0.99292,1.05205,0.97689,0.97868,478545.3093799998,2024-07-29 23:59:59.999,468342.72338401823,1357,,,0
2024-07-30,0.97935,1.01255,0.93486,0.94718,265676.4170000002,2024-07-30 23:59:59.999,251643.3886540602,656,,,0
2024-07-31,0.94858,0.96774,0.9256,0.9256,277212.9613999998,2024-07-31 23:59:59.999,256588.31707183982,572,,,0
2024-08-01,0.92815,0.94388,0.86457,0.90745,543147.0381499992,2024-08-01 23:59:59.999,492878.7797692168,1209,,,0
2024-08-02,0.90705,0.90984,0.78807,0.7984,810448.2439700019,2024-08-02 23:59:59.999,647061.8779856495,1728,,,0
2024-08-03,0.79896,0.81,0.7251,0.7355,991085.0735900007,2024-08-03 23:59:59.999,728943.0716254456,1713,,,0
2024-08-04,0.73566,0.76126,0.64718,0.68373,1994489.3107499997,2024-08-04 23:59:59.999,1363692.1764390972,4670,,,0
2024-08-05,0.68375,0.75546,0.49838,0.69,5784805.101900034,2024-08-05 23:59:59.999,3991515.520311023,10823,,,0
2024-08-06,0.69135,0.77777,0.6812,0.7033,1970140.539479996,2024-08-06 23:59:59.999,1385599.8414162814,6028,,,0
2024-08-07,0.69957,0.76086,0.64137,0.65228,1441415.0426699966,2024-08-07 23:59:59.999,940206.2040327854,3886,,,0
2024-08-08,0.6551,0.78,0.64541,0.76978,924449.6959700006,2024-08-08 23:59:59.999,711622.886963787,2290,,,0
2024-08-09,0.7716,0.79906,0.74275,0.77429,884726.6868099994,2024-08-09 23:59:59.999,685035.0263301145,2503,,,0
2024-08-10,0.7742,0.794,0.7456,0.7827,380225.5743199997,2024-08-10 23:59:59.999,297602.55702026375,757,,,0
2024-08-11,0.78387,0.82681,0.72,0.72242,935682.7677800006,2024-08-11 23:59:59.999,675955.945099628,2174,,,0
2024-08-12,0.72382,0.78424,0.7044,0.75383,791409.9955399991,2024-08-12 23:59:59.999,596588.5969379175,1448,,,0
2024-08-13,0.75504,0.7748,0.7275,0.76467,415373.3576399997,2024-08-13 23:59:59.999,317623.54538657854,903,,,0
2024-08-14,0.76519,0.78299,0.72453,0.73219,665604.2344699999,2024-08-14 23:59:59.999,487348.76443658926,1792,,,0
2024-08-15,0.7308,0.74467,0.68429,0.71875,757533.1895099997,2024-08-15 23:59:59.999,544476.9799603123,1261,,,0
2024-08-16,0.72485,0.73148,0.683,0.69652,240892.11076,2024-08-16 23:59:59.999,167786.1729865552,669,,,0
2024-08-17,0.69707,0.70716,0.68912,0.70097,90000.4597300007,2024-08-17 23:59:59.999,63087.622256938586,384,,,0
2024-08-18,0.69944,0.71837,0.68761,0.68853,195587.3359,2024-08-18 23:59:59.999,134667.748387227,359,,,0
2024-08-19,0.68837,0.68845,0.65701,0.6847,351958.2294600006,2024-08-19 23:59:59.999,240985.7997112624,797,,,0
2024-08-20,0.68508,0.71572,0.66056,0.6744,743970.8198799994,2024-08-20 23:59:59.999,501733.9209270716,1562,,,0
2024-08-21,0.67425,0.71052,0.56001,0.69694,470801.4771799998,2024-08-21 23:59:59.999,328120.38150582905,878,,,0
2024-08-22,0.69891,0.729,0.69386,0.72304,1141669.78646,2024-08-22 23:59:59.999,825472.9224020385,1748,,,0
2024-08-23,0.72369,0.79616,0.72154,0.77877,1465268.3656000013,2024-08-23 23:59:59.999,1141107.045078313,2738,,,0
2024-08-24,0.77999,0.80482,0.75991,0.76826,555734.6277099992,2024-08-24 23:59:59.999,426948.68508448405,917,,,0
2024-08-25,0.77197,0.772,0.72879,0.73798,842403.76352,2024-08-25 23:59:59.999,621677.1294024896,1067,,,0
2024-08-26,0.7391,0.74029,0.68782,0.6949,359078.3021199997,2024-08-26 23:59:59.999,249523.51214318778,650,,,0
2024-08-27,0.69531,0.70938,0.63914,0.67138,571699.6966400003,2024-08-27 23:59:59.999,383827.7423301634,1116,,,0
2024-08-28,0.66949,0.68812,0.64253,0.66706,418206.9509700002,2024-08-28 23:59:59.999,278969.1287140483,736,,,0
2024-08-29,0.66473,0.68947,0.64749,0.65488,252001.82644,2024-08-29 23:59:59.999,165030.95609902721,534,,,0
2024-08-30,0.65591,0.66305,0.61187,0.64978,586302.9215400001,2024-08-30 23:59:59.999,380967.9123582613,816,,,0
2024-08-31,0.65006,0.65433,0.62526,0.63102,108759.54201,2024-08-31 23:59:59.999,68629.4461991502,301,,,0
2024-09-01,0.63088,0.63218,0.58918,0.59175,345650.41275,2024-09-01 23:59:59.999,204538.6317448125,619,,,0
2024-09-02,0.59168,0.63053,0.585,0.61926,288565.4724899996,2024-09-02 23:59:59.999,178697.05449415717,498,,,0
2024-09-03,0.61941,0.634,0.5241,0.57879,563950.2161500009,2024-09-03 23:59:59.999,326408.74560545903,761,,,0
2024-09-04,0.58113,0.60989,0.55518,0.59775,462723.9638499994,2024-09-04 23:59:59.999,276593.24939133716,835,,,0
2024-09-05,0.59755,0.60618,0.5665,0.5698,294002.6490399999,2024-09-05 23:59:59.999,167522.70942299193,666,,,0
2024-09-06,0.57001,0.59741,0.53869,0.57183,471840.4805099993,2024-09-06 23:59:59.999,269812.5419700329,891,,,0
2024-09-07,0.57156,0.59376,0.56758,0.57774,310699.3321300002,2024-09-07 23:59:59.999,179503.43214478635,680,,,0
2024-09-08,0.57766,0.59697,0.57202,0.58969,280775.0697299999,2024-09-08 23:59:59.999,165570.25086908363,758,,,0
2024-09-09,0.59033,0.64,0.58795,0.62882,447146.0062299991,2024-09-09 23:59:59.999,281174.35163754807,975,,,0
2024-09-10,0.62907,0.64204,0.61522,0.63737,179852.5223999999,2024-09-10 23:59:59.999,114632.60220208793,398,,,0
2024-09-11,0.6377,0.63771,0.60305,0.62093,243638.3928999999,2024-09-11 23:59:59.999,151282.3873033969,920,,,0
2024-09-12,0.62118,0.64,0.61853,0.63675,241795.4946900001,2024-09-12 23:59:59.999,153963.28124385758,534,,,0
2024-09-13,0.63771,0.66149,0.62511,0.65303,243068.5703499999,2024-09-13 23:59:59.999,158731.06849566044,598,,,0
2024-09-14,0.65424,0.65655,0.62463,0.64328,212476.5033099999,2024-09-14 23:59:59.999,136681.88504925673,737,,,0
2024-09-15,0.64468,0.65646,0.60655,0.61123,311362.94306,2024-09-15 23:59:59.999,190314.37168656383,798,,,0
2024-09-16,0.61085,0.61112,0.57949,0.59508,375047.80264,2024-09-16 23:59:59.999,223183.4463950112,656,,,0
2024-09-17,0.59499,0.6196,0.58662,0.59725,207301.39074,2024-09-17 23:59:59.999,123810.755619465,439,,,0
2024-09-18,0.59693,0.63552,0.57951,0.63552,407676.5088100002,2024-09-18 23:59:59.999,259086.5748789313,707,,,0
2024-09-19,0.63531,0.67516,0.62707,0.65367,661272.1862600003,2024-09-19 23:59:59.999,432253.7899925744,1781,,,0
2024-09-20,0.65491,0.71593,0.63937,0.69032,794938.3457900009,2024-09-20 23:59:59.999,548761.8388657534,1677,,,0
2024-09-21,0.68761,0.70714,0.67059,0.70712,218315.0149299999,2024-09-21 23:59:59.999,154374.91335730153,478,,,0
2024-09-22,0.70325,0.71056,0.66136,0.68464,495763.9937700001,2024-09-22 23:59:59.999,339419.8606946929,795,,,0
2024-09-23,0.68545,0.7499,0.66899,0.73462,573429.7835800006,2024-09-23 23:59:59.999,421252.9876135401,1389,,,0
2024-09-24,0.73338,0.7824,0.71175,0.77884,1002964.8467699998,2024-09-24 23:59:59.999,781149.1412583466,1897,,,0
2024-09-25,0.78289,0.817,0.75589,0.76488,1108756.8893200003,2024-09-25 23:59:59.999,848065.9695030819,2036,,,0
2024-09-26,0.7659,0.82992,0.75001,0.82242,800776.1302500031,2024-09-26 23:59:59.999,658574.3050402076,1647,,,0
2024-09-27,0.82251,0.87304,0.8146,0.83651,751793.594400001,2024-09-27 23:59:59.999,628882.8596515448,1960,,,0
2024-09-28,0.83584,0.85802,0.80314,0.81847,187345.6758300001,2024-09-28 23:59:59.999,153336.8152965802,725,,,0
2024-09-29,0.81782,0.82937,0.77665,0.80529,857667.567650001,2024-09-29 23:59:59.999,690671.1155528693,1248,,,0
2024-09-30,0.80897,0.81065,0.7431,0.75064,490448.7011900006,2024-09-30 23:59:59.999,368150.413061262,1175,,,0
2024-10-01,0.75082,0.79545,0.68,0.72341,864500.581620002,2024-10-01 23:59:59.999,625388.3657497257,1987,,,0
2024-10-02,0.72104,0.74361,0.68669,0.70257,356698.8063000001,2024-10-02 23:59:59.999,250605.88034219109,1083,,,0
2024-10-03,0.70288,0.72186,0.6576,0.67484,495559.3070900002,2024-10-03 23:59:59.999,334423.24279661576,1101,,,0
2024-10-04,0.67632,0.72246,0.67027,0.70794,778386.4913100016,2024-10-04 23:59:59.999,551050.9326580025,1700,,,0
2024-10-05,0.71099,0.72914,0.69284,0.70924,364313.2498800003,2024-10-05 23:59:59.999,258385.5293448914,665,,,0
2024-10-06,0.7059,0.74306,0.70313,0.74299,250142.8132699998,2024-10-06 23:59:59.999,185853.60883147718,667,,,0
2024-10-07,0.74329,0.76887,0.70336,0.7059,679511.9463600018,2024-10-07 23:59:59.999,479667.48293552524,1243,,,0
2024-10-08,0.70551,0.8,0.67529,0.68486,1112334.252079999,2024-10-08 23:59:59.999,761793.2358795082,2456,,,0
2024-10-09,0.68447,0.69104,0.655,0.6622,391843.0520499998,2024-10-09 23:59:59.999,259478.4690675099,757,,,0
2024-10-10,0.66382,0.68695,0.64525,0.67581,444474.3526600003,2024-10-10 23:59:59.999,300380.2122711548,1301,,,0
2024-10-11,0.67851,0.72791,0.66968,0.70653,523375.21621,2024-10-11 23:59:59.999,369780.2915088513,1123,,,0
2024-10-12,0.71179,0.72787,0.7043,0.71243,351535.7886300001,2024-10-12 23:59:59.999,250444.64189367095,828,,,0
2024-10-13,0.71538,0.73516,0.6751,0.725,377330.1824600003,2024-10-13 23:59:59.999,273564.38228350016,1077,,,0
2024-10-14,0.7277,0.77,0.7059,0.76206,846921.3545800009,2024-10-14 23:59:59.999,645404.8874712355,1715,,,0
2024-10-15,0.76146,0.77649,0.7173,0.74546,536246.8442200015,2024-10-15 23:59:59.999,399750.5724922423,1450,,,0
2024-10-16,0.74405,0.75578,0.72259,0.72952,267729.6904000004,2024-10-16 23:59:59.999,195314.1637406083,767,,,0
2024-10-17,0.73076,0.73829,0.70212,0.71003,82740.68987,2024-10-17 23:59:59.999,58748.37202839611,429,,,0
2024-10-18,0.71305,0.9105,0.7108,0.8054,891620.3946700009,2024-10-18 23:59:59.999,718111.0658672188,2273,,,0
2024-10-19,0.80564,0.81911,0.77263,0.7902,291595.5278099999,2024-10-19 23:59:59.999,230418.78607546192,941,,,0
2024-10-20,0.78959,0.83786,0.76831,0.83332,389697.8537100003,2024-10-20 23:59:59.999,324743.01545361744,1248,,,0
2024-10-21,0.83525,0.84103,0.76106,0.77264,539869.483949999,2024-10-21 23:59:59.999,417124.75807912723,1372,,,0
2024-10-22,0.77099,0.78321,0.74251,0.766,609755.1293700001,2024-10-22 23:59:59.999,467072.42909742007,1250,,,0
2024-10-23,0.76522,0.76522,0.7148,0.7474,614087.4571300009,2024-10-23 23:59:59.999,458968.96545896266,1070,,,0
2024-10-24,0.7475,0.795,0.7357,0.75904,478708.9070800008,2024-10-24 23:59:59.999,363359.2088300038,1125,,,0
2024-10-25,0.75916,0.75916,0.63777,0.67178,790354.904589999,2024-10-25 23:59:59.999,530944.6178054695,1778,,,0
2024-10-26,0.66481,0.69643,0.66052,0.68611,271606.3295899999,2024-10-26 23:59:59.999,186351.81879499485,702,,,0
2024-10-27,0.68491,0.70434,0.67625,0.69542,156460.2950800001,2024-10-27 23:59:59.999,108805.61840453367,441,,,0
2024-10-28,0.69733,0.69733,0.64542,0.6769,602898.5257400002,2024-10-28 23:59:59.999,408102.0120734061,967,,,0
2024-10-29,0.67835,0.74649,0.6765,0.73447,589097.8335000008,2024-10-29 23:59:59.999,432674.68577074556,1701,,,0
2024-10-30,0.73469,0.75597,0.71632,0.72701,537840.0891500001,2024-10-30 23:59:59.999,391015.12321294163,2678,,,0
2024-10-31,0.72746,0.72951,0.68507,0.69178,430487.38108,2024-10-31 23:59:59.999,297802.5604835224,1589,,,0
2024-11-01,0.6914,0.71653,0.66237,0.66762,348807.1263399998,2024-11-01 23:59:59.999,232870.61368711066,1186,,,0
2024-11-02,0.66953,0.68381,0.63183,0.63653,512623.0828499995,2024-11-02 23:59:59.999,326299.97092651017,1109,,,0
2024-11-03,0.63752,0.64263,0.5889,0.62666,582717.0142199993,2024-11-03 23:59:59.999,365165.44413110474,1615,,,0
2024-11-04,0.62288,0.63692,0.57973,0.59573,642543.7139899996,2024-11-04 23:59:59.999,382782.56673526246,1686,,,0
2024-11-05,0.6,0.64807,0.59845,0.62758,404875.9319600005,2024-11-05 23:59:59.999,254092.03737945712,965,,,0
2024-11-06,0.62663,0.74145,0.62663,0.73758,985655.788670002,2024-11-06 23:59:59.999,726999.9966072201,1856,,,0
2024-11-07,0.73916,0.77101,0.72,0.7418,542595.3106499991,2024-11-07 23:59:59.999,402497.2014401693,1532,,,0
2024-11-08,0.74797,0.75635,0.70825,0.72527,714877.8219399999,2024-11-08 23:59:59.999,518479.43791842373,1320,,,0
2024-11-09,0.72565,0.76947,0.70881,0.7643,622871.8879200012,2024-11-09 23:59:59.999,476060.9839372569,1172,,,0
2024-11-10,0.76302,0.865,0.73474,0.84041,1778359.5085199997,2024-11-10 23:59:59.999,1494551.114555293,4532,,,0
2024-11-11,0.84248,0.98984,0.83626,0.94674,2989900.7012800006,2024-11-11 23:59:59.999,2830658.589929828,7911,,,0
2024-11-12,0.95223,0.9627,0.84,0.88404,1505180.8748099927,2024-11-12 23:59:59.999,1330640.100567026,5845,,,0
2024-11-13,0.88359,0.95294,0.79341,0.87857,2189216.3802699805,2024-11-13 23:59:59.999,1923379.8352137967,5588,,,0
2024-11-14,0.87448,0.96827,0.82354,0.83185,1906597.822959996,2024-11-14 23:59:59.999,1586003.3990292726,4245,,,0
2024-11-15,0.83205,0.929,0.79,0.87527,3231129.6934799952,2024-11-15 23:59:59.999,2828110.886812235,7764,,,0
2024-11-16,0.8736,1.01782,0.86976,0.99733,2600172.9933700026,2024-11-16 23:59:59.999,2593230.5314777046,7317,,,0
2024-11-17,0.99564,1.02,0.90458,0.92506,1888776.0265899976,2024-11-17 23:59:59.999,1747231.151157343,3943,,,0
2024-11-18,0.92469,1.03626,0.90542,1.02648,1915676.9397600028,2024-11-18 23:59:59.999,1966404.0651248477,5243,,,0
2024-11-19,1.02649,1.08535,0.98705,1.0148,1825261.528849996,2024-11-19 23:59:59.999,1852275.3994769757,4095,,,0
2024-11-20,1.0149,1.03904,0.94325,0.96822,1007857.568750002,2024-11-20 23:59:59.999,975827.8552151269,2296,,,0
2024-11-21,0.96759,1.03302,0.94897,1.01097,1157952.3487199922,2024-11-21 23:59:59.999,1170655.0859854505,3366,,,0
2024-11-22,1.01064,1.04619,0.95,1.04016,972253.3051000016,2024-11-22 23:59:59.999,1011298.9978328177,2409,,,0
2024-11-23,1.03859,1.12422,1.00768,1.05298,1989932.897399993,2024-11-23 23:59:59.999,2095359.5423042446,5246,,,0
2024-11-24,1.04312,1.07657,0.95,1.06576,1383481.8264499947,2024-11-24 23:59:59.999,1474459.5913573464,3233,,,0
2024-11-25,1.06725,1.10564,0.99,1.01205,1438043.813770001,2024-11-25 23:59:59.999,1455372.2417259293,4178,,,0
2024-11-26,1.01039,1.05243,0.94811,1.02037,1387518.0022899995,2024-11-26 23:59:59.999,1415781.7439966467,3044,,,0
2024-11-27,1.01303,1.09443,0.99935,1.09415,831201.3420300006,2024-11-27 23:59:59.999,909458.9483821251,2514,,,0
2024-11-28,1.09451,1.18436,1.05226,1.09965,839596.8465300003,2024-11-28 23:59:59.999,923262.6722867149,2886,,,0
2024-11-29,1.10017,1.195,1.05065,1.16721,1384494.0754000172,2024-11-29 23:59:59.999,1615995.3297476543,3994,,,0
2024-11-30,1.1668,1.28069,1.1583,1.23143,1889873.451359996,2024-11-30 23:59:59.999,2327246.86420824,5977,,,0
2024-12-01,1.22964,1.31976,1.22402,1.28535,1034782.2045299974,2024-12-01 23:59:59.999,1330057.306592632,3875,,,0
2024-12-02,1.28247,1.49975,1.14297,1.48448,2487287.2916099876,2024-12-02 23:59:59.999,3692328.2386491946,7909,,,0
2024-12-03,1.48185,1.82069,1.41351,1.63654,5582679.314650008,2024-12-03 23:59:59.999,9136278.005597325,20710,,,0
2024-12-04,1.64467,1.97,1.60001,1.73516,4557507.0905200215,2024-12-04 23:59:59.999,7908004.00318672,15867,,,0
2024-12-05,1.73362,1.94999,1.62963,1.67616,2117195.575119994,2024-12-05 23:59:59.999,3548758.5351931294,7212,,,0
2024-12-06,1.67942,1.83202,1.61421,1.783,1430312.7424899857,2024-12-06 23:59:59.999,2550247.619859644,6806,,,0
2024-12-07,1.78034,1.78302,1.66432,1.68134,980985.9157100016,2024-12-07 23:59:59.999,1649370.8595198542,3443,,,0
2024-12-08,1.67957,1.74984,1.64142,1.68699,699820.2317500007,2024-12-08 23:59:59.999,1180589.7327599337,2506,,,0
2024-12-09,1.68997,1.68997,1.34001,1.52271,2333206.2275000005,2024-12-09 23:59:59.999,3552796.4546765257,9047,,,0
2024-12-10,1.52131,1.74462,1.39842,1.7322,4893432.466250012,2024-12-10 23:59:59.999,8476403.71803827,12409,,,0
2024-12-11,1.73775,1.85,1.61182,1.78633,2486521.281899994,2024-12-11 23:59:59.999,4441747.561496416,8773,,,0
2024-12-12,1.78723,1.93127,1.73279,1.75604,2673731.4086700017,2024-12-12 23:59:59.999,4695179.30288087,7452,,,0
2024-12-13,1.75525,2.02,1.7485,1.97497,2592420.7211599997,2024-12-13 23:59:59.999,5119953.151669364,7710,,,0
2024-12-14,1.97541,2.00529,1.80032,1.88654,1676344.776899987,2024-12-14 23:59:59.999,3162491.4754129015,4170,,,0
2024-12-15,1.88796,2.08054,1.77881,2.04328,2840074.114829998,2024-12-15 23:59:59.999,5803066.637349839,4797,,,0
2024-12-16,2.04176,2.17341,1.98017,2.01664,2680001.243899997,2024-12-16 23:59:59.999,5404597.70849849,7977,,,0
2024-12-17,2.02033,2.04609,1.8872,1.93448,1518389.1153699982,2024-12-17 23:59:59.999,2937293.375900954,4815,,,0
2024-12-18,1.93508,2.0194,1.8,1.81617,2202780.141269992,2024-12-18 23:59:59.999,4000623.2091703215,8132,,,0
2024-12-19,1.81597,1.93727,1.66981,1.74836,2213728.0534099876,2024-12-19 23:59:59.999,3870393.5794598856,8995,,,0
2024-12-20,1.76301,1.83165,1.47331,1.79816,3037526.220939998,2024-12-20 23:59:59.999,5461958.149445467,11509,,,0
2024-12-21,1.80274,1.925,1.643,1.67798,1311534.0559799953,2024-12-21 23:59:59.999,2200727.9152533123,4971,,,0
2024-12-22,1.67782,1.71594,1.57039,1.61415,1310417.7741300028,2024-12-22 23:59:59.999,2115210.850111944,3378,,,0
2024-12-23,1.61639,1.74999,1.53903,1.67497,1477345.387639993,2024-12-23 23:59:59.999,2474509.203935359,4171,,,0
2024-12-24,1.67844,1.73989,1.60256,1.71611,745579.4237200002,2024-12-24 23:59:59.999,1279496.3048401296,2345,,,0
2024-12-25,1.71256,1.71256,1.60005,1.61269,525047.9383999996,2024-12-25 23:59:59.999,846739.5597782953,1306,,,0
2024-12-26,1.60964,1.62489,1.43748,1.45467,1367846.7216900038,2024-12-26 23:59:59.999,1989765.5906407977,2881,,,0
2024-12-27,1.45412,1.53527,1.41351,1.43509,1589815.0625900056,2024-12-27 23:59:59.999,2281527.6981722913,2852,,,0
2024-12-28,1.43509,1.53869,1.35841,1.49413,1136968.5532799994,2024-12-28 23:59:59.999,1698778.8245122454,2289,,,0
2024-12-29,1.49251,1.49251,1.36958,1.38833,1334484.5732800013,2024-12-29 23:59:59.999,1852704.9676218242,1946,,,0
2024-12-30,1.38038,1.43098,1.31874,1.36598,1009560.840559999,2024-12-30 23:59:59.999,1379039.9169881474,1986,,,0
2024-12-31,1.36164,1.43009,1.31,1.34422,845387.6658400017,2024-12-31 23:59:59.999,1136387.0081754471,1631,,,0
2025-01-01,1.34339,1.47334,1.31094,1.45777,912465.41657,2025-01-01 23:59:59.999,1330164.710313249,1536,,,0
2025-01-02,1.45294,1.52741,1.41587,1.44312,1170687.0008100003,2025-01-02 23:59:59.999,1689441.8246089276,2453,,,0
2025-01-03,1.44368,1.61726,1.41638,1.6078,1494754.9126699967,2025-01-03 23:59:59.999,2403266.9485908207,2911,,,0
2025-01-04,1.60881,1.65682,1.56363,1.57707,1076207.0828000023,2025-01-04 23:59:59.999,1697253.9040713997,3032,,,0
2025-01-05,1.57694,1.57812,1.50023,1.54609,718460.2721099997,2025-01-05 23:59:59.999,1110804.2421065494,1419,,,0
2025-01-06,1.54879,1.59638,1.49071,1.52313,1630209.5828399954,2025-01-06 23:59:59.999,2483021.1219110824,3358,,,0
2025-01-07,1.52,1.5443,1.35951,1.37,1225184.628999998,2025-01-07 23:59:59.999,1678502.9417299975,2316,,,0
2025-01-08,1.37,1.38553,1.17,1.31938,1988894.6520399984,2025-01-08 23:59:59.999,2624107.826008533,4197,,,0
2025-01-09,1.31322,1.34325,1.19633,1.2109,1253298.9160899988,2025-01-09 23:59:59.999,1517619.6574933797,2964,,,0
2025-01-10,1.21089,1.35024,1.21089,1.27251,1049903.6715099989,2025-01-10 23:59:59.999,1336012.9210331887,1663,,,0
2025-01-11,1.27724,1.3133,1.23892,1.27276,857952.3046100014,2025-01-11 23:59:59.999,1091967.3752154254,1693,,,0
2025-01-12,1.27046,1.27046,1.19465,1.20808,576184.6077399999,2025-01-12 23:59:59.999,696077.1009185391,974,,,0
2025-01-13,1.20822,1.24658,1.07115,1.22026,2017692.4615900016,2025-01-13 23:59:59.999,2462109.403179815,3218,,,0
2025-01-14,1.22025,1.2237,1.16,1.19578,1608310.4384499956,2025-01-14 23:59:59.999,1923185.4560897357,2976,,,0
2025-01-15,1.19449,1.29711,1.1359,1.28826,2553175.204670002,2025-01-15 23:59:59.999,3289153.489168177,4717,,,0
2025-01-16,1.2891,1.29935,1.19496,1.21747,1278885.9636100011,2025-01-16 23:59:59.999,1557005.2941162682,3568,,,0
2025-01-17,1.21604,1.37707,1.21078,1.31259,2758255.495729999,2025-01-17 23:59:59.999,3620458.5811402393,9714,,,0
2025-01-18,1.3122,1.5,1.15,1.30869,4410948.505250052,2025-01-18 23:59:59.999,5772564.19933569,21365,,,0
2025-01-19,1.30014,1.65682,1.26295,1.37169,5545744.021149961,2025-01-19 23:59:59.999,7607041.616371191,26774,,,0
2025-01-20,1.36113,1.5,1.24256,1.29572,3201637.039040009,2025-01-20 23:59:59.999,4148425.1442249203,12881,,,0
2025-01-21,1.29376,1.44053,1.24251,1.36071,3277826.330600002,2025-01-21 23:59:59.999,4460171.066310729,10222,,,0
2025-01-22,1.36064,1.39203,1.21,1.28759,2223334.279430003,2025-01-22 23:59:59.999,2862742.9848512774,4145,,,0
2025-01-23,1.28525,1.42041,1.24661,1.35255,3357364.262470001,2025-01-23 23:59:59.999,4541003.033203799,9075,,,0
2025-01-24,1.35311,1.59445,1.30459,1.40433,5859260.646309971,2025-01-24 23:59:59.999,8228335.503432482,15486,,,0
2025-01-25,1.40371,1.49999,1.367,1.44025,2212806.9465099955,2025-01-25 23:59:59.999,3186995.204711021,7233,,,0
2025-01-26,1.43807,1.5073,1.36386,1.36909,2363929.2438599872,2025-01-26 23:59:59.999,3236431.88847627,7854,,,0
2025-01-27,1.36545,1.50027,1.25918,1.3365,6023589.504620048,2025-01-27 23:59:59.999,8050527.372924695,16022,,,0
2025-01-28,1.33655,1.44999,1.30225,1.33243,3563080.515939996,2025-01-28 23:59:59.999,4747555.371853929,10488,,,0
2025-01-29,1.33218,1.54885,1.31736,1.47139,4969680.92017002,2025-01-29 23:59:59.999,7312338.809128966,14434,,,0
2025-01-30,1.46796,1.64382,1.4411,1.56684,4148835.661069989,2025-01-30 23:59:59.999,6500561.667190902,10440,,,0
2025-01-31,1.56777,1.59993,1.46545,1.49262,3174438.933510004,2025-01-31 23:59:59.999,4738231.040935703,5848,,,0
2025-02-01,1.48822,1.49857,1.33131,1.34439,2302180.0123500084,2025-02-01 23:59:59.999,3095027.786803228,4763,,,0
2025-02-02,1.34031,1.39463,1.16206,1.25461,5663186.5096099675,2025-02-02 23:59:59.999,7105090.426821762,10998,,,0
2025-02-03,1.25391,1.44921,1.02,1.40752,9352412.939539952,2025-02-03 23:59:59.999,13163708.260661274,22134,,,0
2025-02-04,1.40802,1.50171,1.28981,1.35362,6726908.952719987,2025-02-04 23:59:59.999,9105678.49658083,12638,,,0
2025-02-05,1.35351,1.49299,1.28424,1.30888,4038896.184350014,2025-02-05 23:59:59.999,5286430.437772047,9658,,,0
2025-02-06,1.30744,1.46219,1.28,1.35919,5271733.468350029,2025-02-06 23:59:59.999,7165287.412846675,14647,,,0
2025-02-07,1.35913,1.49248,1.33818,1.40501,4926553.11748999,2025-02-07 23:59:59.999,6921856.395604611,11272,,,0
2025-02-08,1.39964,1.42958,1.31396,1.34654,2646596.970859986,2025-02-08 23:59:59.999,3563748.6851418056,5493,,,0
2025-02-09,1.3478,1.38706,1.28999,1.32766,2368361.0710300086,2025-02-09 23:59:59.999,3144378.259563701,5618,,,0
2025-02-10,1.32696,1.37449,1.28878,1.33081,2316777.9838800076,2025-02-10 23:59:59.999,3083191.308727353,5295,,,0
2025-02-11,1.33116,1.43699,1.32536,1.32938,3917158.7671499983,2025-02-11 23:59:59.999,5207392.521873865,8573,,,0
2025-02-12,1.3293,1.41593,1.26501,1.3972,3420920.7725400026,2025-02-12 23:59:59.999,4779710.503392892,6585,,,0
2025-02-13,1.39619,1.39803,1.315,1.33084,2967511.752599996,2025-02-13 23:59:59.999,3949283.340830179,4892,,,0
2025-02-14,1.33133,1.36259,1.3139,1.32708,3325203.5889099953,2025-02-14 23:59:59.999,4412811.178770676,6781,,,0
2025-02-15,1.32695,1.33085,1.25089,1.27687,1710243.463009998,2025-02-15 23:59:59.999,2183758.570613576,4532,,,0
2025-02-16,1.27576,1.34,1.25904,1.27251,1434380.222279997,2025-02-16 23:59:59.999,1825263.176653519,3505,,,0
2025-02-17,1.2734,1.29385,1.20366,1.23421,2670501.443129996,2025-02-17 23:59:59.999,3295959.586125472,4989,,,0
2025-02-18,1.23431,1.23795,1.09571,1.20073,3470009.722660001,2025-02-18 23:59:59.999,4166544.7742895433,6328,,,0
2025-02-19,1.20049,1.22297,1.168,1.21288,1701122.7961299992,2025-02-19 23:59:59.999,2063257.8169701535,3453,,,0
2025-02-20,1.21233,1.25612,1.20542,1.24102,1254753.1144999992,2025-02-20 23:59:59.999,1557173.710156789,3207,,,0
2025-02-21,1.24097,1.25613,1.09436,1.12828,2902930.715869989,2025-02-21 23:59:59.999,3275318.668101791,6086,,,0
2025-02-22,1.12735,1.18887,1.11543,1.15897,1443469.5245399997,2025-02-22 23:59:59.999,1672937.8748561235,3574,,,0
2025-02-23,1.15849,1.1657,1.11564,1.13391,847337.8083900001,2025-02-23 23:59:59.999,960804.8143115051,2343,,,0
2025-02-24,1.1342,1.139,0.97278,0.98325,3174189.108620001,2025-02-24 23:59:59.999,3121021.4410506156,5960,,,0
2025-02-25,0.98152,1.01922,0.905,1.00334,3971247.3629199783,2025-02-25 23:59:59.999,3984511.3291121307,6653,,,0
2025-02-26,1.00361,1.01005,0.92285,0.97632,3061266.4469500077,2025-02-26 23:59:59.999,2988775.6574862315,4956,,,0
2025-02-27,0.97556,1.01604,0.94545,0.97128,1485209.5302900027,2025-02-27 23:59:59.999,1442554.312580074,2879,,,0
2025-02-28,0.97121,1.00046,0.88375,0.99001,2919259.738470022,2025-02-28 23:59:59.999,2890096.3336827066,5459,,,0
2025-03-01,0.99008,1.04597,0.97726,1.022,2035921.5662499971,2025-03-01 23:59:59.999,2080711.8407074972,3690,,,0
2025-03-02,1.02295,1.23523,0.98891,1.19455,4862925.263509989,2025-03-02 23:59:59.999,5809007.373525857,8614,,,0
2025-03-03,1.195,1.23,0.97379,0.97745,6757230.665299962,2025-03-03 23:59:59.999,6604855.113797449,9303,,,0
2025-03-04,0.98137,0.9899,0.86783,0.95991,4651461.196760011,2025-03-04 23:59:59.999,4464984.117381902,6699,,,0
2025-03-05,0.95943,1.14957,0.95,1.11831,6043129.875729953,2025-03-05 23:59:59.999,6758092.571327563,7437,,,0
2025-03-06,1.11786,1.20704,1.06786,1.07102,6580423.11187998,2025-03-06 23:59:59.999,7047764.761285697,9779,,,0
2025-03-07,1.07134,1.07907,0.96,0.97531,9971818.338029897,2025-03-07 23:59:59.999,9725614.143263938,11151,,,0
2025-03-08,0.9762,0.98829,0.93026,0.94738,2189919.0644100117,2025-03-08 23:59:59.999,2074685.523240757,3557,,,0
2025-03-09,0.94743,0.96524,0.8415,0.84958,4664867.026170002,2025-03-09 23:59:59.999,3963177.7280935105,5710,,,0
2025-03-10,0.84973,0.90494,0.76776,0.78054,4400304.049949982,2025-03-10 23:59:59.999,3434613.323147959,6996,,,0
2025-03-11,0.78281,0.85114,0.73098,0.82886,4901409.980840005,2025-03-11 23:59:59.999,4062582.6767190467,5677,,,0
2025-03-12,0.82971,0.89558,0.81426,0.87604,3167585.136130007,2025-03-12 23:59:59.999,2774931.2826553313,3830,,,0
2025-03-13,0.87729,0.88704,0.80707,0.82782,2144529.328950002,2025-03-13 23:59:59.999,1775284.2690913905,2564,,,0
2025-03-14,0.82803,0.8951,0.81977,0.86849,2385526.686499997,2025-03-14 23:59:59.999,2071806.0719583824,2573,,,0
2025-03-15,0.86917,0.88987,0.86107,0.86981,1284689.5868100012,2025-03-15 23:59:59.999,1117435.849503207,1470,,,0
2025-03-16,0.8697,0.87805,0.80527,0.81353,1398390.8171299968,2025-03-16 23:59:59.999,1137632.8814597663,1891,,,0
2025-03-17,0.81422,0.88384,0.81422,0.8581,1849788.0547699945,2025-03-17 23:59:59.999,1587303.1297981322,2511,,,0
2025-03-18,0.85671,0.86237,0.80782,0.83774,1857031.5009500007,2025-03-18 23:59:59.999,1555709.5696058536,2472,,,0
2025-03-19,0.83818,0.88866,0.82854,0.88369,2510170.6487500197,2025-03-19 23:59:59.999,2218212.700593905,3096,,,0
2025-03-20,0.88446,0.8926,0.8355,0.84358,1372594.852329996,2025-03-20 23:59:59.999,1157893.565528538,2341,,,0
2025-03-21,0.84289,0.8495,0.8149,0.82549,1066114.9422399988,2025-03-21 23:59:59.999,880067.2236696966,1750,,,0
2025-03-22,0.82773,0.83955,0.82034,0.82817,710459.64737,2025-03-22 23:59:59.999,588381.3661624129,1180,,,0
2025-03-23,0.82663,0.84634,0.82241,0.84581,895937.675279999,2025-03-23 23:59:59.999,757793.045128576,1619,,,0
2025-03-24,0.84566,0.916,0.83191,0.88504,2070700.9339200023,2025-03-24 23:59:59.999,1832653.154556559,3725,,,0
2025-03-25,0.88458,0.94079,0.8687,0.91847,1299420.0501500005,2025-03-25 23:59:59.999,1193478.333461271,3202,,,0
2025-03-26,0.91708,0.95686,0.88431,0.90154,2281806.5669099977,2025-03-26 23:59:59.999,2057139.8923320393,3647,,,0
2025-03-27,0.90227,0.93281,0.885,0.91164,2512997.98133,2025-03-27 23:59:59.999,2290949.479699681,2876,,,0
2025-03-28,0.91326,0.91832,0.82538,0.84183,2782282.260870005,2025-03-28 23:59:59.999,2342208.6756681963,3206,,,0
2025-03-29,0.84144,0.84916,0.77851,0.7988,1699629.0712899934,2025-03-29 23:59:59.999,1357663.7021464466,2875,,,0
2025-03-30,0.79802,0.8135,0.77918,0.79029,1219687.967919998,2025-03-30 23:59:59.999,963907.2041674954,1880,,,0
2025-03-31,0.79087,0.79747,0.7513,0.77841,1605024.6310300017,2025-03-31 23:59:59.999,1249367.2230400636,1772,,,0
2025-04-01,0.77866,0.83514,0.7783,0.82198,1679928.3838200015,2025-04-01 23:59:59.999,1380867.5329323648,1850,,,0
2025-04-02,0.82215,0.88613,0.775,0.78473,4212616.9174000025,2025-04-02 23:59:59.999,3305766.8735913043,3592,,,0
2025-04-03,0.78392,0.82836,0.77085,0.81313,2670656.4978699954,2025-04-03 23:59:59.999,2171590.9181130296,2428,,,0
2025-04-04,0.81449,0.83526,0.78392,0.81961,2585769.47669001,2025-04-04 23:59:59.999,2119322.520789899,2177,,,0
2025-04-05,0.82096,0.82488,0.79454,0.80957,1043426.6042200002,2025-04-05 23:59:59.999,844726.8759783856,1150,,,0
2025-04-06,0.81026,0.81457,0.71316,0.73015,2961310.20925,2025-04-06 23:59:59.999,2162200.6492838874,3089,,,0
2025-04-07,0.73134,0.80025,0.66437,0.75735,7374169.010360005,2025-04-07 23:59:59.999,5584826.899996149,6148,,,0
2025-04-08,0.75741,0.78478,0.70533,0.70884,3065545.9021699987,2025-04-08 23:59:59.999,2172981.557294182,2793,,,0
2025-04-09,0.70994,0.89666,0.68261,0.84987,8615880.965219982,2025-04-09 23:59:59.999,7322378.755911506,6410,,,0
2025-04-10,0.84939,0.88152,0.7972,0.81554,3669965.4388999944,2025-04-10 23:59:59.999,2993003.6140405014,3255,,,0
2025-04-11,0.81294,0.92831,0.80844,0.89421,6479829.3891699845,2025-04-11 23:59:59.999,5794328.238089692,4871,,,0
2025-04-12,0.89429,0.93,0.86502,0.90409,1786468.956569994,2025-04-12 23:59:59.999,1615128.7189453659,4368,,,0
2025-04-13,0.90643,0.92628,0.83921,0.84912,1766626.3653699984,2025-04-13 23:59:59.999,1500077.779362973,2600,,,0
2025-04-14,0.84688,0.91341,0.84514,0.87568,2218392.168839998,2025-04-14 23:59:59.999,1942601.6544098095,2155,,,0
2025-04-15,0.87601,0.89141,0.82846,0.83229,1961091.2373899992,2025-04-15 23:59:59.999,1632196.6259673224,1707,,,0
2025-04-16,0.83135,0.84491,0.80275,0.81963,1748691.2874299984,2025-04-16 23:59:59.999,1433279.8399162495,2279,,,0
2025-04-17,0.81944,0.85007,0.8179,0.82796,1564441.4174299997,2025-04-17 23:59:59.999,1295294.9159753425,2812,,,0
2025-04-18,0.82956,0.83772,0.82198,0.83023,1278076.09403,2025-04-18 23:59:59.999,1061097.1155465269,2438,,,0
2025-04-19,0.83052,0.85804,0.82864,0.85529,1115821.5779000006,2025-04-19 23:59:59.999,954351.0373620915,1569,,,0
2025-04-20,0.85518,0.86185,0.82033,0.83621,1132717.888900002,2025-04-20 23:59:59.999,947190.0258770707,1156,,,0
2025-04-21,0.83891,0.91,0.837,0.85275,2829580.3309100056,2025-04-21 23:59:59.999,2412924.627183507,2513,,,0
2025-04-22,0.85137,0.92241,0.83738,0.9152,3145619.179729999,2025-04-22 23:59:59.999,2878870.6732888953,3086,,,0
2025-04-23,0.91796,0.95305,0.90438,0.91614,1897835.1776100015,2025-04-23 23:59:59.999,1738682.7196156266,2581,,,0
2025-04-24,0.91601,1.04411,0.8673,0.97755,3952847.11591999,2025-04-24 23:59:59.999,3864105.6981675862,5274,,,0
2025-04-25,0.98031,1.03651,0.94554,0.99267,3062969.614200009,2025-04-25 23:59:59.999,3040518.0469279233,4329,,,0
2025-04-26,0.99088,1.04844,0.98444,0.99486,1734562.804890002,2025-04-26 23:59:59.999,1725647.1520728671,2416,,,0
2025-04-27,0.99574,1.00729,0.93718,0.94353,1397797.4853999976,2025-04-27 23:59:59.999,1318863.8613994597,2112,,,0
2025-04-28,0.94588,1.18005,0.91502,0.97229,4507586.285039994,2025-04-28 23:59:59.999,4382681.069081536,4875,,,0
2025-04-29,0.97403,0.98936,0.91911,0.93022,1237360.3299500009,2025-04-29 23:59:59.999,1151017.3261260898,2051,,,0
2025-04-30,0.92973,0.94371,0.87563,0.90893,1457428.2199799966,2025-04-30 23:59:59.999,1324700.2319864184,2424,,,0
2025-05-01,0.90752,0.93542,0.90409,0.91429,2106577.8574999976,2025-05-01 23:59:59.999,1926023.069333673,2907,,,0
2025-05-02,0.91479,0.92752,0.89229,0.92173,1521820.9483400015,2025-05-02 23:59:59.999,1402708.0227134298,1971,,,0
2025-05-03,0.92173,0.92173,0.86799,0.8754,727409.49756,2025-05-03 23:59:59.999,636774.274164024,1483,,,0
2025-05-04,0.87573,0.88817,0.853,0.85901,1776241.5501200054,2025-05-04 23:59:59.999,1525809.253968586,2547,,,0
2025-05-05,0.85884,0.89054,0.85221,0.86718,1108643.2074000018,2025-05-05 23:59:59.999,961393.2165931335,1769,,,0
2025-05-06,0.86804,0.87098,0.82697,0.86708,1055495.527420001,2025-05-06 23:59:59.999,915199.0619153345,1798,,,0
2025-05-07,0.86807,0.88236,0.8111,0.87138,2684222.0686300006,2025-05-07 23:59:59.999,2338977.42616281,2765,,,0
2025-05-08,0.87241,0.98386,0.87139,0.97537,4684300.069160025,2025-05-08 23:59:59.999,4568925.758456613,5564,,,0
2025-05-09,0.97576,1.09619,0.96562,1.00576,6295917.404509964,2025-05-09 23:59:59.999,6332181.888759942,8676,,,0
2025-05-10,1.0059,1.10725,0.9941,1.10201,2516250.507380002,2025-05-10 23:59:59.999,2772933.221637836,4493,,,0
2025-05-11,1.10275,1.10952,1.00766,1.03753,2013379.686059996,2025-05-11 23:59:59.999,2088941.8256778277,4128,,,0
2025-05-12,1.03938,1.11088,0.975,1.02988,5466401.71775,2025-05-12 23:59:59.999,5629737.801076369,7160,,,0
2025-05-13,1.03024,1.0785,0.97241,1.0436,2801844.2852400034,2025-05-13 23:59:59.999,2924004.6960764676,4528,,,0
2025-05-14,1.04435,1.13472,0.99826,1.00905,4040683.595360012,2025-05-14 23:59:59.999,4077251.78189802,7556,,,0
2025-05-15,1.01203,1.0317,0.9477,0.96825,3061090.406870005,2025-05-15 23:59:59.999,2963900.7864518827,6085,,,0
2025-05-16,0.96885,0.99839,0.931,0.938,1714155.1211899985,2025-05-16 23:59:59.999,1607877.5036762184,4133,,,0
2025-05-17,0.93762,0.93949,0.90352,0.9156,2699885.5736899907,2025-05-17 23:59:59.999,2472015.2312705554,4599,,,0
2025-05-18,0.91629,0.98012,0.89196,0.95992,2140172.0689599984,2025-05-18 23:59:59.999,2054393.9724360816,4891,,,0
2025-05-19,0.96089,0.97027,0.88478,0.92726,2748906.213090001,2025-05-19 23:59:59.999,2548950.7751498343,4541,,,0
2025-05-20,0.92795,0.95987,0.91682,0.94443,1406854.5199299972,2025-05-20 23:59:59.999,1328675.6142574872,2423,,,0
2025-05-21,0.94501,0.997,0.93194,0.97736,2772146.13063,2025-05-21 23:59:59.999,2709384.742232537,4030,,,0
2025-05-22,0.9765,1.02673,0.97616,1.01971,2530626.691469994,2025-05-22 23:59:59.999,2580505.343558867,5111,,,0
2025-05-23,1.01986,1.04976,0.9245,0.93289,3204601.056600008,2025-05-23 23:59:59.999,2989540.2796915816,6274,,,0
2025-05-24,0.93347,0.96529,0.92956,0.94029,849679.9192099995,2025-05-24 23:59:59.999,798945.5312339704,2033,,,0
2025-05-25,0.94035,0.95212,0.90474,0.95059,1690551.529040007,2025-05-25 23:59:59.999,1607021.3779901403,3266,,,0
2025-05-26,0.95137,0.97314,0.93074,0.94055,1247480.5996500072,2025-05-26 23:59:59.999,1173317.8780008142,2646,,,0
2025-05-27,0.94099,0.9707,0.91697,0.94918,821874.5066899986,2025-05-27 23:59:59.999,780106.8442600128,2433,,,0
2025-05-28,0.94856,0.9627,0.90762,0.93357,1116414.0474400024,2025-05-28 23:59:59.999,1042250.662268563,2207,,,0
2025-05-29,0.93454,0.95656,0.89576,0.90083,1408633.9531099997,2025-05-29 23:59:59.999,1268939.723980081,2765,,,0
2025-05-30,0.9001,0.90466,0.80811,0.81844,2718641.1459399974,2025-05-30 23:59:59.999,2225044.6594831315,5000,,,0
2025-05-31,0.81892,0.84251,0.78401,0.83213,1406718.4359300009,2025-05-31 23:59:59.999,1170572.6120904316,2850,,,0
2025-06-01,0.83256,0.84721,0.80861,0.84452,702230.7834799996,2025-06-01 23:59:59.999,593047.9412645294,1380,,,0
2025-06-02,0.84491,0.855,0.8191,0.85096,836123.3412299998,2025-06-02 23:59:59.999,711507.5184530807,1553,,,0
2025-06-03,0.85086,0.86995,0.84179,0.85054,739702.0018900009,2025-06-03 23:59:59.999,629146.1406875213,1696,,,0
2025-06-04,0.85065,0.86131,0.82563,0.83228,669431.9731400006,2025-06-04 23:59:59.999,557154.8426049597,1453,,,0
2025-06-05,0.83152,0.83846,0.75831,0.77595,1629201.9938599989,2025-06-05 23:59:59.999,1264179.2871356662,3649,,,0
2025-06-06,0.77596,0.82197,0.76954,0.80555,853967.6438600009,2025-06-06 23:59:59.999,687913.6355114237,1908,,,0
2025-06-07,0.80572,0.84271,0.80271,0.83651,1323345.0860999993,2025-06-07 23:59:59.999,1106991.3979735104,1614,,,0
2025-06-08,0.8366,0.84776,0.81925,0.83221,420850.3679,2025-06-08 23:59:59.999,350235.884670059,1092,,,0
2025-06-09,0.8323,0.8778,0.8197,0.87593,1238894.3598699986,2025-06-09 23:59:59.999,1085184.7366409278,1983,,,0
2025-06-10,0.87629,0.90522,0.85831,0.8993,1957615.2400099991,2025-06-10 23:59:59.999,1760483.3853409921,2840,,,0
2025-06-11,0.89952,0.91993,0.8541,0.86654,1622121.664839998,2025-06-11 23:59:59.999,1405633.3074504517,2997,,,0
2025-06-12,0.86586,0.86777,0.80775,0.81419,1167301.0516899985,2025-06-12 23:59:59.999,950404.8432754799,2533,,,0
2025-06-13,0.81416,0.81439,0.75251,0.79786,2594643.3968499904,2025-06-13 23:59:59.999,2070162.1806107333,5907,,,0
2025-06-14,0.79812,0.79898,0.76938,0.7858,657766.5858299999,2025-06-14 23:59:59.999,516872.9831452139,1392,,,0
2025-06-15,0.78586,0.7975,0.77551,0.79279,507236.7167000001,2025-06-15 23:59:59.999,402132.19663259306,1229,,,0
2025-06-16,0.79244,0.84002,0.78663,0.78985,1211237.6099800016,2025-06-16 23:59:59.999,956696.0262427044,2323,,,0
2025-06-17,0.79209,0.79684,0.7282,0.74387,3239043.5217300016,2025-06-17 23:59:59.999,2409427.3045092965,4948,,,0
2025-06-18,0.7441,0.7865,0.72132,0.77741,2136638.954690004,2025-06-18 23:59:59.999,1661044.4897655558,3597,,,0
2025-06-19,0.77705,0.7918,0.75871,0.76862,1294492.2456000005,2025-06-19 23:59:59.999,994972.6298130724,2052,,,0
2025-06-20,0.76858,0.78163,0.7222,0.73635,1583782.760700001,2025-06-20 23:59:59.999,1166218.4358414456,2173,,,0
2025-06-21,0.73539,0.74501,0.67573,0.69439,2858441.6089499993,2025-06-21 23:59:59.999,1984873.2688387898,2987,,,0
2025-06-22,0.695,0.70633,0.62226,0.67289,3416377.304240005,2025-06-22 23:59:59.999,2298846.124250057,4749,,,0
2025-06-23,0.67236,0.77759,0.65111,0.75518,3620243.726390002,2025-06-23 23:59:59.999,2733935.6572952014,6171,,,0
2025-06-24,0.75775,0.79461,0.74689,0.78335,2508537.024839998,2025-06-24 23:59:59.999,1965062.4784084125,3396,,,0
2025-06-25,0.78121,0.78792,0.75393,0.75976,950515.6886099996,2025-06-25 23:59:59.999,722163.7995783333,1787,,,0
2025-06-26,0.75974,0.78035,0.73104,0.73401,1114940.0324000027,2025-06-26 23:59:59.999,818377.1331819261,1892,,,0
2025-06-27,0.73408,0.7594,0.72295,0.74718,535518.6104399998,2025-06-27 23:59:59.999,400128.79534855904,1495,,,0
2025-06-28,0.74727,0.79015,0.7428,0.76158,1046506.9166500006,2025-06-28 23:59:59.999,796998.7375823075,1595,,,0
2025-06-29,0.7616,0.79987,0.75597,0.79237,771662.212709999,2025-06-29 23:59:59.999,611441.9874850219,1398,,,0
2025-06-30,0.79267,0.79697,0.75393,0.76909,1190869.7891700014,2025-06-30 23:59:59.999,915886.0461527564,1879,,,0
2025-07-01,0.76907,0.77224,0.73368,0.74168,776979.4496099998,2025-07-01 23:59:59.999,576270.1181867446,1476,,,0
2025-07-02,0.74162,0.80392,0.73463,0.78522,1628274.8889999988,2025-07-02 23:59:59.999,1278554.008340579,2184,,,0
2025-07-03,0.78592,0.81411,0.77947,0.79743,1169469.810500001,2025-07-03 23:59:59.999,932570.3109870158,2103,,,0
2025-07-04,0.79751,0.80349,0.76273,0.7743,1233306.895590001,2025-07-04 23:59:59.999,954949.5292553378,2152,,,0
2025-07-05,0.77476,0.7844,0.7673,0.78261,455712.40738,2025-07-05 23:59:59.999,356645.08713966183,986,,,0
2025-07-06,0.78259,0.80778,0.77264,0.79666,628877.8806999989,2025-07-06 23:59:59.999,501001.85243846115,1186,,,0
2025-07-07,0.79683,0.81402,0.76939,0.78019,955820.1511999996,2025-07-07 23:59:59.999,745721.3237647278,1750,,,0
2025-07-08,0.78057,0.8058,0.76999,0.80227,707823.2821000001,2025-07-08 23:59:59.999,567865.3845303671,1455,,,0
2025-07-09,0.80227,0.83947,0.79273,0.83272,1522145.3045499995,2025-07-09 23:59:59.999,1267520.8380048757,2486,,,0
2025-07-10,0.83272,0.90045,0.82699,0.89272,3463839.5587199912,2025-07-10 23:59:59.999,3092238.8508605105,3856,,,0
2025-07-11,0.89386,0.93762,0.86979,0.88559,3126908.8689100128,2025-07-11 23:59:59.999,2769159.225218018,5556,,,0
2025-07-12,0.88499,0.91019,0.85248,0.87404,1453889.6769599982,2025-07-12 23:59:59.999,1270757.733250117,2735,,,0
2025-07-13,0.87418,0.92905,0.87181,0.90422,2364646.035779998,2025-07-13 23:59:59.999,2138160.23847299,3478,,,0
2025-07-14,0.90472,0.96018,0.88779,0.9239,2434334.834699977,2025-07-14 23:59:59.999,2249081.953779309,5311,,,0
2025-07-15,0.92255,0.94489,0.88149,0.93827,2842048.9832499865,2025-07-15 23:59:59.999,2666609.299513965,4095,,,0
2025-07-16,0.93888,0.98296,0.92412,0.95953,2462858.3933400125,2025-07-16 23:59:59.999,2363186.514161542,4046,,,0
2025-07-17,0.95923,1.06256,0.93,1.03533,4756238.724179984,2025-07-17 23:59:59.999,4924276.638305264,8736,,,0
2025-07-18,1.03555,1.32,0.98478,1.00701,5962113.332720003,2025-07-18 23:59:59.999,6003907.74718237,9856,,,0
2025-07-19,1.00748,1.03841,0.99063,1.03341,1757922.6930799987,2025-07-19 23:59:59.999,1816654.8902558014,3245,,,0
2025-07-20,1.03199,1.085,1.02271,1.04748,3066725.83874997,2025-07-20 23:59:59.999,3212333.9815738183,4576,,,0
2025-07-21,1.04803,1.12846,1.02714,1.07562,4720485.830999902,2025-07-21 23:59:59.999,5077448.969540115,7002,,,0
2025-07-22,1.07571,1.17021,1.01724,1.14308,6067129.869760034,2025-07-22 23:59:59.999,6935214.8115253,8639,,,0
2025-07-23,1.14409,1.14685,0.98907,1.03103,4426231.478040006,2025-07-23 23:59:59.999,4563577.4408035865,8237,,,0
2025-07-24,1.03112,1.07994,0.95179,1.01734,2766473.6587399906,2025-07-24 23:59:59.999,2814444.311982542,5177,,,0
2025-07-25,1.01874,1.04212,0.98124,1.03793,2870455.719719993,2025-07-25 23:59:59.999,2979332.105168972,4316,,,0
2025-07-26,1.03799,1.06114,1.03275,1.04198,1916119.1525299968,2025-07-26 23:59:59.999,1996557.8345532059,2388,,,0
2025-07-27,1.04244,1.07099,1.03654,1.06905,3056192.7745899973,2025-07-27 23:59:59.999,3267222.885675437,3400,,,0
2025-07-28,1.06906,1.08808,0.98576,0.99105,4022010.2851799983,2025-07-28 23:59:59.999,3986013.2931276374,4967,,,0
2025-07-29,0.99238,1.01174,0.9391,0.95968,1988939.1431500004,2025-07-29 23:59:59.999,1908745.1168981923,3747,,,0
2025-07-30,0.95955,0.96374,0.90194,0.94416,2095182.870289999,2025-07-30 23:59:59.999,1978187.8588130055,3436,,,0
2025-07-31,0.94524,1.00432,0.91617,0.9194,2577599.807339999,2025-07-31 23:59:59.999,2369845.262868395,4457,,,0
2025-08-01,0.91927,0.92692,0.86695,0.88986,2591485.780570002,2025-08-01 23:59:59.999,2306059.536698022,4725,,,0
2025-08-02,0.88959,0.90851,0.84479,0.87509,1389499.0274400013,2025-08-02 23:59:59.999,1215936.7039224708,2564,,,0
2025-08-03,0.87512,0.92643,0.85922,0.92174,1312755.090029999,2025-08-03 23:59:59.999,1210018.8766842512,2151,,,0
2025-08-04,0.9213,0.97027,0.91735,0.95005,1449610.1086200017,2025-08-04 23:59:59.999,1377202.0836944326,2488,,,0
2025-08-05,0.95025,0.95043,0.90196,0.92026,2455600.9481099974,2025-08-05 23:59:59.999,2259791.328507706,3445,,,0
2025-08-06,0.91988,0.94592,0.89932,0.94175,1036162.6204600008,2025-08-06 23:59:59.999,975806.1478182058,1858,,,0
2025-08-07,0.94144,1.01169,0.93258,1.01022,2020594.9115500012,2025-08-07 23:59:59.999,2041245.391546042,3183,,,0
2025-08-08,1.01045,1.03151,1.00001,1.02049,3183945.4381000022,2025-08-08 23:59:59.999,3249184.480126671,4051,,,0
2025-08-09,1.02101,1.05858,1.01632,1.03833,1074481.2711499992,2025-08-09 23:59:59.999,1115666.1382731786,2303,,,0
2025-08-10,1.03826,1.05574,1.001,1.02624,3744333.7824899866,2025-08-10 23:59:59.999,3842585.100942524,4403,,,0
2025-08-11,1.02561,1.06341,0.97641,0.98482,3585448.2554500005,2025-08-11 23:59:59.999,3531021.1509322696,4711,,,0
2025-08-12,0.9838,1.06834,0.96841,1.06049,3432043.438999997,2025-08-12 23:59:59.999,3639647.746625107,4833,,,0
2025-08-13,1.06068,1.08926,1.04544,1.07768,3550450.670480003,2025-08-13 23:59:59.999,3826249.67856289,5778,,,0
2025-08-14,1.07719,1.11097,0.97869,1.00218,3701207.082730037,2025-08-14 23:59:59.999,3709275.714170389,6994,,,0
2025-08-15,1.0024,1.02908,0.96126,0.99123,1854335.0199999984,2025-08-15 23:59:59.999,1838072.5018745984,3145,,,0
2025-08-16,0.99096,1.01005,0.97805,1.00186,791121.4886700006,2025-08-16 23:59:59.999,792592.9746389268,1571,,,0
2025-08-17,1.00166,1.0416,0.9962,1.00814,1156376.136419999,2025-08-17 23:59:59.999,1165789.0381704578,2056,,,0
2025-08-18,1.00815,1.00893,0.94129,0.96036,2462542.274400012,2025-08-18 23:59:59.999,2364927.098642796,3765,,,0
2025-08-19,0.96072,0.97389,0.90642,0.9101,1915883.134209991,2025-08-19 23:59:59.999,1743645.2404445128,5774,,,0
2025-08-20,0.91038,0.95334,0.90387,0.94651,1931409.8248500056,2025-08-20 23:59:59.999,1828098.7133187787,5428,,,0
2025-08-21,0.94651,0.95409,0.91104,0.91638,778103.168130002,2025-08-21 23:59:59.999,713038.1812109712,4003,,,0
2025-08-22,0.9169,1.01756,0.89051,1.01083,4817859.825409982,2025-08-22 23:59:59.999,4870037.247319172,8748,,,0
2025-08-23,1.01142,1.0205,0.94995,1.00135,5897617.667490047,2025-08-23 23:59:59.999,5905579.451341159,7518,,,0
2025-08-24,1.00132,1.02775,0.95785,0.97229,2560247.1374800024,2025-08-24 23:59:59.999,2489302.6893004314,4399,,,0
2025-08-25,0.97248,0.9871,0.87805,0.8922,2728824.8110500043,2025-08-25 23:59:59.999,2434657.4964188137,4729,,,0
2025-08-26,0.89307,0.95291,0.88735,0.94131,2167110.3971899995,2025-08-26 23:59:59.999,2039922.6879789184,3527,,,0
2025-08-27,0.9416,0.95473,0.91872,0.92691,1461016.2929900037,2025-08-27 23:59:59.999,1354230.6121353644,2706,,,0
2025-08-28,0.92731,0.95169,0.92,0.94571,1318727.137720001,2025-08-28 23:59:59.999,1247133.441413182,1872,,,0
2025-08-29,0.94598,0.94937,0.89124,0.90662,2111900.131399995,2025-08-29 23:59:59.999,1914690.8971298635,3731,,,0
2025-08-30,0.90662,0.92129,0.89497,0.90849,735231.1701199991,2025-08-30 23:59:59.999,667950.165742318,1494,,,0
2025-08-31,0.90849,0.92015,0.89646,0.89716,670010.6069099997,2025-08-31 23:59:59.999,601106.7160953754,1413,,,0
2025-09-01,0.89707,0.9112,0.86025,0.88007,1004850.2143200006,2025-09-01 23:59:59.999,884338.5281166029,2996,,,0
2025-09-02,0.88036,0.95383,0.87658,0.94857,3269193.2294499916,2025-09-02 23:59:59.999,3101058.6216593785,3776,,,0
2025-09-03,0.94858,0.98659,0.93782,0.94112,3091720.360219988,2025-09-03 23:59:59.999,2909679.865410235,4170,,,0
2025-09-04,0.94175,0.94606,0.90461,0.90971,1417721.405399998,2025-09-04 23:59:59.999,1289715.339706432,2330,,,0
2025-09-05,0.9099,0.9414,0.90579,0.9118,2062297.155289998,2025-09-05 23:59:59.999,1880402.5461934204,2288,,,0
2025-09-06,0.91098,0.91472,0.89657,0.90177,767407.1050400006,2025-09-06 23:59:59.999,692024.7051119213,1620,,,0
2025-09-07,0.90168,0.91411,0.90031,0.91067,518622.6100200003,2025-09-07 23:59:59.999,472294.0522669137,1188,,,0
2025-09-08,0.91087,0.94519,0.905,0.93277,1050126.02506,2025-09-08 23:59:59.999,979526.0523952161,2368,,,0
2025-09-09,0.93278,0.978,0.92459,0.95374,2136690.7948100003,2025-09-09 23:59:59.999,2037847.4786420898,3511,,,0
2025-09-10,0.95321,1.06114,0.95321,1.02414,5009530.722740005,2025-09-10 23:59:59.999,5130460.794386948,8493,,,0
2025-09-11,1.02414,1.08127,1.0,1.08087,2641682.2294899956,2025-09-11 23:59:59.999,2855315.0713888514,5208,,,0
2025-09-12,1.08123,1.1346,1.06643,1.10187,4591259.047830008,2025-09-12 23:59:59.999,5058970.607032451,6715,,,0
2025-09-13,1.10183,1.155,1.06794,1.09243,3511830.402249997,2025-09-13 23:59:59.999,3836428.8863299643,4755,,,0
2025-09-14,1.09204,1.09204,1.03293,1.05051,1709998.042379997,2025-09-14 23:59:59.999,1796370.0435006106,2953,,,0
2025-09-15,1.04988,1.07637,1.00773,1.0373,2286992.06195,2025-09-15 23:59:59.999,2372296.865860735,3528,,,0
2025-09-16,1.03723,1.04788,1.00867,1.02092,1120061.45415,2025-09-16 23:59:59.999,1143493.139770818,2517,,,0
2025-09-17,1.02138,1.07244,1.00149,1.06567,1826083.4043999969,2025-09-17 23:59:59.999,1946002.3015669445,4130,,,0
2025-09-18,1.06697,1.09487,1.04422,1.07855,2147323.82116999,2025-09-18 23:59:59.999,2315996.1073228926,4164,,,0
2025-09-19,1.07803,1.08992,1.01381,1.02305,1421167.6531899988,2025-09-19 23:59:59.999,1453925.5675960283,3027,,,0
2025-09-20,1.02275,1.034,1.01,1.01601,1392551.175979999,2025-09-20 23:59:59.999,1414845.9203074388,1785,,,0
2025-09-21,1.01584,1.02299,0.99057,0.99099,1309386.946119998,2025-09-21 23:59:59.999,1297589.369735457,2902,,,0
2025-09-22,0.99058,0.99487,0.89216,0.94272,5822461.805179989,2025-09-22 23:59:59.999,5488951.192979279,7678,,,0
2025-09-23,0.94196,0.95214,0.9158,0.91794,2433112.16425,2025-09-23 23:59:59.999,2233450.980051645,3434,,,0
2025-09-24,0.91785,0.94419,0.90093,0.92501,988745.0515400012,2025-09-24 23:59:59.999,914599.0601250165,2278,,,0
2025-09-25,0.92435,0.92728,0.85795,0.87257,2285225.5050799926,2025-09-25 23:59:59.999,1994019.218967649,4590,,,0
2025-09-26,0.87431,0.90755,0.85975,0.89708,2058978.0137299944,2025-09-26 23:59:59.999,1847067.9965569035,3450,,,0
2025-09-27,0.89696,0.89712,0.87922,0.88501,806221.5460599996,2025-09-27 23:59:59.999,713514.1304785602,1151,,,0
2025-09-28,0.885,0.90934,0.86517,0.90597,925142.3229400004,2025-09-28 23:59:59.999,838151.1903139523,2056,,,0
2025-09-29,0.906,0.90623,0.87368,0.89373,1804293.8688800067,2025-09-29 23:59:59.999,1612551.5594341285,2920,,,0
2025-09-30,0.89417,0.89634,0.86266,0.8845,1035558.7440099992,2025-09-30 23:59:59.999,915951.7090768443,2296,,,0
2025-10-01,0.88464,0.93775,0.87719,0.93639,1999415.27475,2025-10-01 23:59:59.999,1872232.4691231526,2833,,,0
2025-10-02,0.93719,0.96815,0.92675,0.95857,1451668.9464,2025-10-02 23:59:59.999,1391526.301950648,3112,,,0
2025-10-03,0.95447,0.97919,0.93896,0.94343,991312.31593,2025-10-03 23:59:59.999,935233.7782178399,2197,,,0
2025-10-04,0.94413,0.94549,0.908,0.9226,1602063.95978,2025-10-04 23:59:59.999,1478064.2092930279,2263,,,0
2025-10-05,0.92288,0.96545,0.90392,0.91742,1107258.29449,2025-10-05 23:59:59.999,1015820.9045310158,2163,,,0
2025-10-06,0.91621,0.97846,0.91156,0.96246,1834383.0115,2025-10-06 23:59:59.999,1765520.27324829,3319,,,0
2025-10-07,0.96281,0.97048,0.90392,0.909,2101377.28427,2025-10-07 23:59:59.999,1910151.9514014302,2945,,,0
2025-10-08,0.90925,0.93401,0.89595,0.92323,1229848.36015,2025-10-08 23:59:59.999,1135432.9015412845,2501,,,0
2025-10-09,0.92405,0.9273,0.86815,0.88501,1369097.25542,2025-10-09 23:59:59.999,1211664.7620192543,2872,,,0
2025-10-10,0.885,0.93068,0.67,0.75318,6365571.04444,2025-10-10 23:59:59.999,4794420.799251319,16236,,,0
2025-10-11,0.76619,0.78802,0.697,0.71828,4461450.84806,2025-10-11 23:59:59.999,3204570.9151445366,12518,,,0
2025-10-12,0.71763,0.975,0.70045,0.81596,3272370.23615,2025-10-12 23:59:59.999,2670123.217888954,6379,,,0
2025-10-13,0.81588,0.8431,0.79016,0.83369,1893096.41725,2025-10-13 23:59:59.999,1578255.5520971525,3672,,,0
2025-10-14,0.83375,0.83955,0.74104,0.80019,3392668.9032,2025-10-14 23:59:59.999,2714779.729651608,4816,,,0
2025-10-15,0.8002,0.81939,0.752,0.76463,1385490.32995,2025-10-15 23:59:59.999,1059387.4709896685,2713,,,0
2025-10-16,0.76357,0.78008,0.71267,0.72744,1891264.02422,2025-10-16 23:59:59.999,1375781.1017785969,3084,,,0
2025-10-17,0.7268,0.73292,0.665,0.70463,2878028.9397,2025-10-17 23:59:59.999,2027945.531780811,4168,,,0
2025-10-18,0.70458,0.72516,0.70248,0.71403,591122.8298,2025-10-18 23:59:59.999,422079.43416209397,1168,,,0
2025-10-19,0.71199,0.74771,0.70141,0.73198,738790.03121,2025-10-19 23:59:59.999,540779.5270450958,1540,,,0
2025-10-20,0.73162,0.77353,0.71555,0.75273,1231296.69977,2025-10-20 23:59:59.999,926833.9648178722,2309,,,0
2025-10-21,0.75231,0.78174,0.71892,0.7241,1281942.12263,2025-10-21 23:59:59.999,928254.2909963831,2435,,,0
2025-10-22,0.7249,0.72957,0.68471,0.70307,1150116.44586,2025-10-22 23:59:59.999,808612.3695907902,2368,,,0
2025-10-23,0.70297,0.73271,0.70171,0.72226,907958.59518,2025-10-23 23:59:59.999,655782.1749547068,1519,,,0
2025-10-24,0.72198,0.75272,0.71941,0.74444,852000.29582,2025-10-24 23:59:59.999,634263.1002202408,1922,,,0
2025-10-25,0.74468,0.74468,0.72001,0.7342,658774.59808,2025-10-25 23:59:59.999,483672.309910336,1347,,,0
2025-10-26,0.73399,0.76976,0.72318,0.76634,544874.8992,2025-10-26 23:59:59.999,417559.430252928,1637,,,0
2025-10-27,0.76705,0.77988,0.74016,0.74614,913118.83682,2025-10-27 23:59:59.999,681314.4889048748,2136,,,0
2025-10-28,0.74573,0.76168,0.71577,0.72969,791896.02722,2025-10-28 23:59:59.999,577838.6121021617,2036,,,0
2025-10-29,0.72877,0.75876,0.71685,0.72864,1068962.17397,2025-10-29 23:59:59.999,778888.5984415007,2620,,,0
2025-10-30,0.72844,0.73734,0.665,0.68866,1398348.56738,2025-10-30 23:59:59.999,962986.7244119107,3309,,,0
2025-10-31,0.6893,0.70345,0.67213,0.68722,632659.99153,2025-10-31 23:59:59.999,434776.59937924665,1672,,,0
2025-11-01,0.68679,0.70276,0.67915,0.70276,440576.26454,2025-11-01 23:59:59.999,309619.3756681304,856,,,0
2025-11-02,0.70075,0.70906,0.67993,0.69849,539766.01931,2025-11-02 23:59:59.999,377021.16682784195,1032,,,0
2025-11-03,0.69805,0.69956,0.59,0.61399,3102185.97701,2025-11-03 23:59:59.999,1904711.16802437,4826,,,0
2025-11-04,0.61378,0.62745,0.55,0.59342,3225188.60543,2025-11-04 23:59:59.999,1913891.4222342705,5939,,,0
2025-11-05,0.59526,0.62065,0.56338,0.61652,1160277.63964,2025-11-05 23:59:59.999,715334.3703908527,2756,,,0
2025-11-06,0.6164,0.61645,0.5706,0.5947,1039202.11181,2025-11-06 23:59:59.999,618013.495893407,2480,,,0
2025-11-07,0.59683,0.68733,0.59069,0.66665,2820122.68108,2025-11-07 23:59:59.999,1880034.7853419818,4341,,,0
2025-11-08,0.66718,0.68049,0.63998,0.66023,1484662.40206,2025-11-08 23:59:59.999,980218.6577120738,1981,,,0
2025-11-09,0.66017,0.67835,0.6319,0.67143,790801.59449,2025-11-09 23:59:59.999,530967.9145884207,1733,,,0
2025-11-10,0.67066,0.70225,0.66736,0.69315,1666088.10651,2025-11-10 23:59:59.999,1154848.9710274066,2631,,,0
2025-11-11,0.69416,0.70507,0.64659,0.64869,1098907.02793,2025-11-11 23:59:59.999,712849.9999479117,1991,,,0
2025-11-12,0.65134,0.67577,0.62824,0.6375,1182795.48136,2025-11-12 23:59:59.999,754032.119367,1612,,,0
2025-11-13,0.63713,0.66224,0.59428,0.61359,1756710.52534,2025-11-13 23:59:59.999,1077900.0112433706,2989,,,0
2025-11-14,0.61209,0.61379,0.56632,0.57436,1956218.95723,2025-11-14 23:59:59.999,1123573.9202746227,2810,,,0
2025-11-15,0.57459,0.5953,0.57459,0.58259,2211353.09202,2025-11-15 23:59:59.999,1288312.197879932,2242,,,0
2025-11-16,0.58242,0.59094,0.54425,0.55696,1559547.06228,2025-11-16 23:59:59.999,868605.3318074688,2618,,,0
2025-11-17,0.5574,0.56814,0.51842,0.53081,2068137.75775,2025-11-17 23:59:59.999,1097788.2031912776,3178,,,0
2025-11-18,0.53048,0.5535,0.51738,0.54627,2045098.0816,2025-11-18 23:59:59.999,1117175.729035632,2589,,,0
2025-11-19,0.54574,0.54747,0.50126,0.52887,2492026.61591,2025-11-19 23:59:59.999,1317958.1163563216,2944,,,0
2025-11-20,0.52917,0.54981,0.49391,0.50022,1674600.0546,2025-11-20 23:59:59.999,837668.4393120119,2566,,,0
2025-11-21,0.50034,0.50829,0.444,0.46622,3003795.41307,2025-11-21 23:59:59.999,1400429.4974814954,4742,,,0
2025-11-22,0.46601,0.47101,0.45279,0.4624,1401676.85016,2025-11-22 23:59:59.999,648135.3755139839,1611,,,0
2025-11-23,0.46237,0.48585,0.46068,0.47546,920979.30023,2025-11-23 23:59:59.999,437888.8180873558,1457,,,0
2025-11-24,0.47447,0.50807,0.46826,0.4998,1609173.21486,2025-11-24 23:59:59.999,804264.772787028,2138,,,0
2025-11-25,0.49959,0.50923,0.48552,0.50547,994298.3263,2025-11-25 23:59:59.999,502587.97499486094,1481,,,0
2025-11-26,0.5057,0.52049,0.49254,0.51709,1396871.77477,2025-11-26 23:59:59.999,722308.4260158194,1620,,,0
2025-11-27,0.51739,0.53903,0.51481,0.52179,792214.7826,2025-11-27 23:59:59.999,413369.751412854,1471,,,0
2025-11-28,0.52191,0.53312,0.51098,0.51572,528145.17533,2025-11-28 23:59:59.999,272375.02982118755,1255,,,0
2025-11-29,0.51553,0.51977,0.50543,0.50975,140232.41897,2025-11-29 23:59:59.999,71483.4755699575,780,,,0
2025-11-30,0.50974,0.52071,0.50295,0.50336,298809.39547,2025-11-30 23:59:59.999,150408.6973037792,793,,,0
2025-12-01,0.50458,0.50512,0.44731,0.46283,1128585.0681,2025-12-01 23:59:59.999,522343.02706872305,2717,,,0
2025-12-02,0.4631,0.51515,0.45507,0.50167,863948.74776,2025-12-02 23:59:59.999,433417.1682887592,1851,,,0
2025-12-03,0.5032,0.5199,0.49572,0.51337,543562.93881,2025-12-03 23:59:59.999,279048.9058968897,1410,,,0
2025-12-04,0.51406,0.51853,0.48218,0.49135,347691.80782,2025-12-04 23:59:59.999,170838.369772357,1087,,,0
2025-12-05,0.49134,0.49385,0.45608,0.46369,771303.56502,2025-12-05 23:59:59.999,357645.7500641238,1749,,,0
2025-12-06,0.46356,0.47021,0.46185,0.46815,282480.46456,2025-12-06 23:59:59.999,132243.229483764,1068,,,0
2025-12-07,0.46824,0.47774,0.44658,0.45658,688352.3052599999,2025-12-07 23:59:59.999,314287.89553561073,1541,,,0
2025-12-08,0.45426,0.50893,0.45403,0.48452,2418463.01939,2025-12-08 23:59:59.999,1171793.702154843,4009,,,0
2025-12-09,0.48429,0.51941,0.47312,0.49942,1068224.68753,2025-12-09 23:59:59.999,533492.7734462325,2138,,,0
2025-12-10,0.50039,0.51592,0.48808,0.48969,892730.91871,2025-12-10 23:59:59.999,437161.4035830999,2095,,,0
2025-12-11,0.48988,0.49026,0.46111,0.47383,889102.6804,2025-12-11 23:59:59.999,421283.52305393195,1960,,,0
2025-12-12,0.47409,0.47948,0.44932,0.45878,1162494.00533,2025-12-12 23:59:59.999,533328.9997652975,1794,,,0
2025-12-13,0.45957,0.46525,0.45849,0.46357,1292834.8438,2025-12-13 23:59:59.999,599319.4485403659,1504,,,0
2025-12-14,0.46311,0.46552,0.43749,0.44138,644973.14161,2025-12-14 23:59:59.999,284678.2452438218,1298,,,0
2025-12-15,0.44227,0.45494,0.40233,0.41679,1462104.84299,2025-12-15 23:59:59.999,609390.6775098022,2346,,,0
2025-12-16,0.41647,0.41825,0.3991,0.41507,2228253.73388,2025-12-16 23:59:59.999,924881.2773215717,2157,,,0
2025-12-17,0.41438,0.42375,0.38556,0.39004,1209502.46015,2025-12-17 23:59:59.999,471754.33955690596,2252,,,0
2025-12-18,0.39058,0.40557,0.36576,0.36869,1488783.82022,2025-12-18 23:59:59.999,548899.7066769119,2597,,,0
2025-12-19,0.36816,0.40105,0.36,0.39748,1663762.60156,2025-12-19 23:59:59.999,661312.3588680688,1987,,,0
2025-12-20,0.39764,0.40219,0.39371,0.39901,578702.52882,2025-12-20 23:59:59.999,230908.0960244682,849,,,0
2025-12-21,0.39878,0.39904,0.38072,0.39032,981594.82332,2025-12-21 23:59:59.999,383136.0914382624,990,,,0
2025-12-22,0.39098,0.40342,0.3861,0.3932,1156321.69974,2025-12-22 23:59:59.999,454665.69233776804,1206,,,0
2025-12-23,0.39314,0.39619,0.38146,0.38631,922843.05295,2025-12-23 23:59:59.999,356503.4997851145,988,,,0
2025-12-24,0.38658,0.38955,0.37056,0.37617,816576.81234,2025-12-24 23:59:59.999,307171.6994979378,1139,,,0
2025-12-25,0.37589,0.38337,0.36665,0.3681,748151.8982,2025-12-25 23:59:59.999,275394.71372742,856,,,0
2025-12-26,0.368,0.38458,0.36607,0.37525,959178.72015,2025-12-26 23:59:59.999,359931.81473628746,970,,,0
2025-12-27,0.37521,0.38775,0.37255,0.38761,711734.77386,2025-12-27 23:59:59.999,275875.5156958746,850,,,0
2025-12-28,0.3876,0.39181,0.38321,0.38719,722413.67911,2025-12-28 23:59:59.999,279711.3524146009,820,,,0
2025-12-29,0.38709,0.39912,0.37596,0.37648,1321760.93983,2025-12-29 23:59:59.999,497616.5586271984,1359,,,0
2025-12-30,0.37658,0.38234,0.37232,0.37451,1094562.02978,2025-12-30 23:59:59.999,409924.4257729078,1145,,,0
2025-12-31,0.37382,0.37711,0.35779,0.35824,1955547.04965,2025-12-31 23:59:59.999,700555.175066616,1807,,,0
