timestamp,open,high,low,close,volume,funding_rate,fear_greed,forecast,confidence,regime,strategy,total_portfolio_value,previous_allocation,allocation_change,approved_rebalance,debug_approve_allocation_change,succcess_execute_portfolio_rebalance,debug_execute_portfolio_rebalance,postRebalance_total_value,postRebalance_current_allocation,debug_info.regime,debug_info.forecast_delta,debug_info.regime_margin,debug_info.bars_in_regime,debug_info.components,debug_info.regime_scores.trending,balances.USDT.free,balances.USDT.locked,postRebalance_balances.USDT.free,postRebalance_balances.USDT.locked
2024-01-01 00:00:00,101.72,104.75,101.51,103.07,691468.73,0.0002241,65,0.0,0.0,unknown,,1000.0,0.0,0.0,,{},,{},1000.0,0.0,unknown,0.0,1.0,1,{},0.0554,1000,0,1000,0
2024-01-01 04:00:00,103.07,103.98,101.44,102.51,425646.11,0.0002241,65,0.0,0.0,unknown,,1000.0,0.0,0.0,,{},,{},1000.0,0.0,unknown,0.0,1.0,2,{},0.0531,1000,0,1000,0
2024-01-01 08:00:00,102.49,104.95,101.78,104.32,644538.73,0.00032989,65,0.0,0.0,unknown,,1000.0,0.0,0.0,,{},,{},1000.0,0.0,unknown,0.0,1.0,3,{},0.0377,1000,0,1000,0
2024-01-01 12:00:00,104.33,106.39,103.86,105.98,779092.49,0.00032989,65,0.0,0.0,unknown,,1000.0,0.0,0.0,,{},,{},1000.0,0.0,unknown,0.0,1.0,4,{},0.0587,1000,0,1000,0
2024-01-01 16:00:00,105.99,109.07,105.83,108.81,1012433.63,0.00051477,65,0.0,0.0,unknown,,1000.0,0.0,0.0,,{},,{},1000.0,0.0,unknown,0.0,1.0,5,{},0.0772,1000,0,1000,0
2024-01-01 20:00:00,108.82,109.93,107.12,109.91,850130.68,0.00051477,65,0.0,0.0,unknown,,1000.0,0.0,0.0,,{},,{},1000.0,0.0,unknown,0.0,1.0,6,{},0.0899,1000,0,1000,0
2024-01-02 00:00:00,109.93,113.15,108.46,111.41,1512690.67,0.00057513,71,0.0,0.0,unknown,,1000.0,0.0,0.0,,{},,{},1000.0,0.0,unknown,0.0,1.0,7,{},0.0937,1000,0,1000,0
2024-01-02 04:00:00,111.41,114.7,110.89,114.47,1025196.57,0.00057513,71,0.0,0.0,unknown,,1000.0,0.0,0.0,,{},,{},1000.0,0.0,unknown,0.0,1.0,8,{},0.1081,1000,0,1000,0
2024-01-02 08:00:00,114.47,116.95,112.55,113.86,1689851.48,0.00046798,71,0.0,0.0,unknown,,1000.0,0.0,0.0,,{},,{},1000.0,0.0,unknown,0.0,1.0,9,{},0.1072,1000,0,1000,0
2024-01-02 12:00:00,113.86,114.38,107.66,109.61,1631668.33,0.00046798,71,0.0,0.0,unknown,,1000.0,0.0,0.0,,{},,{},1000.0,0.0,unknown,0.0,1.0,10,{},0.0867,1000,0,1000,0
2024-01-02 16:00:00,109.62,110.48,106.36,107.67,1187643.71,0.00096801,71,0.0,0.0,unknown,,1000.0,0.0,0.0,,{},,{},1000.0,0.0,unknown,0.0,1.0,11,{},0.0658,1000,0,1000,0
2024-01-02 20:00:00,107.67,108.9,106.02,106.73,784315.29,0.00096801,71,0.0,0.0,unknown,,1000.0,0.0,0.0,,{},,{},1000.0,0.0,unknown,0.0,1.0,12,{},0.0465,1000,0,1000,0
2024-01-03 00:00:00,106.72,108.7,106.48,108.11,722979.07,0.00032289,70,0.0,0.0,unknown,,1000.0,0.0,0.0,,{},,{},1000.0,0.0,unknown,0.0,1.0,13,{},0.0518,1000,0,1000,0
2024-01-03 04:00:00,108.11,109.9,107.09,107.81,911634.67,0.00032289,70,0.0,0.0,unknown,,1000.0,0.0,0.0,,{},,{},1000.0,0.0,unknown,0.0,1.0,14,{},0.055,1000,0,1000,0
2024-01-03 08:00:00,107.8,109.38,102.3,103.42,1808389.76,0.00013468,70,0.0,0.0,unknown,,1000.0,0.0,0.0,,{},,{},1000.0,0.0,unknown,0.0,1.0,15,{},0.0413,1000,0,1000,0
2024-01-03 12:00:00,103.42,103.47,85.0,102.06,5272547.84,0.00013468,70,0.0,0.0,unknown,,1000.0,0.0,0.0,,{},,{},1000.0,0.0,unknown,0.0,1.0,16,{},0.038,1000,0,1000,0
2024-01-03 16:00:00,102.03,103.3,95.21,97.38,2476710.43,0.0001,70,0.0,0.0,unknown,,1000.0,0.0,0.0,,{},,{},1000.0,0.0,unknown,0.0,1.0,17,{},0.0485,1000,0,1000,0
2024-01-03 20:00:00,97.38,100.52,97.22,98.52,1028798.61,0.0001,70,0.0,0.0,unknown,,1000.0,0.0,0.0,,{},,{},1000.0,0.0,unknown,0.0,1.0,18,{},0.047,1000,0,1000,0
2024-01-04 00:00:00,98.52,102.0,97.54,101.1,1015153.15,0.0001,68,0.0,0.0,unknown,,1000.0,0.0,0.0,,{},,{},1000.0,0.0,unknown,0.0,1.0,19,{},0.0331,1000,0,1000,0
2024-01-04 04:00:00,101.1,101.67,98.75,98.88,852262.81,0.0001,68,0.0,0.0,unknown,,1000.0,0.0,0.0,,{},,{},1000.0,0.0,unknown,0.0,1.0,20,{},0.0428,1000,0,1000,0
2024-01-04 08:00:00,98.89,99.26,96.6,98.51,955438.12,0.0001,68,0.0,0.0,unknown,,1000.0,0.0,0.0,,{},,{},1000.0,0.0,unknown,0.0,1.0,21,{},0.0524,1000,0,1000,0
2024-01-04 12:00:00,98.51,104.4,97.98,103.66,1641309.79,0.0001,68,0.0,0.0,unknown,,1000.0,0.0,0.0,,{},,{},1000.0,0.0,unknown,0.0,1.0,22,{},0.0386,1000,0,1000,0
2024-01-04 16:00:00,103.66,106.86,101.49,105.16,1539521.95,0.0001,68,0.0,0.0,unknown,,1000.0,0.0,0.0,,{},,{},1000.0,0.0,unknown,0.0,1.0,23,{},0.0306,1000,0,1000,0
2024-01-04 20:00:00,105.16,108.15,104.29,104.91,1231797.13,0.0001,68,0.0,0.0,unknown,,1000.0,0.0,0.0,,{},,{},1000.0,0.0,unknown,0.0,1.0,24,{},0.032,1000,0,1000,0
2024-01-05 00:00:00,104.91,105.48,98.5,100.95,1322337.22,0.0001,72,0.0,0.0,unknown,,1000.0,0.0,0.0,,{},,{},1000.0,0.0,unknown,0.0,1.0,25,{},0.0282,1000,0,1000,0
2024-01-05 04:00:00,100.92,102.23,99.99,101.15,871011.61,0.0001,72,0.0,0.0,unknown,,1000.0,0.0,0.0,,{},,{},1000.0,0.0,unknown,0.0,1.0,26,{},0.0236,1000,0,1000,0
2024-01-05 08:00:00,101.16,103.17,99.07,99.62,1151219.59,0.0001,72,0.0,0.0,unknown,,1000.0,0.0,0.0,,{},,{},1000.0,0.0,unknown,0.0,1.0,27,{},0.0327,1000,0,1000,0
2024-01-05 12:00:00,99.63,101.44,96.72,98.03,1468753.85,0.0001,72,0.0,0.0,unknown,,1000.0,0.0,0.0,,{},,{},1000.0,0.0,unknown,0.0,1.0,28,{},0.0508,1000,0,1000,0
2024-01-05 16:00:00,98.03,98.89,95.23,97.95,1181102.33,0.0001,72,0.0,0.0,unknown,,1000.0,0.0,0.0,,{},,{},1000.0,0.0,unknown,0.0,1.0,29,{},0.0771,1000,0,1000,0
2024-01-05 20:00:00,97.96,100.47,97.68,99.94,709142.61,0.0001,72,0.0,0.0,unknown,,1000.0,0.0,0.0,,{},,{},1000.0,0.0,unknown,0.0,1.0,30,{},0.0898,1000,0,1000,0
2024-01-06 00:00:00,99.93,100.3,97.76,98.66,508097.15,0.0001,70,0.0,0.0,unknown,,1000.0,0.0,0.0,,{},,{},1000.0,0.0,unknown,0.0,1.0,31,{},0.1091,1000,0,1000,0
2024-01-06 04:00:00,98.66,98.92,91.53,94.5,1572363.83,0.0001,70,0.0,0.0,unknown,,1000.0,0.0,0.0,,{},,{},1000.0,0.0,unknown,0.0,1.0,32,{},0.1476,1000,0,1000,0
2024-01-06 08:00:00,94.51,95.7,93.7,94.45,700329.54,0.0001,70,0.0,0.0,unknown,,1000.0,0.0,0.0,,{},,{},1000.0,0.0,unknown,0.0,1.0,33,{},0.1696,1000,0,1000,0
2024-01-06 12:00:00,94.45,96.57,92.82,95.18,773560.19,0.0001,70,0.0,0.0,unknown,,1000.0,0.0,0.0,,{},,{},1000.0,0.0,unknown,0.0,1.0,34,{},0.1696,1000,0,1000,0
2024-01-06 16:00:00,95.18,97.24,94.52,95.05,847744.84,0.0001,70,0.0,0.0,unknown,,1000.0,0.0,0.0,,{},,{},1000.0,0.0,unknown,0.0,1.0,35,{},0.1647,1000,0,1000,0
2024-01-06 20:00:00,95.05,95.65,92.23,93.77,749382.48,0.0001,70,0.0,0.0,unknown,,1000.0,0.0,0.0,,{},,{},1000.0,0.0,unknown,0.0,1.0,36,{},0.1622,1000,0,1000,0
2024-01-07 00:00:00,93.77,96.3,91.0,92.9,966038.99,0.0001,71,0.0,0.0,unknown,,1000.0,0.0,0.0,,{},,{},1000.0,0.0,unknown,0.0,1.0,37,{},0.169,1000,0,1000,0
2024-01-07 04:00:00,92.9,95.75,92.53,95.25,997161.49,0.0001,71,0.0,0.0,unknown,,1000.0,0.0,0.0,,{},,{},1000.0,0.0,unknown,0.0,1.0,38,{},0.1584,1000,0,1000,0
2024-01-07 08:00:00,95.26,95.62,92.91,94.53,642834.59,0.0001,71,0.0,0.0,unknown,,1000.0,0.0,0.0,,{},,{},1000.0,0.0,unknown,0.0,1.0,39,{},0.144,1000,0,1000,0
2024-01-07 12:00:00,94.53,96.8,93.19,93.96,894548.14,0.0001,71,0.0,0.0,unknown,,1000.0,0.0,0.0,,{},,{},1000.0,0.0,unknown,0.0,1.0,40,{},0.1262,1000,0,1000,0
2024-01-07 16:00:00,93.96,95.0,93.0,94.75,588268.12,0.0001,71,0.0,0.0,unknown,,1000.0,0.0,0.0,,{},,{},1000.0,0.0,unknown,0.0,1.0,41,{},0.0947,1000,0,1000,0
2024-01-07 20:00:00,94.76,95.31,87.68,89.44,1458482.82,0.0001,71,0.0,0.0,unknown,,1000.0,0.0,0.0,,{},,{},1000.0,0.0,unknown,0.0,1.0,42,{},0.0966,1000,0,1000,0
2024-01-08 00:00:00,89.44,90.9,85.16,87.25,2096259.51,0.0001,71,0.0,0.0,unknown,,1000.0,0.0,0.0,,{},,{},1000.0,0.0,unknown,0.0,1.0,43,{},0.1192,1000,0,1000,0
2024-01-08 04:00:00,87.24,91.0,86.91,89.68,1228052.81,0.0001,71,0.0,0.0,unknown,,1000.0,0.0,0.0,,{},,{},1000.0,0.0,unknown,0.0,1.0,44,{},0.1159,1000,0,1000,0
2024-01-08 08:00:00,89.68,92.24,88.48,92.23,986399.2,0.0001,71,0.0,0.0,unknown,,1000.0,0.0,0.0,,{},,{},1000.0,0.0,unknown,0.0,1.0,45,{},0.0994,1000,0,1000,0
2024-01-08 12:00:00,92.23,95.56,92.2,94.67,2173413.1,0.0001,71,0.0,0.0,unknown,,1000.0,0.0,0.0,,{},,{},1000.0,0.0,unknown,0.0,1.0,46,{},0.101,1000,0,1000,0
2024-01-08 16:00:00,94.69,99.97,93.76,99.26,2243530.31,0.0001,71,0.0,0.0,unknown,,1000.0,0.0,0.0,,{},,{},1000.0,0.0,unknown,0.0,1.0,47,{},0.0913,1000,0,1000,0
2024-01-08 20:00:00,99.26,99.43,96.4,97.88,949842.2,0.0001,71,0.0,0.0,unknown,,1000.0,0.0,0.0,,{},,{},1000.0,0.0,unknown,0.0,1.0,48,{},0.0897,1000,0,1000,0
2024-01-09 00:00:00,97.88,99.8,95.25,99.79,1317450.69,0.0001,76,0.0,0.0,unknown,,1000.0,0.0,0.0,,{},,{},1000.0,0.0,unknown,0.0,1.0,49,{},0.0661,1000,0,1000,0
2024-01-09 04:00:00,99.8,103.95,99.47,101.87,1593493.38,0.0001,76,0.0,0.0,unknown,,1000.0,0.0,0.0,,{},,{},1000.0,0.0,unknown,0.0,1.0,50,{},0.0479,1000,0,1000,0
2024-01-09 08:00:00,101.87,102.67,99.49,101.88,1038978.24,0.0001,76,0.0,0.0,unknown,,1000.0,0.0,0.0,,{},,{},1000.0,0.0,unknown,0.0,1.0,51,{},0.0438,1000,0,1000,0
2024-01-09 12:00:00,101.88,102.38,95.91,99.8,1665185.72,0.0001,76,0.0,0.0,unknown,,1000.0,0.0,0.0,,{},,{},1000.0,0.0,unknown,0.0,1.0,52,{},0.0358,1000,0,1000,0
2024-01-09 16:00:00,99.79,101.44,98.17,99.29,994213.37,0.0001,76,0.0,0.0,unknown,,1000.0,0.0,0.0,,{},,{},1000.0,0.0,unknown,0.0,1.0,53,{},0.0286,1000,0,1000,0
2024-01-09 20:00:00,99.3,104.89,95.5,99.36,1965609.27,0.0001,76,0.0,0.0,unknown,,1000.0,0.0,0.0,,{},,{},1000.0,0.0,unknown,0.0,1.0,54,{},0.0194,1000,0,1000,0
2024-01-10 00:00:00,99.36,100.21,97.53,99.65,709492.88,0.0001,73,0.0,0.0,unknown,,1000.0,0.0,0.0,,{},,{},1000.0,0.0,unknown,0.0,1.0,55,{},0.016,1000,0,1000,0
2024-01-10 04:00:00,99.65,100.42,98.01,98.12,384074.56,0.0001,73,0.0,0.0,unknown,,1000.0,0.0,0.0,,{},,{},1000.0,0.0,unknown,0.0,1.0,56,{},0.0248,1000,0,1000,0
2024-01-10 08:00:00,98.13,98.27,96.28,97.31,776426.81,0.0001,73,0.0,0.0,unknown,,1000.0,0.0,0.0,,{},,{},1000.0,0.0,unknown,0.0,1.0,57,{},0.0272,1000,0,1000,0
2024-01-10 12:00:00,97.32,97.74,91.68,94.78,1930144.23,0.0001,73,0.0,0.0,unknown,,1000.0,0.0,0.0,,{},,{},1000.0,0.0,unknown,0.0,1.0,58,{},0.0195,1000,0,1000,0
2024-01-10 16:00:00,94.77,98.39,93.99,96.31,1384266.48,0.0001,73,0.0,0.0,unknown,,1000.0,0.0,0.0,,{},,{},1000.0,0.0,unknown,0.0,1.0,59,{},0.0173,1000,0,1000,0
2024-01-10 20:00:00,96.3,105.52,93.0,102.0,3449875.11,0.0001,73,0.0,0.0,unknown,,1000.0,0.0,0.0,,{},,{},1000.0,0.0,unknown,0.0,1.0,60,{},0.0356,1000,0,1000,0
2024-01-11 00:00:00,101.99,102.15,99.16,100.32,1224556.67,0.0001,76,0.0,0.0,unknown,,1000.0,0.0,0.0,,{},,{},1000.0,0.0,unknown,0.0,1.0,61,{},0.0454,1000,0,1000,0
2024-01-11 04:00:00,100.32,101.73,98.0,99.72,1007025.24,0.0001,76,0.0,0.0,unknown,,1000.0,0.0,0.0,,{},,{},1000.0,0.0,unknown,0.0,1.0,62,{},0.0508,1000,0,1000,0
2024-01-11 08:00:00,99.71,104.59,99.55,104.43,1233820.61,0.0001,76,0.0,0.0,unknown,,1000.0,0.0,0.0,,{},,{},1000.0,0.0,unknown,0.0,1.0,63,{},0.0644,1000,0,1000,0
2024-01-11 12:00:00,104.44,107.32,99.0,100.79,3350808.66,0.0001,76,0.0,0.0,unknown,,1000.0,0.0,0.0,,{},,{},1000.0,0.0,unknown,0.0,1.0,64,{},0.061,1000,0,1000,0
2024-01-11 16:00:00,100.79,101.53,97.67,101.36,1492324.36,0.0001,76,0.0,0.0,unknown,,1000.0,0.0,0.0,,{},,{},1000.0,0.0,unknown,0.0,1.0,65,{},0.0589,1000,0,1000,0
2024-01-11 20:00:00,101.36,102.4,99.07,99.9,678147.41,0.0001,76,0.0,0.0,unknown,,1000.0,0.0,0.0,,{},,{},1000.0,0.0,unknown,0.0,1.0,66,{},0.0742,1000,0,1000,0
2024-01-12 00:00:00,99.89,100.34,97.47,97.73,637138.59,0.0001,71,0.0,0.0,unknown,,1000.0,0.0,0.0,,{},,{},1000.0,0.0,unknown,0.0,1.0,67,{},0.0814,1000,0,1000,0
2024-01-12 04:00:00,97.72,100.49,97.65,98.83,642555.02,0.0001,71,0.0,0.0,unknown,,1000.0,0.0,0.0,,{},,{},1000.0,0.0,unknown,0.0,1.0,68,{},0.0839,1000,0,1000,0
2024-01-12 08:00:00,98.83,99.13,97.58,98.22,730438.81,0.0001,71,0.0,0.0,unknown,,1000.0,0.0,0.0,,{},,{},1000.0,0.0,unknown,0.0,1.0,69,{},0.0734,1000,0,1000,0
2024-01-12 12:00:00,98.22,99.3,95.0,95.32,1335846.06,0.0001,71,0.0,0.0,unknown,,1000.0,0.0,0.0,,{},,{},1000.0,0.0,unknown,0.0,1.0,70,{},0.0533,1000,0,1000,0
2024-01-12 16:00:00,95.33,96.69,92.68,95.21,1380457.58,0.0001,71,0.0,0.0,unknown,,1000.0,0.0,0.0,,{},,{},1000.0,0.0,unknown,0.0,1.0,71,{},0.0519,1000,0,1000,0
2024-01-12 20:00:00,95.22,95.91,87.0,92.12,1735754.18,0.0001,71,0.0,0.0,unknown,,1000.0,0.0,0.0,,{},,{},1000.0,0.0,unknown,0.0,1.0,72,{},0.056,1000,0,1000,0
2024-01-13 00:00:00,92.14,92.65,89.51,91.08,831445.34,0.0001,64,0.0,0.0,unknown,,1000.0,0.0,0.0,,{},,{},1000.0,0.0,unknown,0.0,1.0,73,{},0.0718,1000,0,1000,0
2024-01-13 04:00:00,91.08,93.31,90.92,92.56,538435.03,0.0001,64,0.0,0.0,unknown,,1000.0,0.0,0.0,,{},,{},1000.0,0.0,unknown,0.0,1.0,74,{},0.088,1000,0,1000,0
2024-01-13 08:00:00,92.56,93.19,91.52,92.24,425308.87,0.0001,64,0.0,0.0,unknown,,1000.0,0.0,0.0,,{},,{},1000.0,0.0,unknown,0.0,1.0,75,{},0.098,1000,0,1000,0
2024-01-13 12:00:00,92.23,93.35,91.09,92.89,562896.82,0.0001,64,0.0,0.0,unknown,,1000.0,0.0,0.0,,{},,{},1000.0,0.0,unknown,0.0,1.0,76,{},0.0949,1000,0,1000,0
2024-01-13 16:00:00,92.9,95.7,91.57,94.8,647806.0,0.0001,64,0.0,0.0,unknown,,1000.0,0.0,0.0,,{},,{},1000.0,0.0,unknown,0.0,1.0,77,{},0.0811,1000,0,1000,0
2024-01-13 20:00:00,94.8,97.05,94.7,95.85,1048118.86,0.0001,64,0.0,0.0,unknown,,1000.0,0.0,0.0,,{},,{},1000.0,0.0,unknown,0.0,1.0,78,{},0.0681,1000,0,1000,0
2024-01-14 00:00:00,95.85,96.99,94.32,96.93,774777.38,0.0001,60,0.0,0.0,unknown,,1000.0,0.0,0.0,,{},,{},1000.0,0.0,unknown,0.0,1.0,79,{},0.0564,1000,0,1000,0
2024-01-14 04:00:00,96.92,98.85,95.97,98.28,734258.02,0.0001,60,0.0,0.0,unknown,,1000.0,0.0,0.0,,{},,{},1000.0,0.0,unknown,0.0,1.0,80,{},0.0398,1000,0,1000,0
2024-01-14 08:00:00,98.28,98.6,96.59,96.74,488834.64,0.0001,60,0.0,0.0,unknown,,1000.0,0.0,0.0,,{},,{},1000.0,0.0,unknown,0.0,1.0,81,{},0.0287,1000,0,1000,0
2024-01-14 12:00:00,96.75,99.74,96.26,99.49,823949.84,0.0001,60,0.0,0.0,unknown,,1000.0,0.0,0.0,,{},,{},1000.0,0.0,unknown,0.0,1.0,82,{},0.0377,1000,0,1000,0
2024-01-14 16:00:00,99.49,102.87,96.0,96.14,1741599.78,0.0001,60,0.0,0.0,unknown,,1000.0,0.0,0.0,,{},,{},1000.0,0.0,unknown,0.0,1.0,83,{},0.0256,1000,0,1000,0
2024-01-14 20:00:00,96.14,97.71,93.62,93.81,1204485.0,0.0001,60,0.0,0.0,unknown,,1000.0,0.0,0.0,,{},,{},1000.0,0.0,unknown,0.0,1.0,84,{},0.05,1000,0,1000,0
2024-01-15 00:00:00,93.81,96.96,93.81,95.9,614603.3,0.0001,52,0.0,0.0,unknown,,1000.0,0.0,0.0,,{},,{},1000.0,0.0,unknown,0.0,1.0,85,{},0.05,1000,0,1000,0
2024-01-15 04:00:00,95.9,96.82,94.89,95.59,522311.88,0.0001,52,0.0,0.0,unknown,,1000.0,0.0,0.0,,{},,{},1000.0,0.0,unknown,0.0,1.0,86,{},0.0494,1000,0,1000,0
2024-01-15 08:00:00,95.58,95.98,94.41,95.52,497964.29,0.0001,52,0.0,0.0,unknown,,1000.0,0.0,0.0,,{},,{},1000.0,0.0,unknown,0.0,1.0,87,{},0.0722,1000,0,1000,0
2024-01-15 12:00:00,95.51,95.79,92.97,93.51,786246.89,0.0001,52,0.0,0.0,unknown,,1000.0,0.0,0.0,,{},,{},1000.0,0.0,unknown,0.0,1.0,88,{},0.0811,1000,0,1000,0
2024-01-15 16:00:00,93.5,96.82,93.26,96.01,697166.4,0.0001,52,0.0,0.0,unknown,,1000.0,0.0,0.0,,{},,{},1000.0,0.0,unknown,0.0,1.0,89,{},0.0772,1000,0,1000,0
2024-01-15 20:00:00,96.02,96.5,93.1,94.36,487685.55,0.0001,52,0.0,0.0,unknown,,1000.0,0.0,0.0,,{},,{},1000.0,0.0,unknown,0.0,1.0,90,{},0.0746,1000,0,1000,0
2024-01-16 00:00:00,94.35,96.24,94.34,96.19,478122.78,0.0001,64,0.0,0.0,unknown,,1000.0,0.0,0.0,,{},,{},1000.0,0.0,unknown,0.0,1.0,91,{},0.0557,1000,0,1000,0
2024-01-16 04:00:00,96.19,98.22,95.29,97.73,563768.15,0.0001,64,0.0,0.0,unknown,,1000.0,0.0,0.0,,{},,{},1000.0,0.0,unknown,0.0,1.0,92,{},0.042,1000,0,1000,0
2024-01-16 08:00:00,97.73,98.29,96.27,96.7,713722.7,0.0001,64,0.0,0.0,unknown,,1000.0,0.0,0.0,,{},,{},1000.0,0.0,unknown,0.0,1.0,93,{},0.0345,1000,0,1000,0
2024-01-16 12:00:00,96.7,97.74,94.16,97.25,980008.84,0.0001,64,0.0,0.0,unknown,,1000.0,0.0,0.0,,{},,{},1000.0,0.0,unknown,0.0,1.0,94,{},0.0317,1000,0,1000,0
2024-01-16 16:00:00,97.25,97.85,96.1,96.78,428566.17,0.0001,64,0.0,0.0,unknown,,1000.0,0.0,0.0,,{},,{},1000.0,0.0,unknown,0.0,1.0,95,{},0.0282,1000,0,1000,0
2024-01-16 20:00:00,96.78,98.73,96.71,97.61,604099.44,0.0001,64,0.0,0.0,unknown,,1000.0,0.0,0.0,,{},,{},1000.0,0.0,unknown,0.0,1.0,96,{},0.0461,1000,0,1000,0
2024-01-17 00:00:00,97.6,101.09,97.31,99.96,980928.4,0.0001,60,0.0,0.0,unknown,,1000.0,0.0,0.0,,{},,{},1000.0,0.0,unknown,0.0,1.0,97,{},0.0716,1000,0,1000,0
2024-01-17 04:00:00,99.96,100.36,97.09,97.32,675565.79,0.0001,60,0.0,0.0,unknown,,1000.0,0.0,0.0,,{},,{},1000.0,0.0,unknown,0.0,1.0,98,{},0.0688,1000,0,1000,0
2024-01-17 08:00:00,97.32,102.8,96.5,102.02,1444536.51,0.0001,60,0.0,0.0,unknown,,1000.0,0.0,0.0,,{},,{},1000.0,0.0,unknown,0.0,1.0,99,{},0.0819,1000,0,1000,0
2024-01-17 12:00:00,102.01,102.75,99.15,99.38,1575618.1,0.0001,60,0.0,0.0,unknown,,1000.0,0.0,0.0,,{},,{},1000.0,0.0,unknown,0.0,1.0,100,{},0.0781,1000,0,1000,0
2024-01-17 16:00:00,99.37,101.3,97.25,100.79,1318994.33,0.0001,60,0.0,0.0,unknown,,1000.0,0.0,0.0,,{},,{},1000.0,0.0,unknown,0.0,1.0,101,{},0.0747,1000,0,1000,0
2024-01-17 20:00:00,100.79,102.35,100.0,102.1,936663.41,0.0001,60,0.0,0.0,unknown,,1000.0,0.0,0.0,,{},,{},1000.0,0.0,unknown,0.0,1.0,102,{},0.0727,1000,0,1000,0
2024-01-18 00:00:00,102.1,103.59,99.54,99.91,887064.02,0.0001,63,0.0,0.0,unknown,,1000.0,0.0,0.0,,{},,{},1000.0,0.0,unknown,0.0,1.0,103,{},0.0591,1000,0,1000,0
2024-01-18 04:00:00,99.91,101.5,99.46,100.76,899489.16,0.0001,63,0.0,0.0,unknown,,1000.0,0.0,0.0,,{},,{},1000.0,0.0,unknown,0.0,1.0,104,{},0.0485,1000,0,1000,0
2024-01-18 08:00:00,100.75,101.27,98.27,98.96,707369.81,0.0001,63,0.0,0.0,unknown,,1000.0,0.0,0.0,,{},,{},1000.0,0.0,unknown,0.0,1.0,105,{},0.0398,1000,0,1000,0
2024-01-18 12:00:00,98.95,99.25,97.76,98.25,584810.35,0.0001,63,0.0,0.0,unknown,,1000.0,0.0,0.0,,{},,{},1000.0,0.0,unknown,0.0,1.0,106,{},0.0307,1000,0,1000,0
2024-01-18 16:00:00,98.25,98.26,91.41,92.36,2169693.49,0.0001,63,0.0,0.0,unknown,,1000.0,0.0,0.0,,{},,{},1000.0,0.0,unknown,0.0,1.0,107,{},0.0317,1000,0,1000,0
2024-01-18 20:00:00,92.37,94.88,92.21,94.4,968246.17,0.0001,63,0.0,0.0,unknown,,1000.0,0.0,0.0,,{},,{},1000.0,0.0,unknown,0.0,1.0,108,{},0.0225,1000,0,1000,0
2024-01-19 00:00:00,94.39,94.79,91.47,93.09,835812.16,0.0001,51,0.0,0.0,unknown,,1000.0,0.0,0.0,,{},,{},1000.0,0.0,unknown,0.0,1.0,109,{},0.024,1000,0,1000,0
2024-01-19 04:00:00,93.09,95.39,92.85,94.48,530863.14,0.0001,51,0.0,0.0,unknown,,1000.0,0.0,0.0,,{},,{},1000.0,0.0,unknown,0.0,1.0,110,{},0.0201,1000,0,1000,0
2024-01-19 08:00:00,94.49,95.47,93.83,94.78,472898.75,0.0001,51,0.0,0.0,unknown,,1000.0,0.0,0.0,,{},,{},1000.0,0.0,unknown,0.0,1.0,111,{},0.016,1000,0,1000,0
2024-01-19 12:00:00,94.78,94.78,90.71,91.2,1258591.21,0.0001,51,0.0,0.0,unknown,,1000.0,0.0,0.0,,{},,{},1000.0,0.0,unknown,0.0,1.0,112,{},0.0173,1000,0,1000,0
2024-01-19 16:00:00,91.21,94.73,87.04,94.12,2556711.33,0.0001,51,0.0,0.0,unknown,,1000.0,0.0,0.0,,{},,{},1000.0,0.0,unknown,0.0,1.0,113,{},0.0169,1000,0,1000,0
2024-01-19 20:00:00,94.12,94.95,92.71,93.62,702566.16,0.0001,51,0.0,0.0,unknown,,1000.0,0.0,0.0,,{},,{},1000.0,0.0,unknown,0.0,1.0,114,{},0.0133,1000,0,1000,0
2024-01-20 00:00:00,93.62,94.27,92.04,93.58,471481.23,0.0001,52,0.0,0.0,unknown,,1000.0,0.0,0.0,,{},,{},1000.0,0.0,unknown,0.0,1.0,115,{},0.0173,1000,0,1000,0
2024-01-20 04:00:00,93.59,93.69,91.68,91.9,465936.53,0.0001,52,0.0,0.0,unknown,,1000.0,0.0,0.0,,{},,{},1000.0,0.0,unknown,0.0,1.0,116,{},0.0297,1000,0,1000,0
2024-01-20 08:00:00,91.89,92.33,91.1,91.98,509572.62,0.0001,52,0.0,0.0,unknown,,1000.0,0.0,0.0,,{},,{},1000.0,0.0,unknown,0.0,1.0,117,{},0.0351,1000,0,1000,0
2024-01-20 12:00:00,91.98,92.25,90.2,90.84,498680.56,0.0001,52,0.0,0.0,unknown,,1000.0,0.0,0.0,,{},,{},1000.0,0.0,unknown,0.0,1.0,118,{},0.0423,1000,0,1000,0
2024-01-20 16:00:00,90.84,92.58,90.72,92.01,437341.24,0.0001,52,0.0,0.0,unknown,,1000.0,0.0,0.0,,{},,{},1000.0,0.0,unknown,0.0,1.0,119,{},0.0424,1000,0,1000,0
2024-01-20 20:00:00,92.02,93.44,91.78,92.88,416373.69,0.0001,52,0.0,0.0,unknown,,1000.0,0.0,0.0,,{},,{},1000.0,0.0,unknown,0.0,1.0,120,{},0.0424,1000,0,1000,0
2024-01-21 00:00:00,92.88,93.38,91.84,92.92,288149.23,0.0001,56,0.0,0.0,unknown,,1000.0,0.0,0.0,,{},,{},1000.0,0.0,unknown,0.0,1.0,121,{},0.0504,1000,0,1000,0
2024-01-21 04:00:00,92.93,93.06,91.83,92.35,222610.89,0.0001,56,0.0,0.0,unknown,,1000.0,0.0,0.0,,{},,{},1000.0,0.0,unknown,0.0,1.0,122,{},0.0517,1000,0,1000,0
2024-01-21 08:00:00,92.35,93.93,92.2,93.16,468292.13,0.0001,56,0.0,0.0,unknown,,1000.0,0.0,0.0,,{},,{},1000.0,0.0,unknown,0.0,1.0,123,{},0.067,1000,0,1000,0
2024-01-21 12:00:00,93.17,93.74,91.99,92.5,419642.97,0.0001,56,0.0,0.0,unknown,,1000.0,0.0,0.0,,{},,{},1000.0,0.0,unknown,0.0,1.0,124,{},0.0713,1000,0,1000,0
2024-01-21 16:00:00,92.51,92.89,91.67,92.46,280109.25,0.0001,56,0.0,0.0,unknown,,1000.0,0.0,0.0,,{},,{},1000.0,0.0,unknown,0.0,1.0,125,{},0.0838,1000,0,1000,0
2024-01-21 20:00:00,92.46,92.61,90.79,91.09,334947.36,0.0001,56,0.0,0.0,unknown,,1000.0,0.0,0.0,,{},,{},1000.0,0.0,unknown,0.0,1.0,126,{},0.1013,1000,0,1000,0
2024-01-22 00:00:00,91.08,91.9,88.15,89.34,827111.27,0.0001,55,0.0,0.0,unknown,,1000.0,0.0,0.0,,{},,{},1000.0,0.0,unknown,0.0,1.0,127,{},0.1115,1000,0,1000,0
2024-01-22 04:00:00,89.35,90.17,88.2,89.22,582506.83,0.0001,55,0.0,0.0,unknown,,1000.0,0.0,0.0,,{},,{},1000.0,0.0,unknown,0.0,1.0,128,{},0.1227,1000,0,1000,0
2024-01-22 08:00:00,89.22,89.22,86.2,88.36,1150124.98,0.0001,55,0.0,0.0,unknown,,1000.0,0.0,0.0,,{},,{},1000.0,0.0,unknown,0.0,1.0,129,{},0.1264,1000,0,1000,0
2024-01-22 12:00:00,88.36,90.0,85.65,87.26,1301578.02,0.0001,55,0.0,0.0,unknown,,1000.0,0.0,0.0,,{},,{},1000.0,0.0,unknown,0.0,1.0,130,{},0.1342,1000,0,1000,0
2024-01-22 16:00:00,87.29,87.67,82.06,83.64,2064016.57,0.0001,55,0.0,0.0,unknown,,1000.0,0.0,0.0,,{},,{},1000.0,0.0,unknown,0.0,1.0,131,{},0.1305,1000,0,1000,0
2024-01-22 20:00:00,83.64,86.35,83.17,83.84,1140107.15,0.0001,55,0.0,0.0,unknown,,1000.0,0.0,0.0,,{},,{},1000.0,0.0,unknown,0.0,1.0,132,{},0.1466,1000,0,1000,0
2024-01-23 00:00:00,83.84,85.9,83.6,85.18,672768.13,0.0001,50,0.0,0.0,unknown,,1000.0,0.0,0.0,,{},,{},1000.0,0.0,unknown,0.0,1.0,133,{},0.1389,1000,0,1000,0
2024-01-23 04:00:00,85.18,86.0,82.24,82.83,611901.84,0.0001,50,0.0,0.0,unknown,,1000.0,0.0,0.0,,{},,{},1000.0,0.0,unknown,0.0,1.0,134,{},0.1518,1000,0,1000,0
2024-01-23 08:00:00,82.82,83.5,79.0,80.22,2335306.51,0.0001,50,0.0,0.0,unknown,,1000.0,0.0,0.0,,{},,{},1000.0,0.0,unknown,0.0,1.0,135,{},0.1696,1000,0,1000,0
2024-01-23 12:00:00,80.21,83.4,79.0,82.71,2159919.56,0.0001,50,0.0,0.0,unknown,,1000.0,0.0,0.0,,{},,{},1000.0,0.0,unknown,0.0,1.0,136,{},0.1499,1000,0,1000,0
2024-01-23 16:00:00,82.71,84.0,80.84,80.92,1508098.52,0.0001,50,0.0,0.0,unknown,,1000.0,0.0,0.0,,{},,{},1000.0,0.0,unknown,0.0,1.0,137,{},0.1644,1000,0,1000,0
2024-01-23 20:00:00,80.92,84.44,80.41,84.35,996310.77,0.0001,50,0.0,0.0,unknown,,1000.0,0.0,0.0,,{},,{},1000.0,0.0,unknown,0.0,1.0,138,{},0.1469,1000,0,1000,0
2024-01-24 00:00:00,84.36,85.78,83.39,83.55,1275140.78,0.0001,48,0.0,0.0,unknown,,1000.0,0.0,0.0,,{},,{},1000.0,0.0,unknown,0.0,1.0,139,{},0.1403,1000,0,1000,0
2024-01-24 04:00:00,83.57,86.84,83.3,86.16,847531.75,0.0001,48,0.0,0.0,unknown,,1000.0,0.0,0.0,,{},,{},1000.0,0.0,unknown,0.0,1.0,140,{},0.1184,1000,0,1000,0
2024-01-24 08:00:00,86.16,88.57,85.94,87.21,1164441.41,0.0001,48,0.0,0.0,unknown,,1000.0,0.0,0.0,,{},,{},1000.0,0.0,unknown,0.0,1.0,141,{},0.0995,1000,0,1000,0
2024-01-24 12:00:00,87.22,88.0,85.24,86.99,1224486.77,0.0001,48,0.0,0.0,unknown,,1000.0,0.0,0.0,,{},,{},1000.0,0.0,unknown,0.0,1.0,142,{},0.0903,1000,0,1000,0
2024-01-24 16:00:00,86.99,87.85,85.54,86.37,798965.49,0.0001,48,0.0,0.0,unknown,,1000.0,0.0,0.0,,{},,{},1000.0,0.0,unknown,0.0,1.0,143,{},0.0849,1000,0,1000,0
2024-01-24 20:00:00,86.36,89.47,85.9,88.77,748327.95,0.0001,48,0.0,0.0,unknown,,1000.0,0.0,0.0,,{},,{},1000.0,0.0,unknown,0.0,1.0,144,{},0.0751,1000,0,1000,0
2024-01-25 00:00:00,88.77,89.64,87.69,88.35,687164.0,0.0001,52,0.0,0.0,unknown,,1000.0,0.0,0.0,,{},,{},1000.0,0.0,unknown,0.0,1.0,145,{},0.0712,1000,0,1000,0
2024-01-25 04:00:00,88.34,88.65,86.74,88.2,575172.26,0.0001,52,0.0,0.0,unknown,,1000.0,0.0,0.0,,{},,{},1000.0,0.0,unknown,0.0,1.0,146,{},0.0673,1000,0,1000,0
2024-01-25 08:00:00,88.19,89.37,86.55,89.03,749548.66,0.0001,52,0.0,0.0,unknown,,1000.0,0.0,0.0,,{},,{},1000.0,0.0,unknown,0.0,1.0,147,{},0.0634,1000,0,1000,0
2024-01-25 12:00:00,89.03,89.3,86.01,86.41,844054.98,0.0001,52,0.0,0.0,unknown,,1000.0,0.0,0.0,,{},,{},1000.0,0.0,unknown,0.0,1.0,148,{},0.0626,1000,0,1000,0
2024-01-25 16:00:00,86.42,88.19,85.09,87.75,789642.97,0.0001,52,0.0,0.0,unknown,,1000.0,0.0,0.0,,{},,{},1000.0,0.0,unknown,0.0,1.0,149,{},0.0557,1000,0,1000,0
2024-01-25 20:00:00,87.75,87.83,86.45,86.91,357115.33,0.0001,52,0.0,0.0,unknown,,1000.0,0.0,0.0,,{},,{},1000.0,0.0,unknown,0.0,1.0,150,{},0.049,1000,0,1000,0
2024-01-26 00:00:00,86.9,88.3,85.96,87.96,558639.51,0.0001,49,0.0,0.0,unknown,,1000.0,0.0,0.0,,{},,{},1000.0,0.0,unknown,0.0,1.0,151,{},0.0359,1000,0,1000,0
2024-01-26 04:00:00,87.96,88.5,86.71,87.02,315256.19,0.0001,49,0.0,0.0,unknown,,1000.0,0.0,0.0,,{},,{},1000.0,0.0,unknown,0.0,1.0,152,{},0.0311,1000,0,1000,0
2024-01-26 08:00:00,87.03,92.4,87.01,91.95,1396067.64,0.0001,49,0.0,0.0,unknown,,1000.0,0.0,0.0,,{},,{},1000.0,0.0,unknown,0.0,1.0,153,{},0.0299,1000,0,1000,0
2024-01-26 12:00:00,91.96,92.68,90.12,92.42,904514.29,0.0001,49,0.0,0.0,unknown,,1000.0,0.0,0.0,,{},,{},1000.0,0.0,unknown,0.0,1.0,154,{},0.0352,1000,0,1000,0
2024-01-26 16:00:00,92.42,93.72,92.22,92.84,953739.18,7.999e-05,49,0.0,0.0,unknown,,1000.0,0.0,0.0,,{},,{},1000.0,0.0,unknown,0.0,1.0,155,{},0.0541,1000,0,1000,0
2024-01-26 20:00:00,92.83,93.72,91.7,92.28,565601.74,7.999e-05,49,0.0,0.0,unknown,,1000.0,0.0,0.0,,{},,{},1000.0,0.0,unknown,0.0,1.0,156,{},0.0641,1000,0,1000,0
2024-01-27 00:00:00,92.29,93.78,92.06,92.69,596870.97,0.0001,55,0.0,0.0,unknown,,1000.0,0.0,0.0,,{},,{},1000.0,0.0,unknown,0.0,1.0,157,{},0.0697,1000,0,1000,0
2024-01-27 04:00:00,92.7,92.81,90.78,91.2,443536.83,0.0001,55,0.0,0.0,unknown,,1000.0,0.0,0.0,,{},,{},1000.0,0.0,unknown,0.0,1.0,158,{},0.0757,1000,0,1000,0
2024-01-27 08:00:00,91.21,92.29,90.68,92.02,459934.32,0.0001,55,0.0,0.0,unknown,,1000.0,0.0,0.0,,{},,{},1000.0,0.0,unknown,0.0,1.0,159,{},0.0942,1000,0,1000,0
2024-01-27 12:00:00,92.02,92.99,91.64,92.83,377183.22,0.0001,55,0.0,0.0,unknown,,1000.0,0.0,0.0,,{},,{},1000.0,0.0,unknown,0.0,1.0,160,{},0.1098,1000,0,1000,0
2024-01-27 16:00:00,92.83,93.44,92.19,93.1,426141.43,0.0001,55,0.0,0.0,unknown,,1000.0,0.0,0.0,,{},,{},1000.0,0.0,unknown,0.0,1.0,161,{},0.1272,1000,0,1000,0
2024-01-27 20:00:00,93.11,94.5,92.86,94.28,432170.68,0.0001,55,0.0,0.0,unknown,,1000.0,0.0,0.0,,{},,{},1000.0,0.0,unknown,0.0,1.0,162,{},0.1316,1000,0,1000,0
2024-01-28 00:00:00,94.27,96.76,93.31,96.65,758044.79,8.902e-05,54,0.0,0.0,unknown,,1000.0,0.0,0.0,,{},,{},1000.0,0.0,unknown,0.0,1.0,163,{},0.1464,1000,0,1000,0
2024-01-28 04:00:00,96.65,97.38,95.24,95.76,875338.48,8.902e-05,54,0.0,0.0,unknown,,1000.0,0.0,0.0,,{},,{},1000.0,0.0,unknown,0.0,1.0,164,{},0.1471,1000,0,1000,0
2024-01-28 08:00:00,95.76,99.44,95.55,98.4,1116658.36,2.568e-05,54,0.0,0.0,unknown,,1000.0,0.0,0.0,,{},,{},1000.0,0.0,unknown,0.0,1.0,165,{},0.1506,1000,0,1000,0
2024-01-28 12:00:00,98.4,98.6,96.64,97.07,1277794.82,2.568e-05,54,0.0,0.0,unknown,,1000.0,0.0,0.0,,{},,{},1000.0,0.0,unknown,0.0,1.0,166,{},0.1474,1000,0,1000,0
2024-01-28 16:00:00,97.07,97.92,93.94,94.49,800496.46,0.0001,54,0.0,0.0,unknown,,1000.0,0.0,0.0,,{},,{},1000.0,0.0,unknown,0.0,1.0,167,{},0.1318,1000,0,1000,0
2024-01-28 20:00:00,94.48,96.35,93.45,95.98,790075.32,0.0001,54,0.0,0.0,unknown,,1000.0,0.0,0.0,,{},,{},1000.0,0.0,unknown,0.0,1.0,168,{},0.1169,1000,0,1000,0
2024-01-29 00:00:00,95.99,98.99,95.06,97.85,840744.64,0.0001,55,0.0,0.0,unknown,,1000.0,0.0,0.0,,{},,{},1000.0,0.0,unknown,0.0,1.0,169,{},0.1156,1000,0,1000,0
2024-01-29 04:00:00,97.85,97.99,96.21,96.72,589984.34,0.0001,55,0.0,0.0,unknown,,1000.0,0.0,0.0,,{},,{},1000.0,0.0,unknown,0.0,1.0,170,{},0.1101,1000,0,1000,0
2024-01-29 08:00:00,96.72,97.99,96.26,97.44,548648.95,0.0001,55,0.0,0.0,unknown,,1000.0,0.0,0.0,,{},,{},1000.0,0.0,unknown,0.0,1.0,171,{},0.1047,1000,0,1000,0
2024-01-29 12:00:00,97.44,100.29,95.5,99.92,1342616.79,3.929e-05,55,0.0,0.0,unknown,,1000.0,0.0,0.0,,{},,{},1000.0,0.0,unknown,0.0,1.0,172,{},0.1234,1000,0,1000,0
2024-01-29 16:00:00,99.91,101.79,98.97,100.54,1792158.16,0.0001,55,0.0,0.0,unknown,,1000.0,0.0,0.0,,{},,{},1000.0,0.0,unknown,0.0,1.0,173,{},0.1296,1000,0,1000,0
2024-01-29 20:00:00,100.54,101.98,100.51,101.68,658366.94,0.0001,55,0.0,0.0,unknown,,1000.0,0.0,0.0,,{},,{},1000.0,0.0,unknown,0.0,1.0,174,{},0.1412,1000,0,1000,0
2024-01-30 00:00:00,101.67,103.8,100.95,102.12,1148449.24,0.0001,61,0.0,0.0,unknown,,1000.0,0.0,0.0,,{},,{},1000.0,0.0,unknown,0.0,1.0,175,{},0.1502,1000,0,1000,0
2024-01-30 04:00:00,102.11,103.42,101.71,102.89,627900.83,0.0001,61,0.0,0.0,unknown,,1000.0,0.0,0.0,,{},,{},1000.0,0.0,unknown,0.0,1.0,176,{},0.1641,1000,0,1000,0
2024-01-30 08:00:00,102.88,106.4,102.4,106.07,1239398.58,4.333e-05,61,0.0,0.0,unknown,,1000.0,0.0,0.0,,{},,{},1000.0,0.0,unknown,0.0,1.0,177,{},0.1693,1000,0,1000,0
2024-01-30 12:00:00,106.07,106.49,103.52,104.78,1686213.37,4.333e-05,61,0.0,0.0,unknown,,1000.0,0.0,0.0,,{},,{},1000.0,0.0,unknown,0.0,1.0,178,{},0.1623,1000,0,1000,0
2024-01-30 16:00:00,104.77,105.69,103.25,105.27,1273742.39,4.333e-05,61,0.0,0.0,unknown,,1000.0,0.0,0.0,,{},,{},1000.0,0.0,unknown,0.0,1.0,179,{},0.1582,1000,0,1000,0
2024-01-30 20:00:00,105.27,105.6,101.0,101.4,1014822.84,0.0001,61,0.0,0.0,unknown,,1000.0,0.0,0.0,,{},,{},1000.0,0.0,unknown,0.0,1.0,180,{},0.1314,1000,0,1000,0
2024-01-31 00:00:00,101.4,101.95,98.66,101.13,1553627.56,0.0001,60,0.0,0.0,unknown,,1000.0,0.0,0.0,,{},,{},1000.0,0.0,unknown,0.0,1.0,181,{},0.1169,1000,0,1000,0
2024-01-31 04:00:00,101.13,101.82,100.02,101.66,765251.54,0.0001,60,0.0,0.0,unknown,,1000.0,0.0,0.0,,{},,{},1000.0,0.0,unknown,0.0,1.0,182,{},0.1175,1000,0,1000,0
2024-01-31 08:00:00,101.65,101.95,97.34,99.15,1369262.73,5.702e-05,60,0.0,0.0,unknown,,1000.0,0.0,0.0,,{},,{},1000.0,0.0,unknown,0.0,1.0,183,{},0.107,1000,0,1000,0
2024-01-31 12:00:00,99.15,101.9,97.52,101.55,1749650.22,5.702e-05,60,0.0,0.0,unknown,,1000.0,0.0,0.0,,{},,{},1000.0,0.0,unknown,0.0,1.0,184,{},0.1017,1000,0,1000,0
2024-01-31 16:00:00,101.54,102.73,99.63,100.99,1489156.29,0.0001,60,0.0,0.0,unknown,,1000.0,0.0,0.0,,{},,{},1000.0,0.0,unknown,0.0,1.0,185,{},0.0954,1000,0,1000,0
2024-01-31 20:00:00,100.99,101.23,95.9,96.96,1683008.53,0.0001,60,0.0,0.0,unknown,,1000.0,0.0,0.0,,{},,{},1000.0,0.0,unknown,0.0,1.0,186,{},0.0702,1000,0,1000,0
2024-02-01 00:00:00,96.96,97.69,93.34,93.6,1728121.37,5.15e-05,63,0.0,0.0,unknown,,1000.0,0.0,0.0,,{},,{},1000.0,0.0,unknown,0.0,1.0,187,{},0.0563,1000,0,1000,0
2024-02-01 04:00:00,93.6,95.79,93.11,94.94,980985.8,5.15e-05,63,0.0,0.0,unknown,,1000.0,0.0,0.0,,{},,{},1000.0,0.0,unknown,0.0,1.0,188,{},0.0406,1000,0,1000,0
2024-02-01 08:00:00,94.93,96.75,94.61,95.46,807367.79,0.0001,63,0.0,0.0,unknown,,1000.0,0.0,0.0,,{},,{},1000.0,0.0,unknown,0.0,1.0,189,{},0.0379,1000,0,1000,0
2024-02-01 12:00:00,95.45,97.5,94.67,96.0,1345335.55,0.0001,63,0.0,0.0,unknown,,1000.0,0.0,0.0,,{},,{},1000.0,0.0,unknown,0.0,1.0,190,{},0.0296,1000,0,1000,0
