regime,er_smoothed,vr5,vol_smoothed,boom_crash_bars
mean_reversion,0.0665,1.0304,0.54,0
mean_reversion,0.0751,1.0064,0.54,0
mean_reversion,0.071,0.9917,0.42,0
chop,0.0485,0.9802,0.3333,0
chop,0.036,0.9705,0.2722,0
chop,0.0284,0.9743,0.2315,0
chop,0.0797,0.9686,0.201,0
chop,0.1057,1.3431,0.1773,0
chop,0.1293,1.2029,0.1549,0
chop,0.1352,1.043,0.1366,0
chop,0.1477,0.9218,0.1211,0
mean_reversion,0.1469,0.8082,0.084,0
mean_reversion,0.1749,0.8169,0.0627,0
mean_reversion,0.1757,0.8173,0.0451,0
mean_reversion,0.1329,0.8158,0.0334,0
mean_reversion,0.1011,0.7982,0.0289,0
mean_reversion,0.0746,0.7762,0.0218,0
mean_reversion,0.0664,0.7577,0.0178,0
mean_reversion,0.1274,0.7373,0.0152,0
mean_reversion,0.1551,0.7516,0.0135,0
mean_reversion,0.1963,0.7766,0.0123,0
mean_reversion,0.215,0.8093,0.0148,0
mean_reversion,0.2331,0.8079,0.0132,0
mean_reversion,0.289,0.7724,0.0521,0
mean_reversion,0.2944,0.7737,0.0814,0
mean_reversion,0.2994,0.7791,0.1007,0
mean_reversion,0.3588,0.7791,0.1272,0
mean_reversion,0.3826,0.7871,0.1614,0
mean_reversion,0.3931,0.7942,0.1776,0
mean_reversion,0.3943,0.7843,0.1984,0
mean_reversion,0.3838,0.7962,0.1956,0
mean_reversion,0.3547,0.7985,0.2004,0
mean_reversion,0.3563,0.8041,0.1936,0
mean_reversion,0.3621,0.7941,0.1924,0
mean_reversion,0.3697,0.7914,0.2049,0
mean_reversion,0.374,0.794,0.2066,0
mean_reversion,0.3999,0.799,0.2044,0
mean_reversion,0.4112,0.8098,0.2165,0
mean_reversion,0.424,0.8117,0.2144,0
mean_reversion,0.4294,0.8179,0.2296,0
mean_reversion,0.4228,0.8159,0.2398,0
mean_reversion,0.442,0.8028,0.29,0
mean_reversion,0.4161,0.7816,0.3233,0
mean_reversion,0.3569,0.8212,0.3023,0
mean_reversion,0.2939,0.8797,0.3247,0
mean_reversion,0.2581,0.8906,0.3432,0
mean_reversion,0.2199,0.921,0.2887,0
mean_reversion,0.1573,0.9317,0.2525,0
chop,0.1391,0.914,0.2318,0
chop,0.1171,0.913,0.2178,0
chop,0.0869,0.9111,0.2118,0
chop,0.0639,0.9091,0.218,0
chop,0.0468,0.9091,0.2253,0
chop,0.0375,0.9152,0.2303,0
chop,0.0484,0.9095,0.2702,0
chop,0.0753,0.9288,0.3004,0
mean_reversion,0.1383,0.884,0.3869,0
mean_reversion,0.2259,0.8585,0.5277,0
trending,0.306,0.9556,0.6187,0
trending,0.3622,1.0444,0.6758,0
trending,0.4008,1.1454,0.7068,0
trending,0.4112,1.1592,0.7245,0
trending,0.4016,1.1478,0.7297,0
trending,0.3732,1.148,0.7231,0
trending,0.3581,1.1586,0.7121,0
trending,0.3269,1.1817,0.7048,0
trending,0.3224,1.2073,0.6866,0
trending,0.3581,1.1981,0.6744,0
trending,0.397,1.1697,0.6732,0
trending,0.4104,1.1409,0.6721,0
trending,0.4432,1.1849,0.6719,0
trending,0.4667,1.1609,0.6485,0
trending,0.45,1.1462,0.6623,0
trending,0.4247,1.1915,0.6748,0
trending,0.392,1.1985,0.6799,0
trending,0.3946,1.1741,0.6865,0
trending,0.3719,1.2162,0.6243,0
trending,0.3568,1.2229,0.4395,0
trending,0.3212,1.2564,0.3063,0
trending,0.2719,1.3025,0.2242,0
mean_reversion,0.2019,1.3198,0.1827,0
trending,0.2591,1.3242,0.1651,0
trending,0.3305,1.3632,0.1501,0
trending,0.3718,1.3425,0.1501,0
trending,0.3817,1.3296,0.1567,0
trending,0.382,1.3123,0.1643,0
trending,0.4065,1.226,0.2631,0
trending,0.4363,1.2151,0.3554,0
trending,0.4644,1.3003,0.4203,0
trending,0.5018,1.378,0.4769,0
trending,0.5047,1.5289,0.5208,0
trending,0.5209,1.6021,0.5462,0
trending,0.5161,1.5738,0.5707,0
trending,0.4959,1.5277,0.5939,0
trending,0.4781,1.5877,0.616,0
trending,0.477,1.5974,0.6241,0
trending,0.4719,1.5847,0.6294,0
trending,0.4616,1.5843,0.6396,0
trending,0.4373,1.5785,0.6598,0
trending,0.4604,1.5094,0.6799,0
trending,0.4282,1.472,0.7106,0
trending,0.4043,1.4683,0.7272,0
trending,0.3733,1.4759,0.7482,0
trending,0.332,1.4776,0.7555,0
trending,0.2875,1.4941,0.7571,0
trending,0.2825,1.474,0.7614,0
trending,0.2643,1.4879,0.7443,0
trending,0.2747,1.4805,0.6929,0
trending,0.2912,1.4821,0.662,0
trending,0.3362,1.3354,0.7046,0
trending,0.3186,1.3448,0.7397,0
trending,0.2502,1.3207,0.7632,0
mean_reversion,0.2021,1.3223,0.7756,0
mean_reversion,0.1858,1.2334,0.8504,0
mean_reversion,0.1537,1.2633,0.9004,1
chop,0.1274,1.2929,0.9302,2
chop,0.1408,1.2569,0.9536,3
chop,0.1264,1.2658,0.969,4
chop,0.124,1.2629,0.9793,5
chop,0.1392,1.252,0.9762,6
chop,0.163,1.2782,0.9707,7
chop,0.1733,1.2789,0.9668,8
chop,0.1764,1.2876,0.9613,9
chop,0.2316,1.3398,0.9613,10
chop,0.2411,1.337,0.9642,11
chop,0.233,1.3217,0.9562,12
chop,0.222,1.3355,0.9507,13
chop,0.2155,1.3255,0.941,14
chop,0.2137,1.3273,0.934,15
mean_reversion,0.2444,1.3169,0.7993,0
mean_reversion,0.2335,1.2912,0.7329,0
mean_reversion,0.2296,1.2898,0.6719,0
mean_reversion,0.1964,1.2751,0.6613,0
trending,0.2674,1.1951,0.6575,0
trending,0.2703,1.1761,0.6983,0
mean_reversion,0.2196,1.1486,0.7622,0
mean_reversion,0.2028,1.1382,0.7648,0
mean_reversion,0.1596,1.1382,0.7632,0
mean_reversion,0.1461,1.1422,0.7588,0
mean_reversion,0.1336,1.1453,0.7225,0
mean_reversion,0.1074,1.1445,0.7183,0
mean_reversion,0.1065,1.1658,0.7122,0
mean_reversion,0.0759,1.1562,0.7181,0
mean_reversion,0.0708,1.1725,0.6912,0
mean_reversion,0.08,1.1764,0.6743,0
mean_reversion,0.0645,1.1732,0.6694,0
mean_reversion,0.0568,1.163,0.6665,0
mean_reversion,0.0573,1.1511,0.681,0
mean_reversion,0.0442,1.1526,0.7076,0
mean_reversion,0.0554,1.1683,0.7087,0
mean_reversion,0.0558,1.1716,0.6755,0
mean_reversion,0.0447,1.1795,0.6503,0
mean_reversion,0.0313,1.1822,0.5769,0
mean_reversion,0.0355,1.1843,0.4677,0
mean_reversion,0.0262,1.1954,0.3586,0
chop,0.0356,1.194,0.2724,0
chop,0.0776,1.2423,0.215,0
chop,0.0728,1.3025,0.1831,0
chop,0.0738,1.1247,0.1754,0
chop,0.0703,0.9944,0.1937,0
mean_reversion,0.0917,0.8972,0.1958,0
chop,0.1342,0.9062,0.224,0
mean_reversion,0.2069,0.9637,0.2728,0
trending,0.3005,0.9301,0.5151,0
trending,0.3633,0.9922,0.6765,0
trending,0.3898,1.0419,0.781,0
trending,0.4019,1.081,0.8469,0
trending,0.4064,1.0946,0.8875,0
trending,0.4014,1.1044,0.9081,1
chop,0.4227,1.1033,0.9186,2
chop,0.4586,1.0412,0.9458,3
chop,0.4647,1.0075,0.9639,4
chop,0.4533,0.982,0.976,5
chop,0.4306,0.9759,0.9842,6
chop,0.4175,0.9793,0.9894,7
chop,0.4004,1.0245,0.9931,8
chop,0.3873,1.0402,0.9856,9
chop,0.3846,1.0367,0.9785,10
chop,0.3697,1.0327,0.969,11
chop,0.3644,1.0362,0.956,12
chop,0.3681,1.034,0.944,13
chop,0.3545,1.0294,0.9326,14
chop,0.3267,1.0283,0.9217,15
mean_reversion,0.2892,1.0308,0.7978,0
mean_reversion,0.2623,1.0352,0.6987,0
mean_reversion,0.2351,1.0305,0.6391,0
mean_reversion,0.217,1.0362,0.6461,0
mean_reversion,0.1783,1.0321,0.6707,0
mean_reversion,0.1989,0.8062,0.7805,0
mean_reversion,0.2894,0.765,0.8537,0
mean_reversion,0.3029,0.8372,0.9024,1
chop,0.2702,0.8087,0.9349,2
chop,0.2572,0.862,0.9532,3
chop,0.2495,0.8665,0.9621,4
chop,0.2218,0.8942,0.9681,5
chop,0.237,0.882,0.972,6
chop,0.2561,0.878,0.978,7
chop,0.2657,0.8684,0.9845,8
chop,0.2536,0.8683,0.9896,9
chop,0.2413,0.8816,0.9931,10
chop,0.2362,0.9052,0.9924,11
chop,0.2251,0.9158,0.9884,12
chop,0.2329,0.9133,0.9862,13
chop,0.2294,0.91,0.9908,14
chop,0.2304,0.9039,0.9905,15
chop,0.2251,0.9016,0.9937,16
chop,0.2258,0.9017,0.9858,17
chop,0.2345,0.8976,0.9638,18
chop,0.236,0.8955,0.9126,19
mean_reversion,0.2266,0.9142,0.8384,0
mean_reversion,0.2172,0.9092,0.7789,0
mean_reversion,0.2081,0.9059,0.6593,0
mean_reversion,0.1553,0.9063,0.5729,0
mean_reversion,0.1728,0.9218,0.5186,0
mean_reversion,0.1438,0.9086,0.4824,0
mean_reversion,0.1339,0.8399,0.5416,0
mean_reversion,0.1534,0.8502,0.5777,0
mean_reversion,0.1696,0.8548,0.5985,0
mean_reversion,0.1692,0.869,0.609,0
mean_reversion,0.1922,0.8822,0.6127,0
mean_reversion,0.1969,0.8702,0.6117,0
mean_reversion,0.1711,0.8686,0.6144,0
mean_reversion,0.1586,0.8545,0.6193,0
mean_reversion,0.1742,0.8376,0.6426,0
mean_reversion,0.184,0.8463,0.655,0
mean_reversion,0.1892,0.8575,0.6595,0
mean_reversion,0.2196,0.8745,0.6596,0
mean_reversion,0.2257,0.8825,0.6464,0
mean_reversion,0.2144,0.8758,0.6643,0
mean_reversion,0.2013,0.8765,0.6701,0
mean_reversion,0.1921,0.8792,0.6534,0
mean_reversion,0.1389,0.8447,0.6989,0
mean_reversion,0.1057,0.8578,0.7292,0
mean_reversion,0.0793,0.8827,0.7495,0
mean_reversion,0.0542,0.9046,0.763,0
mean_reversion,0.077,0.9304,0.7287,0
mean_reversion,0.0807,0.9364,0.6891,0
mean_reversion,0.079,0.9429,0.6629,0
mean_reversion,0.0671,0.9446,0.6519,0
mean_reversion,0.1203,0.9427,0.6546,0
mean_reversion,0.1742,0.9418,0.653,0
mean_reversion,0.2096,0.9388,0.6453,0
mean_reversion,0.23,0.9406,0.597,0
mean_reversion,0.2257,0.9389,0.508,0
mean_reversion,0.2372,0.9349,0.4485,0
mean_reversion,0.2512,0.9355,0.4094,0
mean_reversion,0.2788,0.9335,0.3763,0
trending,0.3259,0.9261,0.3775,0
trending,0.3331,0.9203,0.3817,0
trending,0.3457,0.913,0.3742,0
trending,0.3719,0.9151,0.3693,0
trending,0.4023,0.9013,0.2962,0
mean_reversion,0.3784,0.891,0.2475,0
mean_reversion,0.3733,0.891,0.2117,0
mean_reversion,0.3744,0.8893,0.1878,0
mean_reversion,0.3461,0.8865,0.1618,0
mean_reversion,0.3572,0.8859,0.1476,0
mean_reversion,0.2974,0.8603,0.168,0
mean_reversion,0.2579,0.865,0.182,0
mean_reversion,0.1792,0.8614,0.198,0
mean_reversion,0.1441,0.8614,0.212,0
mean_reversion,0.1002,0.8636,0.2281,0
mean_reversion,0.0947,0.8422,0.3088,0
mean_reversion,0.0753,0.8626,0.3624,0
mean_reversion,0.0645,0.8486,0.3816,0
mean_reversion,0.0719,0.842,0.3639,0
mean_reversion,0.0806,0.8358,0.346,0
mean_reversion,0.0706,0.8314,0.324,0
mean_reversion,0.0829,0.8288,0.3026,0
mean_reversion,0.1218,0.8284,0.285,0
mean_reversion,0.1325,0.8435,0.28,0
mean_reversion,0.1181,0.8532,0.2469,0
mean_reversion,0.088,0.856,0.2279,0
mean_reversion,0.06,0.8595,0.2153,0
mean_reversion,0.0435,0.8607,0.2036,0
mean_reversion,0.0443,0.8454,0.1891,0
mean_reversion,0.0532,0.8441,0.1799,0
mean_reversion,0.0686,0.847,0.1433,0
mean_reversion,0.0483,0.8465,0.1254,0
mean_reversion,0.066,0.8233,0.1934,0
mean_reversion,0.0999,0.8344,0.3222,0
mean_reversion,0.1745,0.8607,0.3947,0
mean_reversion,0.1632,0.8298,0.4698,0
mean_reversion,0.1714,0.8317,0.5265,0
mean_reversion,0.1811,0.8277,0.5744,0
mean_reversion,0.2074,0.8313,0.5827,0
mean_reversion,0.2536,0.8433,0.6385,0
mean_reversion,0.2565,0.8461,0.6757,0
mean_reversion,0.2711,0.9341,0.7038,0
mean_reversion,0.2805,1.0208,0.7225,0
mean_reversion,0.2803,0.9359,0.7416,0
mean_reversion,0.2737,0.9751,0.7576,0
mean_reversion,0.2535,0.8935,0.7651,0
mean_reversion,0.2628,0.8836,0.7806,0
mean_reversion,0.2793,0.8352,0.7943,0
mean_reversion,0.2858,0.851,0.8028,0
mean_reversion,0.2719,0.8528,0.8087,0
mean_reversion,0.2571,0.8657,0.8158,0
mean_reversion,0.2334,0.8631,0.8173,0
mean_reversion,0.1964,0.8623,0.638,0
mean_reversion,0.1312,0.8405,0.4757,0
mean_reversion,0.0903,0.8362,0.3771,0
mean_reversion,0.0663,0.8506,0.2848,0
mean_reversion,0.1352,0.862,0.2532,0
mean_reversion,0.2134,0.8871,0.2255,0
mean_reversion,0.2723,0.9007,0.197,0
mean_reversion,0.2425,0.8834,0.238,0
mean_reversion,0.2277,0.8872,0.2587,0
mean_reversion,0.25,0.8847,0.2592,0
mean_reversion,0.2745,0.8861,0.2561,0
mean_reversion,0.2764,0.8937,0.2641,0
mean_reversion,0.266,0.9095,0.2694,0
mean_reversion,0.2818,0.912,0.2562,0
mean_reversion,0.2408,0.8976,0.3129,0
mean_reversion,0.1829,0.8412,0.5283,0
mean_reversion,0.1328,0.9495,0.6723,0
mean_reversion,0.0957,0.9527,0.768,0
mean_reversion,0.0916,0.9242,0.8455,0
mean_reversion,0.0961,0.9029,0.897,0
mean_reversion,0.1601,0.7876,0.9313,1
chop,0.1989,0.8592,0.9512,2
chop,0.224,0.9141,0.9608,3
chop,0.2375,0.9597,0.9638,4
chop,0.2426,1.0312,0.9625,5
chop,0.2304,1.0238,0.9584,6
chop,0.2382,1.0158,0.9556,7
chop,0.2271,1.0006,0.9469,8
chop,0.1729,0.9881,0.9418,9
chop,0.1484,0.9974,0.9357,10
chop,0.1149,0.9967,0.9338,11
chop,0.1403,0.984,0.9325,12
chop,0.1313,1.0348,0.9418,13
chop,0.1173,1.0154,0.9479,14
chop,0.0975,1.0005,0.9286,15
chop,0.0955,0.9691,0.9024,16
mean_reversion,0.08,0.9346,0.8849,0
mean_reversion,0.0642,0.9284,0.8699,0
mean_reversion,0.0667,0.915,0.8566,0
mean_reversion,0.1446,0.9095,0.841,0
mean_reversion,0.1924,0.9106,0.564,0
mean_reversion,0.2154,0.9099,0.3826,0
mean_reversion,0.2155,0.9105,0.2651,0
mean_reversion,0.2367,0.9144,0.1867,0
mean_reversion,0.1959,0.9167,0.1378,0
mean_reversion,0.1696,0.9213,0.0985,0
mean_reversion,0.1713,0.9208,0.0791,0
mean_reversion,0.1891,0.9213,0.0727,0
mean_reversion,0.2034,0.9325,0.0517,0
mean_reversion,0.2094,0.9365,0.041,0
mean_reversion,0.2115,0.9375,0.0307,0
mean_reversion,0.206,0.9335,0.0238,0
mean_reversion,0.1727,0.9514,0.0192,0
chop,0.1372,0.9462,0.0327,0
chop,0.1369,0.9511,0.0333,0
chop,0.1278,0.9587,0.0456,0
chop,0.1356,0.9665,0.0437,0
chop,0.1266,0.9693,0.0425,0
chop,0.131,1.0023,0.0384,0
chop,0.1116,1.0015,0.0355,0
chop,0.1218,1.0145,0.0371,0
mean_reversion,0.1671,1.0125,0.0448,0
mean_reversion,0.2165,1.0034,0.0531,0
mean_reversion,0.248,1.0303,0.0621,0
mean_reversion,0.2783,1.0175,0.078,0
mean_reversion,0.279,1.0143,0.092,0
mean_reversion,0.258,1.003,0.0913,0
mean_reversion,0.2398,0.996,0.0877,0
mean_reversion,0.2401,0.997,0.0851,0
mean_reversion,0.2546,0.997,0.0801,0
mean_reversion,0.2653,0.9976,0.1033,0
mean_reversion,0.2814,0.9991,0.1256,0
trending,0.3004,0.999,0.1404,0
trending,0.3202,1.0083,0.0969,0
trending,0.304,1.0034,0.0746,0
mean_reversion,0.2787,0.9967,0.0531,0
mean_reversion,0.259,0.9946,0.0388,0
mean_reversion,0.1941,0.9823,0.0325,0
chop,0.1427,0.9712,0.0384,0
chop,0.1279,0.9683,0.0523,0
chop,0.1027,1.0142,0.0615,0
chop,0.0974,0.9912,0.0576,0
chop,0.0722,0.9272,0.0517,0
chop,0.0539,0.9682,0.0478,0
chop,0.0705,0.9436,0.0487,0
chop,0.0471,0.9517,0.0492,0
chop,0.0451,0.9528,0.0461,0
chop,0.0561,0.9488,0.0671,0
chop,0.084,0.9544,0.0881,0
chop,0.0976,0.9316,0.1987,0
chop,0.1194,0.936,0.2591,0
mean_reversion,0.173,0.9321,0.3461,0
mean_reversion,0.2012,0.9507,0.4075,0
mean_reversion,0.1888,0.9574,0.4517,0
mean_reversion,0.1966,0.9648,0.4811,0
mean_reversion,0.2022,0.9799,0.4974,0
mean_reversion,0.2088,0.9773,0.5116,0
mean_reversion,0.1837,0.9736,0.531,0
mean_reversion,0.193,0.9661,0.5007,0
mean_reversion,0.2158,0.9688,0.4771,0
mean_reversion,0.2236,0.9663,0.4681,0
mean_reversion,0.2172,0.9792,0.4389,0
mean_reversion,0.2658,0.979,0.4226,0
trending,0.3046,0.9716,0.4424,0
trending,0.3149,0.9752,0.4549,0
trending,0.3539,0.9544,0.4536,0
trending,0.3734,0.9484,0.4524,0
trending,0.3863,0.9827,0.425,0
trending,0.4008,0.9771,0.4633,0
trending,0.3984,0.9787,0.3722,0
trending,0.4084,0.9779,0.3148,0
trending,0.4151,0.9733,0.2533,0
trending,0.3985,0.9677,0.2186,0
trending,0.3233,0.9713,0.1723,0
mean_reversion,0.2537,1.002,0.1583,0
mean_reversion,0.1784,1.1379,0.172,0
chop,0.1257,1.0644,0.188,0
chop,0.0939,1.0183,0.2056,0
chop,0.0831,1.0278,0.217,0
chop,0.0652,1.0293,0.2313,0
chop,0.0561,1.7306,0.2442,0
chop,0.0504,1.4267,0.2559,0
chop,0.0446,1.182,0.2644,0
chop,0.059,1.0038,0.2688,0
mean_reversion,0.1002,0.7829,0.2859,0
mean_reversion,0.0937,0.7551,0.3071,0
mean_reversion,0.0987,0.753,0.3381,0
mean_reversion,0.0795,0.7605,0.3586,0
mean_reversion,0.0838,0.7817,0.3558,0
mean_reversion,0.0583,0.7725,0.3574,0
mean_reversion,0.0491,0.7668,0.3583,0
mean_reversion,0.0442,0.8134,0.3522,0
mean_reversion,0.0779,0.8266,0.3448,0
mean_reversion,0.0823,0.8333,0.3366,0
mean_reversion,0.0758,0.8265,0.3478,0
mean_reversion,0.0534,0.8416,0.3419,0
mean_reversion,0.0422,0.8403,0.3479,0
mean_reversion,0.0418,0.8387,0.3353,0
mean_reversion,0.0852,0.8151,0.3636,0
mean_reversion,0.0748,0.7981,0.3958,0
mean_reversion,0.0801,0.7838,0.414,0
mean_reversion,0.0945,0.7797,0.426,0
mean_reversion,0.088,0.7816,0.4405,0
mean_reversion,0.0824,0.7851,0.4137,0
mean_reversion,0.0726,0.7912,0.3558,0
mean_reversion,0.0906,0.7949,0.2505,0
mean_reversion,0.0776,0.7975,0.177,0
mean_reversion,0.0875,0.784,0.138,0
mean_reversion,0.1786,0.7323,0.2854,0
mean_reversion,0.2453,0.7912,0.4535,0
mean_reversion,0.3038,0.8857,0.5824,0
trending,0.3343,0.9521,0.6882,0
trending,0.3856,0.9793,0.7924,0
trending,0.4145,1.0949,0.8583,0
trending,0.4173,1.069,0.8955,0
trending,0.3946,1.0368,0.9304,1
chop,0.3913,1.0118,0.9536,2
chop,0.3784,0.98,0.9688,3
chop,0.3742,0.9831,0.9656,4
chop,0.3878,0.9496,0.9766,5
chop,0.3731,0.9348,0.9844,6
chop,0.3698,0.9509,0.9897,7
chop,0.3937,0.9546,0.9943,8
chop,0.4041,0.9591,0.9933,9
chop,0.4094,0.9678,0.9923,10
chop,0.4166,0.9516,0.9784,11
chop,0.4209,0.9544,0.9658,12
chop,0.4167,0.9545,0.9538,13
chop,0.4344,0.9349,0.9125,14
trending,0.4268,0.9174,0.8617,0
trending,0.4281,0.9072,0.8445,0
trending,0.4202,0.9127,0.8263,0
trending,0.388,0.9205,0.7408,0
mean_reversion,0.2859,0.8728,0.774,0
mean_reversion,0.2101,0.8776,0.7993,0
mean_reversion,0.1502,0.9168,0.8129,0
mean_reversion,0.1366,0.9617,0.7986,0
mean_reversion,0.1399,1.0138,0.7757,0
mean_reversion,0.1373,1.0431,0.7438,0
mean_reversion,0.1124,1.0513,0.6824,0
mean_reversion,0.1104,1.05,0.6283,0
mean_reversion,0.0884,1.0539,0.5955,0
mean_reversion,0.0772,1.0516,0.5834,0
mean_reversion,0.0778,1.054,0.5721,0
mean_reversion,0.0683,1.0716,0.5649,0
mean_reversion,0.0534,1.071,0.5299,0
mean_reversion,0.0453,1.0651,0.5161,0
mean_reversion,0.054,1.0585,0.568,0
mean_reversion,0.0424,1.0567,0.5187,0
mean_reversion,0.0475,1.167,0.4724,0
mean_reversion,0.066,1.1439,0.3848,0
chop,0.0811,1.1498,0.3264,0
chop,0.1019,1.0467,0.3475,0
chop,0.0982,1.0091,0.2381,0
chop,0.1271,1.0045,0.162,0
mean_reversion,0.1692,0.9818,0.118,0
chop,0.1453,0.9349,0.1687,0
chop,0.1446,0.9275,0.2391,0
mean_reversion,0.1575,0.9319,0.3061,0
mean_reversion,0.1581,0.9149,0.3672,0
mean_reversion,0.1548,0.9167,0.4115,0
mean_reversion,0.1749,0.9054,0.4581,0
mean_reversion,0.1732,0.9069,0.4915,0
mean_reversion,0.1601,0.9209,0.5142,0
mean_reversion,0.1589,0.9163,0.5358,0
mean_reversion,0.155,0.913,0.5505,0
mean_reversion,0.1736,0.8687,0.6141,0
mean_reversion,0.2189,0.8673,0.6652,0
mean_reversion,0.2323,0.8967,0.7335,0
mean_reversion,0.2259,0.8933,0.789,0
mean_reversion,0.2151,0.8962,0.8132,0
mean_reversion,0.2352,0.8955,0.8191,0
mean_reversion,0.2379,0.9052,0.8095,0
mean_reversion,0.2377,0.9049,0.7965,0
mean_reversion,0.2442,0.9034,0.7877,0
mean_reversion,0.255,0.9096,0.7419,0
mean_reversion,0.2533,0.906,0.6546,0
mean_reversion,0.2585,0.9086,0.5764,0
mean_reversion,0.2434,0.9073,0.5243,0
mean_reversion,0.2464,0.9068,0.4662,0
mean_reversion,0.2181,0.9123,0.4245,0
mean_reversion,0.1882,0.9135,0.3897,0
mean_reversion,0.1951,0.9106,0.3401,0
mean_reversion,0.1721,0.8725,0.4368,0
mean_reversion,0.1658,0.8691,0.4911,0
mean_reversion,0.1402,0.8919,0.5273,0
mean_reversion,0.1474,0.8937,0.4648,0
mean_reversion,0.1598,0.8917,0.3331,0
mean_reversion,0.1539,0.8871,0.2454,0
mean_reversion,0.1276,0.8889,0.19,0
mean_reversion,0.1244,0.8907,0.1563,0
mean_reversion,0.1915,0.8959,0.1341,0
mean_reversion,0.2368,0.8956,0.1294,0
mean_reversion,0.2613,0.9158,0.1261,0
mean_reversion,0.2574,0.9307,0.134,0
mean_reversion,0.2713,0.9274,0.1393,0
mean_reversion,0.2788,0.9354,0.1327,0
mean_reversion,0.2848,0.9332,0.136,0
mean_reversion,0.259,0.9383,0.1473,0
mean_reversion,0.2493,0.944,0.1515,0
mean_reversion,0.2588,0.9441,0.1538,0
mean_reversion,0.2338,0.9429,0.1619,0
mean_reversion,0.2115,0.9417,0.1446,0
mean_reversion,0.1961,0.9333,0.0997,0
mean_reversion,0.1776,0.9311,0.0732,0
mean_reversion,0.1788,0.9343,0.0588,0
mean_reversion,0.2176,0.9369,0.0526,0
mean_reversion,0.1897,0.9448,0.0517,0
mean_reversion,0.1982,1.002,0.0546,0
mean_reversion,0.1759,0.9676,0.0597,0
mean_reversion,0.1648,0.8883,0.0597,0
mean_reversion,0.153,0.8304,0.0632,0
mean_reversion,0.1126,0.7689,0.0789,0
mean_reversion,0.1111,0.7423,0.0892,0
mean_reversion,0.1119,0.7414,0.0995,0
mean_reversion,0.1133,0.7545,0.0997,0
mean_reversion,0.1988,0.7407,0.1363,0
mean_reversion,0.2887,0.7457,0.204,0
mean_reversion,0.3065,0.7405,0.2627,0
mean_reversion,0.3373,0.7865,0.2985,0
mean_reversion,0.3717,0.8195,0.3323,0
mean_reversion,0.3686,0.8114,0.3649,0
mean_reversion,0.3563,0.813,0.38,0
mean_reversion,0.3379,0.8091,0.39,0
mean_reversion,0.3305,0.8044,0.3966,0
mean_reversion,0.3212,0.8107,0.4078,0
mean_reversion,0.2905,0.7935,0.4419,0
mean_reversion,0.3188,0.751,0.5213,0
mean_reversion,0.2606,0.6883,0.6809,0
mean_reversion,0.2041,0.713,0.7872,0
mean_reversion,0.1913,0.7289,0.8584,0
mean_reversion,0.1704,0.7225,0.9059,1
chop,0.1743,0.736,0.924,2
chop,0.1599,0.7886,0.936,3
chop,0.149,0.7893,0.9374,4
chop,0.1321,0.7422,0.9417,5
chop,0.1288,0.6393,0.9611,6
chop,0.1271,0.6129,0.9574,7
chop,0.1515,0.6314,0.9716,8
chop,0.1174,0.5684,0.9811,9
chop,0.1278,0.5799,0.9843,10
chop,0.1515,0.5798,0.9866,11
chop,0.1422,0.5787,0.9918,12
chop,0.1376,0.6122,0.9945,13
chop,0.1521,0.6123,0.9863,14
chop,0.1382,0.616,0.9909,15
chop,0.1122,0.5785,0.9938,16
chop,0.1096,0.6405,0.9926,17
chop,0.0982,0.6871,0.9883,18
chop,0.1067,0.7583,0.9856,19
chop,0.1272,0.8283,0.9805,20
chop,0.1347,0.8326,0.9736,21
chop,0.1596,0.8232,0.9758,22
chop,0.2014,0.8247,0.9772,23
chop,0.2362,0.8197,0.9781,24
chop,0.2708,0.8406,0.9754,25
chop,0.287,0.8684,0.9503,26
chop,0.3327,0.8345,0.9602,27
chop,0.3292,0.8024,0.9667,28
chop,0.322,0.8074,0.9512,29
chop,0.3359,0.7949,0.9441,30
chop,0.3408,0.8031,0.9427,31
chop,0.3907,0.8127,0.9485,32
chop,0.4058,0.8102,0.949,33
chop,0.4311,0.8108,0.9393,34
chop,0.4258,0.8016,0.9562,35
chop,0.4143,0.821,0.9042,36
mean_reversion,0.4107,0.8154,0.8694,0
mean_reversion,0.4246,0.7935,0.8463,0
mean_reversion,0.4651,0.6363,0.8975,0
mean_reversion,0.4776,0.7507,0.9282,1
chop,0.483,0.8777,0.9456,2
chop,0.4579,0.8982,0.9638,3
chop,0.4227,0.9211,0.9757,4
chop,0.3972,0.9279,0.9772,5
chop,0.3859,0.9046,0.9848,6
chop,0.3905,0.9074,0.9899,7
chop,0.3962,0.8949,0.9666,8
chop,0.3825,0.8983,0.9477,9
chop,0.3567,0.8878,0.9353,10
chop,0.2826,0.8057,0.9564,11
chop,0.2537,0.6639,0.9709,12
chop,0.2434,0.6626,0.9806,13
chop,0.2255,0.6738,0.9875,14
chop,0.228,0.6774,0.9883,15
chop,0.2159,0.6672,0.9922,16
chop,0.2114,0.666,0.9948,17
chop,0.2199,0.6497,0.9966,18
chop,0.2103,0.6449,0.9977,19
chop,0.2145,0.6455,0.9718,20
chop,0.2195,0.6485,0.9512,21
chop,0.215,0.6448,0.9373,22
chop,0.1957,0.6465,0.9215,23
chop,0.1364,0.64,0.9077,24
chop,0.1129,0.6396,0.902,25
mean_reversion,0.0986,0.6415,0.8847,0
mean_reversion,0.067,0.6415,0.8698,0
mean_reversion,0.0669,0.6354,0.8632,0
mean_reversion,0.0646,0.6477,0.8554,0
mean_reversion,0.0844,0.6544,0.8403,0
mean_reversion,0.1106,0.6622,0.8035,0
mean_reversion,0.1592,0.6857,0.6624,0
mean_reversion,0.1762,0.6891,0.5682,0
mean_reversion,0.1818,0.6946,0.4986,0
mean_reversion,0.1411,0.7045,0.4524,0
mean_reversion,0.2286,0.7067,0.4116,0
mean_reversion,0.2262,0.6974,0.3844,0
mean_reversion,0.2175,0.692,0.3262,0
mean_reversion,0.2232,0.6911,0.2842,0
mean_reversion,0.1877,0.6893,0.2594,0
mean_reversion,0.2031,0.6884,0.2395,0
mean_reversion,0.2816,0.6905,0.2297,0
mean_reversion,0.3293,0.6962,0.2231,0
mean_reversion,0.3699,0.6954,0.2187,0
mean_reversion,0.3903,0.6999,0.2189,0
mean_reversion,0.3932,0.7031,0.2252,0
mean_reversion,0.3654,0.7035,0.2468,0
mean_reversion,0.3394,0.7043,0.2011,0
mean_reversion,0.3163,0.7061,0.1674,0
mean_reversion,0.316,0.7009,0.1482,0
mean_reversion,0.2814,0.6927,0.1255,0
mean_reversion,0.2337,0.6919,0.11,0
mean_reversion,0.2606,0.662,0.2,0
mean_reversion,0.3159,0.684,0.31,0
mean_reversion,0.3321,0.7196,0.3833,0
mean_reversion,0.339,0.7723,0.4289,0
mean_reversion,0.3591,0.8174,0.4326,0
mean_reversion,0.3711,0.8355,0.4217,0
mean_reversion,0.3737,0.8545,0.4145,0
mean_reversion,0.385,0.8525,0.3831,0
mean_reversion,0.459,0.8424,0.4055,0
mean_reversion,0.4878,0.8498,0.4232,0
mean_reversion,0.5031,0.852,0.4355,0
mean_reversion,0.5375,0.8597,0.4437,0
mean_reversion,0.5666,0.8655,0.439,0
mean_reversion,0.5614,0.8639,0.446,0
mean_reversion,0.5403,0.8767,0.4347,0
mean_reversion,0.5219,0.8698,0.4168,0
mean_reversion,0.5272,0.8641,0.4012,0
mean_reversion,0.5446,0.8855,0.3974,0
mean_reversion,0.5449,0.8778,0.3781,0
mean_reversion,0.5492,0.8786,0.3653,0
mean_reversion,0.5556,0.8794,0.2935,0
mean_reversion,0.5549,0.8696,0.1988,0
mean_reversion,0.61,0.8338,0.1995,0
mean_reversion,0.6028,0.8304,0.2164,0
mean_reversion,0.5742,0.8613,0.2276,0
mean_reversion,0.4979,0.8397,0.2417,0
mean_reversion,0.4557,0.8237,0.2511,0
mean_reversion,0.409,0.801,0.2641,0
mean_reversion,0.3813,0.7723,0.246,0
mean_reversion,0.3429,0.7688,0.2372,0
mean_reversion,0.3234,0.7709,0.2348,0
mean_reversion,0.3119,0.7667,0.2432,0
mean_reversion,0.265,0.7661,0.2487,0
mean_reversion,0.2471,0.7583,0.2391,0
mean_reversion,0.2128,0.7531,0.2457,0
mean_reversion,0.1985,0.756,0.2635,0
mean_reversion,0.1559,0.7577,0.2794,0
mean_reversion,0.1288,0.7605,0.2897,0
mean_reversion,0.1098,0.7705,0.2698,0
mean_reversion,0.1005,0.7727,0.2599,0
mean_reversion,0.0831,0.7776,0.2433,0
mean_reversion,0.0653,0.779,0.2422,0
mean_reversion,0.0687,0.779,0.1646,0
mean_reversion,0.0899,0.7781,0.1131,0
mean_reversion,0.0895,0.7759,0.0788,0
mean_reversion,0.0885,0.7773,0.0559,0
mean_reversion,0.1131,0.7833,0.0406,0
mean_reversion,0.0766,0.8979,0.0303,0
mean_reversion,0.079,0.7827,0.027,0
mean_reversion,0.0843,0.6487,0.0347,0
mean_reversion,0.0792,0.5874,0.0398,0
mean_reversion,0.1185,0.5444,0.0499,0
mean_reversion,0.1298,0.5435,0.0597,0
mean_reversion,0.1482,0.5602,0.0699,0
mean_reversion,0.1218,0.56,0.0765,0
mean_reversion,0.0846,0.5603,0.0677,0
mean_reversion,0.0671,0.5531,0.048,0
mean_reversion,0.0478,0.5538,0.0353,0
mean_reversion,0.053,0.6157,0.0269,0
mean_reversion,0.0461,0.8513,0.0246,0
mean_reversion,0.0973,0.8597,0.0264,0
mean_reversion,0.1453,0.8728,0.0276,0
mean_reversion,0.1608,0.8645,0.0418,0
mean_reversion,0.1669,0.868,0.0346,0
mean_reversion,0.1849,0.8982,0.0497,0
mean_reversion,0.2138,0.9474,0.0599,0
mean_reversion,0.2237,0.9448,0.0699,0
mean_reversion,0.2273,0.9305,0.0866,0
mean_reversion,0.2753,0.8868,0.1444,0
mean_reversion,0.3084,0.8847,0.1795,0
mean_reversion,0.2264,0.7829,0.2729,0
mean_reversion,0.1731,0.7841,0.3286,0
mean_reversion,0.1233,0.7836,0.3891,0
mean_reversion,0.0973,0.8216,0.4594,0
mean_reversion,0.1106,0.8686,0.5396,0
mean_reversion,0.1172,0.9027,0.6064,0
mean_reversion,0.1364,0.9055,0.6644,0
mean_reversion,0.1458,0.9122,0.6995,0
mean_reversion,0.1254,0.926,0.7331,0
mean_reversion,0.1179,0.8973,0.7521,0
mean_reversion,0.101,0.9078,0.7547,0
mean_reversion,0.0836,0.9034,0.7699,0
mean_reversion,0.0746,0.8949,0.7603,0
mean_reversion,0.0917,0.8884,0.7735,0
mean_reversion,0.0929,0.9074,0.7828,0
mean_reversion,0.0736,0.9126,0.7952,0
mean_reversion,0.0548,0.9109,0.8036,0
mean_reversion,0.0646,0.8983,0.8093,0
mean_reversion,0.0748,0.891,0.7764,0
mean_reversion,0.0776,0.8937,0.7577,0
mean_reversion,0.0788,0.8999,0.6219,0
mean_reversion,0.0927,0.9019,0.5312,0
mean_reversion,0.1039,0.8921,0.4709,0
mean_reversion,0.1172,0.8931,0.4306,0
mean_reversion,0.0823,0.9009,0.387,0
mean_reversion,0.0911,0.869,0.3747,0
mean_reversion,0.0645,0.8597,0.353,0
mean_reversion,0.078,0.8691,0.3522,0
mean_reversion,0.0905,0.8415,0.3748,0
mean_reversion,0.0658,0.842,0.3899,0
mean_reversion,0.068,0.9534,0.4033,0
mean_reversion,0.0572,0.9452,0.4155,0
mean_reversion,0.0503,0.859,0.4268,0
mean_reversion,0.0421,0.7465,0.4245,0
mean_reversion,0.0459,0.6492,0.4122,0
mean_reversion,0.0568,0.6331,0.4014,0
mean_reversion,0.0722,0.6368,0.3976,0
mean_reversion,0.0922,0.635,0.3984,0
mean_reversion,0.1114,0.6528,0.4022,0
mean_reversion,0.1496,0.6369,0.4049,0
mean_reversion,0.1512,0.6167,0.4232,0
mean_reversion,0.121,0.5935,0.4389,0
mean_reversion,0.134,0.5675,0.4161,0
mean_reversion,0.1424,0.5697,0.4074,0
mean_reversion,0.1574,0.5704,0.3983,0
mean_reversion,0.1832,0.5712,0.3789,0
mean_reversion,0.2283,0.5804,0.3659,0
mean_reversion,0.2568,0.5853,0.3506,0
mean_reversion,0.2636,0.5938,0.3203,0
mean_reversion,0.2512,0.5907,0.3002,0
mean_reversion,0.2563,0.5888,0.2901,0
mean_reversion,0.2209,0.5857,0.2935,0
mean_reversion,0.258,0.6682,0.2957,0
mean_reversion,0.2831,0.6623,0.3038,0
mean_reversion,0.2771,0.6311,0.316,0
mean_reversion,0.2452,0.6315,0.3273,0
mean_reversion,0.2151,0.6199,0.3313,0
mean_reversion,0.2091,0.6039,0.2809,0
mean_reversion,0.2333,0.5878,0.3173,0
mean_reversion,0.262,0.6031,0.3448,0
mean_reversion,0.2818,0.6418,0.3532,0
mean_reversion,0.2706,0.6853,0.3487,0
mean_reversion,0.2694,0.6886,0.3424,0
mean_reversion,0.2514,0.6838,0.3516,0
mean_reversion,0.25,0.6884,0.3644,0
mean_reversion,0.2604,0.7,0.353,0
mean_reversion,0.2561,0.7117,0.342,0
mean_reversion,0.2558,0.711,0.3414,0
mean_reversion,0.2447,0.7029,0.3243,0
mean_reversion,0.2414,0.6938,0.3496,0
mean_reversion,0.2509,0.6918,0.3763,0
mean_reversion,0.254,0.6923,0.3639,0
mean_reversion,0.2992,0.6877,0.4097,0
mean_reversion,0.2924,0.6864,0.4465,0
mean_reversion,0.2458,0.663,0.4709,0
mean_reversion,0.2506,0.6507,0.4872,0
mean_reversion,0.2338,0.6347,0.5048,0
mean_reversion,0.1627,0.6497,0.54,0
mean_reversion,0.1436,0.6635,0.54,0
mean_reversion,0.1352,0.6747,0.5332,0
mean_reversion,0.1049,0.6918,0.5288,0
mean_reversion,0.0864,0.7052,0.5326,0
mean_reversion,0.1258,0.7034,0.5183,0
mean_reversion,0.1524,0.7098,0.5191,0
mean_reversion,0.2215,0.7158,0.5695,0
mean_reversion,0.2558,0.7291,0.6061,0
mean_reversion,0.2533,0.7229,0.6411,0
mean_reversion,0.2464,0.723,0.6641,0
mean_reversion,0.2377,0.7245,0.6794,0
mean_reversion,0.2321,0.7282,0.6463,0
mean_reversion,0.2412,0.7287,0.6242,0
mean_reversion,0.2317,0.723,0.6196,0
mean_reversion,0.2419,0.7199,0.5729,0
mean_reversion,0.2691,0.7205,0.5486,0
mean_reversion,0.2818,0.7271,0.5124,0
mean_reversion,0.2955,0.7278,0.455,0
mean_reversion,0.3367,0.729,0.4099,0
mean_reversion,0.3648,0.7193,0.37,0
mean_reversion,0.3398,0.7048,0.337,0
mean_reversion,0.3521,0.6815,0.3147,0
mean_reversion,0.2594,0.6024,0.5432,0
mean_reversion,0.242,0.6734,0.6921,0
mean_reversion,0.2068,0.758,0.7881,0
mean_reversion,0.2196,0.822,0.8584,0
mean_reversion,0.2268,0.8652,0.8923,0
mean_reversion,0.2445,0.8762,0.9149,1
chop,0.2759,0.8751,0.9263,2
chop,0.2804,0.8708,0.9376,3
chop,0.3275,0.8783,0.9449,4
chop,0.3538,0.8808,0.9464,5
chop,0.3636,0.8818,0.9442,6
chop,0.3654,0.8864,0.9561,7
chop,0.367,0.8845,0.9307,8
chop,0.3751,0.8898,0.9138,9
chop,0.378,0.899,0.9042,10
mean_reversion,0.3621,0.8997,0.8961,0
trending,0.3821,0.9009,0.8907,0
trending,0.3867,0.9168,0.8705,0
trending,0.3966,0.9155,0.8536,0
trending,0.4009,0.916,0.8457,0
trending,0.4058,0.9148,0.6038,0
trending,0.4357,0.9154,0.4392,0
trending,0.4436,0.9216,0.3128,0
trending,0.4243,0.9043,0.2119,0
mean_reversion,0.3044,0.895,0.1445,0
mean_reversion,0.2253,0.9168,0.1065,0
mean_reversion,0.1624,0.9286,0.0774,0
mean_reversion,0.189,0.9353,0.0583,0
mean_reversion,0.1865,1.0033,0.0455,0
mean_reversion,0.1749,1.013,0.0403,0
mean_reversion,0.1777,1.011,0.0469,0
chop,0.1448,1.0154,0.0545,0
chop,0.1041,1.0195,0.0596,0
chop,0.0728,1.0069,0.0531,0
chop,0.0733,0.9953,0.0605,0
chop,0.0501,0.9918,0.0603,0
chop,0.0376,0.9918,0.0634,0
chop,0.0507,1.0095,0.0622,0
chop,0.0743,1.0148,0.0481,0
chop,0.066,1.0126,0.0388,0
chop,0.0448,1.0178,0.0292,0
chop,0.0546,1.0189,0.0294,0
chop,0.068,1.025,0.0696,0
chop,0.0573,1.026,0.0531,0
chop,0.0901,1.0242,0.0455,0
chop,0.1187,1.0306,0.0337,0
chop,0.1362,1.0339,0.0258,0
chop,0.1216,1.0345,0.0205,0
chop,0.1296,1.0386,0.0171,0
chop,0.1237,1.0362,0.028,0
chop,0.1043,1.0371,0.0354,0
chop,0.1418,1.0391,0.0469,0
chop,0.1157,1.0334,0.0812,0
chop,0.1122,1.0438,0.1008,0
chop,0.1107,1.045,0.1172,0
chop,0.1175,1.0442,0.1182,0
chop,0.1337,1.0444,0.1224,0
mean_reversion,0.174,1.0521,0.1446,0
mean_reversion,0.1888,1.0897,0.1364,0
mean_reversion,0.2007,1.0692,0.1476,0
chop,0.1476,1.0166,0.2251,0
chop,0.126,0.9738,0.2767,0
chop,0.0983,0.9663,0.3111,0
chop,0.0869,0.978,0.3408,0
mean_reversion,0.1107,0.9299,0.3806,0
mean_reversion,0.1939,0.8937,0.4571,0
mean_reversion,0.2585,0.932,0.5349,0
trending,0.3197,1.0141,0.5866,0
trending,0.3164,1.064,0.6311,0
trending,0.3185,1.1044,0.6573,0
trending,0.3242,1.1038,0.6682,0
trending,0.3209,1.1015,0.6723,0
trending,0.3176,1.1192,0.6714,0
trending,0.3157,1.1116,0.671,0
trending,0.328,1.1353,0.6612,0
trending,0.2941,1.1323,0.6808,0
trending,0.2891,1.1468,0.6972,0
trending,0.3015,1.1425,0.7182,0
trending,0.3134,1.1414,0.7322,0
trending,0.3101,1.1365,0.7418,0
trending,0.2934,1.1221,0.7181,0
trending,0.2829,1.1061,0.7021,0
trending,0.2649,1.1069,0.6814,0
mean_reversion,0.2485,1.0994,0.6676,0
trending,0.257,1.1312,0.6184,0
trending,0.2527,1.1221,0.5655,0
trending,0.2681,1.1283,0.517,0
trending,0.2952,1.123,0.4847,0
mean_reversion,0.2305,1.0692,0.4864,0
mean_reversion,0.1754,1.072,0.4878,0
mean_reversion,0.1879,1.0767,0.4885,0
mean_reversion,0.2298,1.0911,0.4891,0
mean_reversion,0.2387,1.1309,0.4961,0
mean_reversion,0.2427,1.1301,0.4874,0
trending,0.2718,1.127,0.4714,0
trending,0.2731,1.1242,0.4609,0
trending,0.2605,1.1209,0.4572,0
trending,0.281,1.1311,0.4448,0
trending,0.3351,1.127,0.4429,0
trending,0.3581,1.1265,0.4418,0
trending,0.3582,1.8526,0.4511,0
trending,0.3861,1.6719,0.4607,0
trending,0.3978,1.4737,0.4707,0
trending,0.3836,1.3212,0.4804,0
trending,0.3639,1.0988,0.487,0
trending,0.383,1.0863,0.498,0
trending,0.3961,1.084,0.5054,0
trending,0.3592,1.0683,0.5201,0
trending,0.3168,1.0629,0.4667,0
mean_reversion,0.2632,1.0587,0.4378,0
mean_reversion,0.2386,1.0616,0.4152,0
mean_reversion,0.2392,1.0681,0.4001,0
mean_reversion,0.1697,1.0694,0.3868,0
mean_reversion,0.1315,1.0701,0.4012,0
mean_reversion,0.1218,1.0695,0.3642,0
mean_reversion,0.1703,1.0371,0.4061,0
mean_reversion,0.2149,1.0579,0.4341,0
mean_reversion,0.2113,1.0549,0.4628,0
mean_reversion,0.3096,0.8594,0.6085,0
trending,0.3846,0.9596,0.7124,0
trending,0.4424,1.0418,0.7983,0
trending,0.4888,1.146,0.8556,0
trending,0.5613,1.2798,0.8866,0
trending,0.6283,1.3159,0.9145,1
chop,0.6814,1.3012,0.9429,2
chop,0.7183,1.3538,0.952,3
chop,0.7342,1.375,0.9513,4
chop,0.7367,1.3974,0.961,5
chop,0.742,1.4093,0.9604,6
chop,0.7603,1.4136,0.964,7
chop,0.7739,1.4106,0.9727,8
chop,0.7691,1.4034,0.9819,9
chop,0.7579,1.3962,0.9888,10
chop,0.748,1.3918,0.9926,11
chop,0.7299,1.3919,0.9952,12
chop,0.7142,1.4,0.9868,13
chop,0.7066,1.3976,0.9778,14
chop,0.7005,1.3933,0.9419,15
trending,0.704,1.3947,0.7713,0
trending,0.6985,1.3982,0.6375,0
trending,0.6747,1.3911,0.5483,0
trending,0.6858,1.3816,0.4956,0
trending,0.6105,1.3377,0.5303,0
trending,0.5577,1.3253,0.5536,0
trending,0.4421,1.2549,0.5691,0
trending,0.3648,1.26,0.5761,0
trending,0.2657,1.2453,0.5874,0
mean_reversion,0.1802,1.2755,0.5949,0
mean_reversion,0.1585,1.3219,0.59,0
mean_reversion,0.161,1.3387,0.5832,0
mean_reversion,0.1516,1.3536,0.5821,0
mean_reversion,0.1273,1.3581,0.5879,0
mean_reversion,0.1328,1.3725,0.5876,0
mean_reversion,0.154,1.3645,0.5949,0
mean_reversion,0.1401,1.3581,0.6033,0
mean_reversion,0.1352,1.3504,0.6089,0
mean_reversion,0.1236,1.3465,0.6064,0
mean_reversion,0.1071,1.345,0.6043,0
mean_reversion,0.0939,1.3401,0.5962,0
mean_reversion,0.0676,1.3367,0.6074,0
mean_reversion,0.0449,1.3607,0.6183,0
mean_reversion,0.0439,1.3498,0.6356,0
mean_reversion,0.0381,1.3354,0.607,0
mean_reversion,0.0266,1.3259,0.5713,0
mean_reversion,0.0362,1.3959,0.5142,0
mean_reversion,0.0401,1.4713,0.4795,0
mean_reversion,0.0489,1.4483,0.3563,0
chop,0.0552,1.3236,0.3376,0
mean_reversion,0.1057,1.1744,0.3784,0
mean_reversion,0.147,1.1342,0.4089,0
mean_reversion,0.2036,1.1258,0.4626,0
mean_reversion,0.2361,1.1176,0.5251,0
trending,0.2575,1.1213,0.5633,0
trending,0.2782,1.1233,0.5723,0
trending,0.2769,1.1256,0.5882,0
trending,0.2624,1.1493,0.5822,0
trending,0.2529,1.1485,0.5845,0
trending,0.2706,1.1595,0.5996,0
trending,0.2613,1.1604,0.6095,0
trending,0.2713,1.1626,0.5964,0
trending,0.2706,1.1643,0.5735,0
trending,0.263,1.1669,0.5395,0
trending,0.2637,1.1644,0.5133,0
mean_reversion,0.2499,1.1606,0.4956,0
mean_reversion,0.2309,1.1574,0.484,0
mean_reversion,0.1901,1.153,0.4728,0
mean_reversion,0.1918,1.1425,0.4619,0
mean_reversion,0.1869,1.1419,0.4311,0
mean_reversion,0.1798,1.2108,0.3008,0
mean_reversion,0.1988,1.1942,0.2038,0
mean_reversion,0.1778,1.1685,0.1392,0
mean_reversion,0.1987,1.143,0.0962,0
chop,0.1337,1.1064,0.0675,0
chop,0.1355,1.1107,0.0482,0
chop,0.0959,1.1171,0.0354,0
chop,0.0879,1.1153,0.0268,0
chop,0.0625,1.1148,0.0245,0
chop,0.0629,1.1145,0.0197,0
chop,0.0542,1.1327,0.0164,0
chop,0.0507,1.1292,0.0143,0
chop,0.0609,1.1223,0.0128,0
chop,0.0613,1.1177,0.0117,0
chop,0.0439,1.1134,0.0104,0
chop,0.0423,1.1163,0.0102,0
chop,0.0851,1.1077,0.0368,0
chop,0.0993,1.1118,0.0579,0
chop,0.1172,1.1121,0.0652,0
chop,0.1245,1.1169,0.0702,0
chop,0.1021,1.1143,0.0734,0
chop,0.1398,1.1087,0.1056,0
chop,0.1145,1.1056,0.1271,0
chop,0.0857,1.1054,0.138,0
chop,0.0651,1.1056,0.1454,0
chop,0.0666,1.1105,0.1536,0
chop,0.0614,1.0838,0.1891,0
chop,0.067,1.1111,0.2194,0
chop,0.0629,1.1057,0.2429,0
chop,0.051,1.1232,0.2553,0
chop,0.0631,1.4122,0.2737,0
chop,0.0604,1.3198,0.2892,0
chop,0.0661,1.2436,0.3027,0
chop,0.137,1.0821,0.3285,0
mean_reversion,0.1737,0.9234,0.3523,0
mean_reversion,0.1791,0.8886,0.3718,0
mean_reversion,0.1759,0.882,0.3712,0
mean_reversion,0.18,0.815,0.3741,0
mean_reversion,0.1615,0.7623,0.3861,0
mean_reversion,0.1445,0.7211,0.4007,0
mean_reversion,0.1476,0.6887,0.4174,0
mean_reversion,0.1463,0.6843,0.3983,0
mean_reversion,0.0991,0.6865,0.4289,0
mean_reversion,0.0694,0.7034,0.4492,0
mean_reversion,0.0919,0.6402,0.4996,0
mean_reversion,0.0973,0.6221,0.5564,0
mean_reversion,0.0944,0.6182,0.571,0
mean_reversion,0.0841,0.6155,0.5807,0
mean_reversion,0.0672,0.614,0.5939,0
mean_reversion,0.068,0.6241,0.6059,0
mean_reversion,0.0532,0.6235,0.6005,0
mean_reversion,0.0394,0.6155,0.6004,0
mean_reversion,0.0322,0.6148,0.597,0
mean_reversion,0.0594,0.6029,0.5647,0
mean_reversion,0.1378,0.615,0.6065,0
mean_reversion,0.1936,0.6781,0.6341,0
mean_reversion,0.2577,0.7861,0.6697,0
mean_reversion,0.383,0.8499,0.7798,0
trending,0.4234,0.9175,0.8535,0
trending,0.4524,0.9274,0.8991,0
mean_reversion,0.4604,0.8968,0.9326,1
chop,0.5087,0.7374,0.9551,2
chop,0.5296,0.742,0.9701,3
chop,0.5292,0.7695,0.9801,4
chop,0.5295,0.7981,0.9766,5
chop,0.5298,0.8375,0.9744,6
chop,0.4995,0.8403,0.9729,7
chop,0.4857,0.8423,0.9718,8
chop,0.5196,0.84,0.9716,9
chop,0.5134,0.8393,0.9711,10
chop,0.5141,0.8499,0.9675,11
chop,0.5137,0.8539,0.9656,12
chop,0.5095,0.8584,0.9571,13
chop,0.5161,0.8621,0.948,14
chop,0.5283,0.8661,0.922,15
chop,0.4885,0.8175,0.938,16
chop,0.4462,0.8175,0.9553,17
chop,0.3882,0.849,0.9169,18
mean_reversion,0.3188,0.8947,0.8879,0
mean_reversion,0.274,0.9591,0.8652,0
mean_reversion,0.2289,1.0432,0.8468,0
mean_reversion,0.1859,1.0422,0.7212,0
mean_reversion,0.1348,1.0289,0.6841,0
mean_reversion,0.0902,1.0352,0.6594,0
mean_reversion,0.0891,1.0059,0.6763,0
mean_reversion,0.1384,1.0089,0.6875,0
mean_reversion,0.1662,1.0167,0.6816,0
mean_reversion,0.1706,1.0178,0.6644,0
mean_reversion,0.1966,1.015,0.6595,0
mean_reversion,0.2159,1.0228,0.6432,0
mean_reversion,0.2281,1.0189,0.6522,0
mean_reversion,0.2362,1.015,0.6744,0
mean_reversion,0.2436,1.0193,0.6896,0
mean_reversion,0.2394,1.0201,0.693,0
mean_reversion,0.2166,1.0131,0.7087,0
mean_reversion,0.2081,1.0135,0.6283,0
mean_reversion,0.1923,1.0105,0.5759,0
mean_reversion,0.2088,0.9909,0.5439,0
mean_reversion,0.2405,0.9916,0.5228,0
mean_reversion,0.2289,0.9971,0.5052,0
mean_reversion,0.159,0.9752,0.5301,0
mean_reversion,0.1476,0.9675,0.5066,0
mean_reversion,0.1353,0.9708,0.4778,0
mean_reversion,0.0906,0.9574,0.4818,0
mean_reversion,0.0758,0.9463,0.4546,0
mean_reversion,0.0737,0.9475,0.4365,0
mean_reversion,0.0689,0.9626,0.4277,0
mean_reversion,0.0616,0.9746,0.4218,0
mean_reversion,0.1172,0.9751,0.4313,0
mean_reversion,0.1481,0.9807,0.4369,0
mean_reversion,0.1401,0.9742,0.4446,0
mean_reversion,0.1391,0.9747,0.4231,0
mean_reversion,0.1272,0.9748,0.4087,0
mean_reversion,0.1197,0.9749,0.3925,0
mean_reversion,0.083,0.9753,0.3619,0
chop,0.0876,0.9744,0.341,0
chop,0.0806,0.9798,0.3206,0
chop,0.0549,0.9783,0.2972,0
chop,0.0624,0.9781,0.2713,0
chop,0.0688,0.9782,0.2508,0
chop,0.0988,0.9777,0.2106,0
chop,0.0859,0.9716,0.1837,0
chop,0.0734,0.9512,0.2059,0
mean_reversion,0.1365,0.862,0.3906,0
mean_reversion,0.2302,0.9129,0.5138,0
mean_reversion,0.2941,0.9387,0.5957,0
trending,0.3375,1.0168,0.6504,0
trending,0.3601,1.065,0.6836,0
trending,0.3734,1.0668,0.6989,0
trending,0.3949,1.0663,0.7059,0
trending,0.3545,1.0378,0.7273,0
trending,0.3182,1.0356,0.7414,0
mean_reversion,0.2922,1.0262,0.7509,0
mean_reversion,0.2579,1.0363,0.7572,0
mean_reversion,0.262,1.0316,0.758,0
mean_reversion,0.268,1.0284,0.7586,0
mean_reversion,0.258,1.0226,0.7694,0
mean_reversion,0.2529,1.0206,0.7641,0
mean_reversion,0.2631,1.0199,0.7594,0
mean_reversion,0.2813,1.0117,0.7696,0
trending,0.3115,1.011,0.7797,0
trending,0.3256,1.0155,0.7665,0
trending,0.3315,1.0285,0.7343,0
trending,0.3231,1.0216,0.6028,0
trending,0.3143,1.0625,0.502,0
trending,0.3369,1.0787,0.418,0
trending,0.3244,1.079,0.3487,0
mean_reversion,0.2743,1.0657,0.3391,0
mean_reversion,0.1898,1.0254,0.4127,0
mean_reversion,0.1402,1.0204,0.4618,0
mean_reversion,0.1254,1.0344,0.4779,0
mean_reversion,0.1515,1.0426,0.5019,0
mean_reversion,0.1874,1.0887,0.5112,0
mean_reversion,0.2307,1.1171,0.5076,0
mean_reversion,0.2142,1.141,0.5151,0
mean_reversion,0.1956,1.1196,0.5166,0
mean_reversion,0.199,1.0963,0.5109,0
mean_reversion,0.1691,1.0943,0.5198,0
mean_reversion,0.1562,1.0504,0.5198,0
mean_reversion,0.1604,1.0164,0.4764,0
mean_reversion,0.1611,0.9871,0.4242,0
mean_reversion,0.1635,1.1846,0.3864,0
mean_reversion,0.1809,1.1478,0.3648,0
mean_reversion,0.223,1.0947,0.3565,0
mean_reversion,0.2874,1.0421,0.3576,0
trending,0.3221,0.9717,0.3551,0
trending,0.3494,0.9797,0.3534,0
trending,0.3692,0.9881,0.2755,0
trending,0.3972,0.9899,0.1904,0
trending,0.3875,0.9969,0.1336,0
trending,0.3755,1.0003,0.0957,0
trending,0.4008,1.0013,0.0672,0
trending,0.3762,1.002,0.0481,0
trending,0.3147,1.0053,0.0351,0
mean_reversion,0.2682,1.0046,0.0266,0
mean_reversion,0.1968,1.061,0.0244,0
mean_reversion,0.1603,1.0657,0.0263,0
chop,0.1119,1.0541,0.0209,0
chop,0.1101,1.0131,0.0206,0
chop,0.1086,0.971,0.0204,0
chop,0.1197,0.959,0.0169,0
mean_reversion,0.1857,0.9709,0.0174,0
mean_reversion,0.2091,0.9928,0.0314,0
mean_reversion,0.2163,0.9928,0.0309,0
mean_reversion,0.1561,1.0141,0.0573,0
chop,0.1459,1.0071,0.0782,0
chop,0.1212,0.9885,0.0921,0
chop,0.1324,0.979,0.0981,0
chop,0.1436,0.9788,0.072,0
mean_reversion,0.1647,0.9766,0.0514,0
chop,0.1427,0.982,0.0509,0
chop,0.096,0.993,0.0506,0
chop,0.0856,0.989,0.0671,0
chop,0.0613,0.9888,0.0781,0
chop,0.0573,1.0007,0.0987,0
chop,0.0529,0.993,0.1158,0
chop,0.0677,0.994,0.1306,0
chop,0.0541,0.9979,0.177,0
chop,0.0494,1.0008,0.2082,0
chop,0.0651,0.9981,0.2288,0
chop,0.0913,1.0388,0.2459,0
chop,0.0898,1.055,0.2539,0
chop,0.1015,1.049,0.2624,0
chop,0.1323,1.0609,0.2849,0
chop,0.1465,1.0726,0.28,0
mean_reversion,0.1809,1.0699,0.2767,0
mean_reversion,0.1544,1.0337,0.3046,0
chop,0.111,1.0163,0.3264,0
chop,0.0948,1.0326,0.3443,0
mean_reversion,0.0828,1.0238,0.3529,0
mean_reversion,0.0753,1.0412,0.3586,0
mean_reversion,0.1088,1.0348,0.376,0
mean_reversion,0.1388,1.0451,0.3873,0
mean_reversion,0.1572,1.0374,0.4049,0
mean_reversion,0.1569,1.0353,0.4133,0
mean_reversion,0.1527,1.0363,0.4188,0
mean_reversion,0.1675,1.0373,0.4192,0
mean_reversion,0.182,1.0377,0.3696,0
mean_reversion,0.158,1.0296,0.3429,0
mean_reversion,0.126,1.0188,0.362,0
mean_reversion,0.1016,0.9976,0.4215,0
mean_reversion,0.1832,1.0069,0.5044,0
mean_reversion,0.2209,1.1171,0.5629,0
trending,0.25,1.4933,0.5953,0
trending,0.2501,1.4101,0.6268,0
mean_reversion,0.1892,1.2347,0.6913,0
mean_reversion,0.1823,1.0779,0.7409,0
mean_reversion,0.1992,0.9729,0.7707,0
mean_reversion,0.1932,0.9729,0.8004,0
mean_reversion,0.1822,0.9749,0.8169,0
mean_reversion,0.155,1.0293,0.8279,0
mean_reversion,0.1287,0.9779,0.8483,0
mean_reversion,0.1092,1.0399,0.8622,0
mean_reversion,0.1151,1.0583,0.8784,0
mean_reversion,0.1257,1.1249,0.8926,0
mean_reversion,0.1084,1.1713,0.9054,1
chop,0.0935,1.1936,0.9169,2
chop,0.1103,1.2096,0.9279,3
chop,0.0953,1.1749,0.9453,4
chop,0.0751,1.2001,0.9539,5
chop,0.051,1.2081,0.9426,6
chop,0.0361,1.193,0.9217,7
chop,0.0423,1.1753,0.9079,8
chop,0.0776,1.1498,0.9052,9
chop,0.1225,1.15,0.9035,10
mean_reversion,0.1806,1.1201,0.8824,0
mean_reversion,0.234,1.0653,0.8849,0
mean_reversion,0.2669,1.0971,0.8833,0
trending,0.2765,1.1975,0.8823,0
mean_reversion,0.2243,1.1591,0.8882,0
mean_reversion,0.2164,1.1254,0.8921,0
mean_reversion,0.2157,1.124,0.8481,0
mean_reversion,0.1931,1.0233,0.8322,0
mean_reversion,0.1808,0.9789,0.7781,0
mean_reversion,0.1645,0.9801,0.7419,0
mean_reversion,0.1121,0.9737,0.7179,0
mean_reversion,0.0751,0.9753,0.7019,0
mean_reversion,0.0971,0.9774,0.688,0
mean_reversion,0.1305,0.9733,0.642,0
mean_reversion,0.1208,0.9627,0.6412,0
mean_reversion,0.1145,0.9684,0.6109,0
mean_reversion,0.0914,0.9388,0.6339,0
mean_reversion,0.0793,0.9637,0.6459,0
mean_reversion,0.0808,0.9879,0.6373,0
mean_reversion,0.0951,0.9965,0.6249,0
mean_reversion,0.1059,1.0061,0.5996,0
mean_reversion,0.0917,1.0048,0.5798,0
mean_reversion,0.0677,1.009,0.5663,0
mean_reversion,0.0696,1.0008,0.5608,0
mean_reversion,0.1217,1.0041,0.5439,0
mean_reversion,0.0946,0.9934,0.5326,0
mean_reversion,0.0781,0.9934,0.5217,0
mean_reversion,0.0926,0.9922,0.5109,0
mean_reversion,0.1688,0.9896,0.4941,0
mean_reversion,0.1879,0.9821,0.4925,0
mean_reversion,0.1858,0.9787,0.4987,0
mean_reversion,0.209,0.981,0.4991,0
mean_reversion,0.2111,0.9834,0.4859,0
mean_reversion,0.2292,0.9861,0.4739,0
mean_reversion,0.2244,0.9808,0.4792,0
mean_reversion,0.2171,0.9795,0.4861,0
mean_reversion,0.2097,0.9861,0.3874,0
mean_reversion,0.2016,0.9976,0.3149,0
mean_reversion,0.1784,1.0083,0.2665,0
mean_reversion,0.1803,1.0036,0.2744,0
mean_reversion,0.1562,1.0031,0.2829,0
chop,0.1223,1.0043,0.2819,0
chop,0.0976,1.0119,0.2845,0
chop,0.0694,1.0059,0.2664,0
chop,0.0514,1.0057,0.2277,0
chop,0.0562,1.0041,0.2284,0
chop,0.0982,0.9969,0.3155,0
mean_reversion,0.1245,1.0025,0.3803,0
mean_reversion,0.1786,1.0101,0.4136,0
mean_reversion,0.2129,1.0294,0.4258,0
mean_reversion,0.2664,1.0157,0.4665,0
trending,0.327,1.032,0.4909,0
trending,0.3108,0.9914,0.5473,0
mean_reversion,0.2743,0.9853,0.5851,0
mean_reversion,0.2327,0.9855,0.6068,0
