timestamp,open,high,low,close,volume,funding_rate,fear_greed,forecast,confidence,regime,strategy,total_portfolio_value,previous_allocation,allocation_change,approved_rebalance,succcess_execute_portfolio_rebalance,postRebalance_total_value,postRebalance_current_allocation,portfolio_value,debug_info.regime,debug_info.forecast_delta,debug_info.regime_scores,debug_info.regime_margin,debug_info.bars_in_regime,debug_approve_allocation_change.symbol,debug_approve_allocation_change.time,debug_execute_portfolio_rebalance.symbol,debug_execute_portfolio_rebalance.price,debug_execute_portfolio_rebalance.quantity,debug_execute_portfolio_rebalance.trade_type,balances.USDT.free,balances.USDT.locked,balances.BTCUSDT.free,balances.BTCUSDT.locked,postRebalance_balances.USDT.free,postRebalance_balances.USDT.locked,postRebalance_balances.BTCUSDT.free,postRebalance_balances.BTCUSDT.locked,debug_info.components.sma_trend.last_history_value,debug_info.components.sma_trend.post_pipeline_value,debug_info.components.sma_trend.weight_normalized,debug_info.components.sma_trend.weighted_contribution,debug_approve_allocation_change.controls.max_allocation_change.passed,debug_approve_allocation_change.controls.min_allocation_change.passed
2020-04-01 02:00:00,6643.36,7198.0,6551.0,6794.09,149299.906871,-0.000162,12,0.0,0.0,unknown,,1000.0,0.0,0.0,,,1000.0,0.0,1000.0,unknown,0.0,{},,1.0,,,,,,,1280.560935,0.0,0.0,0.0,1280.560935,0.0,0.0,0.0,0.0,0.0,1.0,0.0,,
2020-04-02 02:00:00,6793.86,7048.0,6602.1,6734.1,104080.276939,-0.000193,14,0.0,0.0,unknown,,1000.0,0.0,0.0,,,1000.0,0.0,1000.0,unknown,0.0,{},,2.0,,,,,,,1280.560935,0.0,0.0,0.0,1280.560935,0.0,0.0,0.0,0.0,0.0,1.0,0.0,,
2020-04-03 02:00:00,6732.97,6990.41,6650.01,6856.99,72990.861139,9e-05,14,0.0,0.0,unknown,,1000.0,0.0,0.0,,,1000.0,0.0,1000.0,unknown,0.0,{},,3.0,,,,,,,1280.560935,0.0,0.0,0.0,1280.560935,0.0,0.0,0.0,0.0,0.0,1.0,0.0,,
2020-04-04 02:00:00,6857.41,6895.54,6677.52,6772.78,49685.356983,6.2e-05,12,0.0,0.0,unknown,,1000.0,0.0,0.0,,,1000.0,0.0,1000.0,unknown,0.0,{},,4.0,,,,,,,1280.560935,0.0,0.0,0.0,1280.560935,0.0,0.0,0.0,0.0,0.0,1.0,0.0,,
2020-04-05 02:00:00,6772.78,7355.14,6765.0,7329.9,118052.000832,-7.8e-05,12,0.0,0.0,unknown,,1000.0,0.0,0.0,,,1000.0,0.0,1000.0,unknown,0.0,{},,5.0,,,,,,,1280.560935,0.0,0.0,0.0,1280.560935,0.0,0.0,0.0,0.0,0.0,1.0,0.0,,
2020-04-06 02:00:00,7329.9,7459.69,7077.0,7197.32,103585.168918,2.4e-05,12,0.0,0.0,unknown,,1000.0,0.0,0.0,,,1000.0,0.0,1000.0,unknown,0.0,{},,6.0,,,,,,,1280.560935,0.0,0.0,0.0,1280.560935,0.0,0.0,0.0,0.0,0.0,1.0,0.0,,
2020-04-07 02:00:00,7197.32,7420.0,7150.0,7361.28,76059.145838,-0.000129,20,0.0,0.0,unknown,,1000.0,0.0,0.0,,,1000.0,0.0,1000.0,unknown,0.0,{},,7.0,,,,,,,1280.560935,0.0,0.0,0.0,1280.560935,0.0,0.0,0.0,0.0,0.0,1.0,0.0,,
2020-04-08 02:00:00,7360.26,7371.92,7108.08,7283.54,61094.872417,-2.8e-05,21,0.0,0.0,unknown,,1000.0,0.0,0.0,,,1000.0,0.0,1000.0,unknown,0.0,{},,8.0,,,,,,,1280.560935,0.0,0.0,0.0,1280.560935,0.0,0.0,0.0,0.0,0.0,1.0,0.0,,
2020-04-09 02:00:00,7283.54,7295.75,6739.98,6858.92,104674.623375,0.0001,22,0.0,0.0,unknown,,1000.0,0.0,0.0,,,1000.0,0.0,1000.0,unknown,0.0,{},,9.0,,,,,,,1280.560935,0.0,0.0,0.0,1280.560935,0.0,0.0,0.0,0.0,0.0,1.0,0.0,,
2020-04-10 02:00:00,6858.92,6944.3,6760.0,6876.83,45470.293206,-8.9e-05,15,0.0,0.0,unknown,,1000.0,0.0,0.0,,,1000.0,0.0,1000.0,unknown,0.0,{},,10.0,,,,,,,1280.560935,0.0,0.0,0.0,1280.560935,0.0,0.0,0.0,0.0,0.0,1.0,0.0,,
2020-04-11 02:00:00,6876.84,7177.0,6780.0,6903.79,73868.666501,0.0001,15,0.0,0.0,unknown,,1000.0,0.0,0.0,,,1000.0,0.0,1000.0,unknown,0.0,{},,11.0,,,,,,,1280.560935,0.0,0.0,0.0,1280.560935,0.0,0.0,0.0,0.0,0.0,1.0,0.0,,
2020-04-12 02:00:00,6903.79,6903.79,6575.0,6837.91,96415.476573,0.0001,10,0.0,0.0,unknown,,1000.0,0.0,0.0,,,1000.0,0.0,1000.0,unknown,0.0,{},,12.0,,,,,,,1280.560935,0.0,0.0,0.0,1280.560935,0.0,0.0,0.0,0.0,0.0,1.0,0.0,,
2020-04-13 02:00:00,6838.04,6978.0,6754.28,6868.7,69068.623285,8.5e-05,11,0.0,0.0,unknown,,1000.0,0.0,0.0,,,1000.0,0.0,1000.0,unknown,0.0,{},,13.0,,,,,,,1280.560935,0.0,0.0,0.0,1280.560935,0.0,0.0,0.0,0.0,0.0,1.0,0.0,,
2020-04-14 02:00:00,6868.57,6933.0,6605.0,6621.24,61571.384994,-1.2e-05,15,0.0,0.0,unknown,,1000.0,0.0,0.0,,,1000.0,0.0,1000.0,unknown,0.0,{},,14.0,,,,,,,1280.560935,0.0,0.0,0.0,1280.560935,0.0,0.0,0.0,0.0,0.0,1.0,0.0,,
2020-04-15 02:00:00,6621.25,7190.0,6468.27,7101.94,125009.857539,-0.000128,18,0.0,0.0,unknown,,1000.0,0.0,0.0,,,1000.0,0.0,1000.0,unknown,0.0,{},,15.0,,,,,,,1280.560935,0.0,0.0,0.0,1280.560935,0.0,0.0,0.0,0.0,0.0,1.0,0.0,,
2020-04-16 02:00:00,7101.99,7148.12,6972.98,7027.55,54126.509763,-7e-05,13,0.0,0.0,unknown,,1000.0,0.0,0.0,,,1000.0,0.0,1000.0,unknown,0.0,{},,16.0,,,,,,,1280.560935,0.0,0.0,0.0,1280.560935,0.0,0.0,0.0,0.0,0.0,1.0,0.0,,
2020-04-17 02:00:00,7026.78,7293.08,7014.4,7248.6,49488.542819,5.9e-05,15,0.0,0.0,unknown,,1000.0,0.0,0.0,,,1000.0,0.0,1000.0,unknown,0.0,{},,17.0,,,,,,,1280.560935,0.0,0.0,0.0,1280.560935,0.0,0.0,0.0,0.0,0.0,1.0,0.0,,
2020-04-18 02:00:00,7248.6,7266.15,7055.6,7120.74,45664.86393,-3.1e-05,18,0.0,0.0,unknown,,1000.0,0.0,0.0,,,1000.0,0.0,1000.0,unknown,0.0,{},,18.0,,,,,,,1280.560935,0.0,0.0,0.0,1280.560935,0.0,0.0,0.0,0.0,0.0,1.0,0.0,,
2020-04-19 02:00:00,7121.4,7220.0,6751.0,6826.83,90149.49137,-0.000191,16,0.0,0.0,unknown,,1000.0,0.0,0.0,,,1000.0,0.0,1000.0,unknown,0.0,{},,19.0,,,,,,,1280.560935,0.0,0.0,0.0,1280.560935,0.0,0.0,0.0,0.0,0.0,1.0,0.0,,
2020-04-20 02:00:00,6828.98,6940.0,6762.0,6841.37,60109.710808,-1.3e-05,15,0.0,0.0,unknown,,1000.0,0.0,0.0,,,1000.0,0.0,1000.0,unknown,0.0,{},,20.0,,,,,,,1280.560935,0.0,0.0,0.0,1280.560935,0.0,0.0,0.0,0.0,0.0,1.0,0.0,,
2020-04-21 02:00:00,6841.36,7156.38,6818.0,7125.14,61486.377334,-9.2e-05,17,0.0,0.0,unknown,,1000.0,0.0,0.0,,,1000.0,0.0,1000.0,unknown,0.0,{},,21.0,,,,,,,1280.560935,0.0,0.0,0.0,1280.560935,0.0,0.0,0.0,0.0,0.0,1.0,0.0,,
2020-04-22 02:00:00,7125.12,7738.0,7020.0,7482.39,102773.569561,0.0001,19,0.0,0.0,unknown,,1000.0,0.0,0.0,,,1000.0,0.0,1000.0,unknown,0.0,{},,22.0,,,,,,,1280.560935,0.0,0.0,0.0,1280.560935,0.0,0.0,0.0,0.0,0.0,1.0,0.0,,
2020-04-23 02:00:00,7483.96,7615.96,7388.0,7505.0,60182.119939,-0.000223,19,0.0,0.0,unknown,,1000.0,0.0,0.0,,,1000.0,0.0,1000.0,unknown,0.0,{},,23.0,,,,,,,1280.560935,0.0,0.0,0.0,1280.560935,0.0,0.0,0.0,0.0,0.0,1.0,0.0,,
2020-04-24 02:00:00,7505.0,7705.0,7431.07,7538.67,43874.427726,0.0001,20,0.0,0.0,unknown,,1000.0,0.0,0.0,,,1000.0,0.0,1000.0,unknown,0.0,{},,24.0,,,,,,,1280.560935,0.0,0.0,0.0,1280.560935,0.0,0.0,0.0,0.0,0.0,1.0,0.0,,
2020-04-25 02:00:00,7539.03,7700.0,7480.0,7693.1,50522.616209,0.0001,24,0.0,0.0,unknown,,1000.0,0.0,0.0,,,1000.0,0.0,1000.0,unknown,0.0,{},,25.0,,,,,,,1280.560935,0.0,0.0,0.0,1280.560935,0.0,0.0,0.0,0.0,0.0,1.0,0.0,,
2020-04-26 02:00:00,7693.1,7792.02,7606.0,7774.62,65441.339576,0.0001,21,0.0,0.0,unknown,,1000.0,0.0,0.0,,,1000.0,0.0,1000.0,unknown,0.0,{},,26.0,,,,,,,1280.560935,0.0,0.0,0.0,1280.560935,0.0,0.0,0.0,0.0,0.0,1.0,0.0,,
2020-04-27 02:00:00,7773.51,7780.0,7659.12,7738.98,46302.752638,0.0001,28,0.0,0.0,unknown,,1000.0,0.0,0.0,,,1000.0,0.0,1000.0,unknown,0.0,{},,27.0,,,,,,,1280.560935,0.0,0.0,0.0,1280.560935,0.0,0.0,0.0,0.0,0.0,1.0,0.0,,
2020-04-28 02:00:00,7738.58,8952.89,7710.05,8778.57,183546.887514,0.0001,26,0.0,0.0,unknown,,1000.0,0.0,0.0,,,1000.0,0.0,1000.0,unknown,0.0,{},,28.0,,,,,,,1280.560935,0.0,0.0,0.0,1280.560935,0.0,0.0,0.0,0.0,0.0,1.0,0.0,,
2020-04-29 02:00:00,8778.58,9460.0,8401.0,8620.0,206277.214124,0.0001,26,10.0,0.0,unknown,,1000.0,0.0,1.0,True,True,999.0,1.0,1000.0,unknown,10.0,{},,29.0,BTCUSDT,2020-04-29 02:00:00,BTCUSDT,8620.0,0.116009,LONG,1280.560935,0.0,0.0,0.0,1280.560935,0.0,0.0,0.0,10.0,10.0,1.0,10.0,True,True
2020-04-30 02:00:00,8620.0,9059.18,8613.56,8826.96,91468.815059,0.000132,44,10.0,0.0,unknown,,1022.985271,1.0,0.0,,,1022.985271,1.0,1022.985271,unknown,0.0,{},,30.0,,,,,,,1280.560935,0.0,0.0,0.0,1280.560935,0.0,0.0,0.0,10.0,10.0,1.0,10.0,,
2020-05-01 02:00:00,8825.67,9010.0,8753.0,8972.05,59002.08755,0.000211,40,10.0,0.0,unknown,,1039.800226,1.0,0.0,,,1039.800226,1.0,1039.800226,unknown,0.0,{},,31.0,,,,,,,1280.560935,0.0,0.0,0.0,1280.560935,0.0,0.0,0.0,10.0,10.0,1.0,10.0,,
2020-05-02 02:00:00,8972.58,9200.0,8712.0,8894.16,90126.065643,0.0001,40,10.0,0.0,unknown,,1030.773299,1.0,0.0,,,1030.773299,1.0,1030.773299,unknown,0.0,{},,32.0,,,,,,,1280.560935,0.0,0.0,0.0,1280.560935,0.0,0.0,0.0,10.0,10.0,1.0,10.0,,
2020-05-03 02:00:00,8894.15,8950.0,8522.0,8871.96,84418.512331,0.0001,45,10.0,0.0,unknown,,1028.200469,1.0,0.0,,,1028.200469,1.0,1028.200469,unknown,0.0,{},,33.0,,,,,,,1280.560935,0.0,0.0,0.0,1280.560935,0.0,0.0,0.0,10.0,10.0,1.0,10.0,,
2020-05-04 02:00:00,8871.92,9118.58,8760.0,9021.83,76480.765342,0.000119,44,10.0,0.0,unknown,,1045.569393,1.0,0.0,,,1045.569393,1.0,1045.569393,unknown,0.0,{},,34.0,,,,,,,1280.560935,0.0,0.0,0.0,1280.560935,0.0,0.0,0.0,10.0,10.0,1.0,10.0,,
2020-05-05 02:00:00,9021.36,9395.0,8906.21,9142.92,105925.30242,0.0001,40,10.0,0.0,unknown,,1059.60291,1.0,0.0,,,1059.60291,1.0,1059.60291,unknown,0.0,{},,35.0,,,,,,,1280.560935,0.0,0.0,0.0,1280.560935,0.0,0.0,0.0,10.0,10.0,1.0,10.0,,
2020-05-06 02:00:00,9143.4,10067.0,9021.0,9986.4,147154.611378,0.0001,42,10.0,0.0,unknown,,1157.356566,1.0,0.0,,,1157.356566,1.0,1157.356566,unknown,0.0,{},,36.0,,,,,,,1280.560935,0.0,0.0,0.0,1280.560935,0.0,0.0,0.0,10.0,10.0,1.0,10.0,,
2020-05-07 02:00:00,9986.3,10035.96,9705.0,9800.01,100683.7964,0.0001,49,10.0,0.0,unknown,,1135.755219,1.0,0.0,,,1135.755219,1.0,1135.755219,unknown,0.0,{},,37.0,,,,,,,1280.560935,0.0,0.0,0.0,1280.560935,0.0,0.0,0.0,10.0,10.0,1.0,10.0,,
2020-05-08 02:00:00,9800.02,9914.25,9520.0,9539.4,81950.679567,0.000161,55,10.0,0.0,unknown,,1105.552274,1.0,0.0,,,1105.552274,1.0,1105.552274,unknown,0.0,{},,38.0,,,,,,,1280.560935,0.0,0.0,0.0,1280.560935,0.0,0.0,0.0,10.0,10.0,1.0,10.0,,
2020-05-09 02:00:00,9539.1,9574.83,8117.0,8722.77,183865.182028,0.00042,56,10.0,0.0,unknown,,1010.910352,1.0,0.0,,,1010.910352,1.0,1010.910352,unknown,0.0,{},,39.0,,,,,,,1280.560935,0.0,0.0,0.0,1280.560935,0.0,0.0,0.0,10.0,10.0,1.0,10.0,,
2020-05-10 02:00:00,8722.77,9168.0,8200.0,8561.52,168807.251832,0.000423,48,10.0,0.0,unknown,,992.222561,1.0,0.0,,,992.222561,1.0,992.222561,unknown,0.0,{},,40.0,,,,,,,1280.560935,0.0,0.0,0.0,1280.560935,0.0,0.0,0.0,10.0,10.0,1.0,10.0,,
2020-05-11 02:00:00,8562.04,8978.26,8528.78,8810.79,86522.780066,0.0001,40,10.0,0.0,unknown,,1021.111277,1.0,0.0,,,1021.111277,1.0,1021.111277,unknown,0.0,{},,41.0,,,,,,,1280.560935,0.0,0.0,0.0,1280.560935,0.0,0.0,0.0,10.0,10.0,1.0,10.0,,
2020-05-12 02:00:00,8810.99,9398.0,8792.99,9309.37,92466.274018,0.0001,39,10.0,0.0,unknown,,1078.893345,1.0,0.0,,,1078.893345,1.0,1078.893345,unknown,0.0,{},,42.0,,,,,,,1280.560935,0.0,0.0,0.0,1280.560935,0.0,0.0,0.0,10.0,10.0,1.0,10.0,,
2020-05-13 02:00:00,9309.35,9939.0,9256.76,9791.98,129565.37747,0.0001,41,10.0,0.0,unknown,,1134.824596,1.0,0.0,,,1134.824596,1.0,1134.824596,unknown,0.0,{},,43.0,,,,,,,1280.560935,0.0,0.0,0.0,1280.560935,0.0,0.0,0.0,10.0,10.0,1.0,10.0,,
2020-05-14 02:00:00,9791.97,9845.62,9150.0,9316.42,115890.761516,0.0001,40,10.0,0.0,unknown,,1079.710392,1.0,0.0,,,1079.710392,1.0,1079.710392,unknown,0.0,{},,44.0,,,,,,,1280.560935,0.0,0.0,0.0,1280.560935,0.0,0.0,0.0,10.0,10.0,1.0,10.0,,
2020-05-15 02:00:00,9315.96,9588.0,9220.0,9381.27,59587.627862,0.0001,44,10.0,0.0,unknown,,1087.226071,1.0,0.0,,,1087.226071,1.0,1087.226071,unknown,0.0,{},,45.0,,,,,,,1280.560935,0.0,0.0,0.0,1280.560935,0.0,0.0,0.0,10.0,10.0,1.0,10.0,,
2020-05-16 02:00:00,9380.81,9888.0,9322.1,9680.04,68647.764323,0.0001,41,10.0,0.0,unknown,,1121.851503,1.0,0.0,,,1121.851503,1.0,1121.851503,unknown,0.0,{},,46.0,,,,,,,1280.560935,0.0,0.0,0.0,1280.560935,0.0,0.0,0.0,10.0,10.0,1.0,10.0,,
2020-05-17 02:00:00,9681.11,9950.0,9464.23,9733.93,82006.603583,0.0001,40,10.0,0.0,unknown,,1128.096992,1.0,0.0,,,1128.096992,1.0,1128.096992,unknown,0.0,{},,47.0,,,,,,,1280.560935,0.0,0.0,0.0,1280.560935,0.0,0.0,0.0,10.0,10.0,1.0,10.0,,
2020-05-18 02:00:00,9733.93,9897.21,9474.0,9775.53,78539.760454,0.0001,50,10.0,0.0,unknown,,1132.918152,1.0,0.0,,,1132.918152,1.0,1132.918152,unknown,0.0,{},,48.0,,,,,,,1280.560935,0.0,0.0,0.0,1280.560935,0.0,0.0,0.0,10.0,10.0,1.0,10.0,,
2020-05-19 02:00:00,9775.13,9842.0,9326.0,9511.43,74923.73809,-6.6e-05,50,10.0,0.0,unknown,,1102.310739,1.0,0.0,,,1102.310739,1.0,1102.310739,unknown,0.0,{},,49.0,,,,,,,1280.560935,0.0,0.0,0.0,1280.560935,0.0,0.0,0.0,10.0,10.0,1.0,10.0,,
2020-05-20 02:00:00,9511.43,9578.47,8815.0,9068.65,108928.780969,0.0001,52,10.0,0.0,unknown,,1050.995516,1.0,0.0,,,1050.995516,1.0,1050.995516,unknown,0.0,{},,50.0,,,,,,,1280.560935,0.0,0.0,0.0,1280.560935,0.0,0.0,0.0,10.0,10.0,1.0,10.0,,
2020-05-21 02:00:00,9067.51,9271.0,8933.52,9170.0,58943.131024,-9e-05,49,10.0,0.0,unknown,,1062.741299,1.0,0.0,,,1062.741299,1.0,1062.741299,unknown,0.0,{},,51.0,,,,,,,1280.560935,0.0,0.0,0.0,1280.560935,0.0,0.0,0.0,10.0,10.0,1.0,10.0,,
2020-05-22 02:00:00,9170.0,9307.85,9070.0,9179.15,43526.296966,0.0001,42,10.0,0.0,unknown,,1063.801723,1.0,0.0,,,1063.801723,1.0,1063.801723,unknown,0.0,{},,52.0,,,,,,,1280.560935,0.0,0.0,0.0,1280.560935,0.0,0.0,0.0,10.0,10.0,1.0,10.0,,
2020-05-23 02:00:00,9179.01,9298.0,8700.0,8720.34,70379.86645,6.9e-05,40,10.0,0.0,unknown,,1010.628731,1.0,0.0,,,1010.628731,1.0,1010.628731,unknown,0.0,{},,53.0,,,,,,,1280.560935,0.0,0.0,0.0,1280.560935,0.0,0.0,0.0,10.0,10.0,1.0,10.0,,
2020-05-24 02:00:00,8718.14,8979.66,8642.72,8900.35,62833.910949,7e-05,43,10.0,0.0,unknown,,1031.490679,1.0,0.0,,,1031.490679,1.0,1031.490679,unknown,0.0,{},,54.0,,,,,,,1280.560935,0.0,0.0,0.0,1280.560935,0.0,0.0,0.0,10.0,10.0,1.0,10.0,,
2020-05-25 02:00:00,8900.35,9017.67,8700.0,8841.18,58299.770138,6.8e-05,41,10.0,0.0,unknown,,1024.633274,1.0,0.0,,,1024.633274,1.0,1024.633274,unknown,0.0,{},,55.0,,,,,,,1280.560935,0.0,0.0,0.0,1280.560935,0.0,0.0,0.0,10.0,10.0,1.0,10.0,,
2020-05-26 02:00:00,8841.0,9225.0,8811.73,9204.07,68910.355514,-0.0,39,10.0,0.0,unknown,,1066.689783,1.0,0.0,,,1066.689783,1.0,1066.689783,unknown,0.0,{},,56.0,,,,,,,1280.560935,0.0,0.0,0.0,1280.560935,0.0,0.0,0.0,10.0,10.0,1.0,10.0,,
2020-05-27 02:00:00,9204.07,9625.47,9110.0,9575.89,74110.787662,2.1e-05,39,10.0,0.0,unknown,,1109.781219,1.0,0.0,,,1109.781219,1.0,1109.781219,unknown,0.0,{},,57.0,,,,,,,1280.560935,0.0,0.0,0.0,1280.560935,0.0,0.0,0.0,10.0,10.0,1.0,10.0,,
2020-05-28 02:00:00,9575.87,9605.26,9330.0,9427.07,57374.362961,-0.000114,41,10.0,0.0,unknown,,1092.533983,1.0,0.0,,,1092.533983,1.0,1092.533983,unknown,0.0,{},,58.0,,,,,,,1280.560935,0.0,0.0,0.0,1280.560935,0.0,0.0,0.0,10.0,10.0,1.0,10.0,,
2020-05-29 02:00:00,9426.6,9740.0,9331.23,9697.72,55665.27254,2.6e-05,48,10.0,0.0,unknown,,1123.900497,1.0,0.0,,,1123.900497,1.0,1123.900497,unknown,0.0,{},,59.0,,,,,,,1280.560935,0.0,0.0,0.0,1280.560935,0.0,0.0,0.0,10.0,10.0,1.0,10.0,,
2020-05-30 02:00:00,9697.72,9700.0,9381.41,9448.27,48333.786403,0.0001,48,10.0,0.0,unknown,,1094.99092,1.0,0.0,,,1094.99092,1.0,1094.99092,unknown,0.0,{},,60.0,,,,,,,1280.560935,0.0,0.0,0.0,1280.560935,0.0,0.0,0.0,10.0,10.0,1.0,10.0,,
2020-05-31 02:00:00,9448.27,10380.0,9421.67,10200.77,76649.12696,0.0001,51,10.0,0.0,unknown,,1182.200607,1.0,0.0,,,1182.200607,1.0,1182.200607,unknown,0.0,{},,61.0,,,,,,,1280.560935,0.0,0.0,0.0,1280.560935,0.0,0.0,0.0,10.0,10.0,1.0,10.0,,
2020-06-01 02:00:00,10202.71,10228.99,9266.0,9518.04,108970.773151,0.0001,50,10.0,0.0,unknown,,1103.076794,1.0,0.0,,,1103.076794,1.0,1103.076794,unknown,0.0,{},,62.0,,,,,,,1280.560935,0.0,0.0,0.0,1280.560935,0.0,0.0,0.0,10.0,10.0,1.0,10.0,,
2020-06-02 02:00:00,9518.02,9690.0,9365.21,9666.24,46252.644939,0.000345,56,10.0,0.0,unknown,,1120.252176,1.0,0.0,,,1120.252176,1.0,1120.252176,unknown,0.0,{},,63.0,,,,,,,1280.560935,0.0,0.0,0.0,1280.560935,0.0,0.0,0.0,10.0,10.0,1.0,10.0,,
2020-06-03 02:00:00,9666.32,9881.63,9450.0,9789.06,57456.100969,0.0001,48,10.0,0.0,unknown,,1134.486188,1.0,0.0,,,1134.486188,1.0,1134.486188,unknown,0.0,{},,64.0,,,,,,,1280.560935,0.0,0.0,0.0,1280.560935,0.0,0.0,0.0,10.0,10.0,1.0,10.0,,
2020-06-04 02:00:00,9788.14,9854.75,9581.0,9621.16,47788.05005,0.0001,54,10.0,0.0,unknown,,1115.027708,1.0,0.0,,,1115.027708,1.0,1115.027708,unknown,0.0,{},,65.0,,,,,,,1280.560935,0.0,0.0,0.0,1280.560935,0.0,0.0,0.0,10.0,10.0,1.0,10.0,,
2020-06-05 02:00:00,9621.17,9735.0,9531.05,9666.3,32752.950893,0.0001,53,10.0,0.0,unknown,,1120.25913,1.0,0.0,,,1120.25913,1.0,1120.25913,unknown,0.0,{},,66.0,,,,,,,1280.560935,0.0,0.0,0.0,1280.560935,0.0,0.0,0.0,10.0,10.0,1.0,10.0,,
2020-06-06 02:00:00,9666.85,9802.0,9372.46,9746.99,57952.848385,0.0001,54,10.0,0.0,unknown,,1129.610558,1.0,0.0,,,1129.610558,1.0,1129.610558,unknown,0.0,{},,67.0,,,,,,,1280.560935,0.0,0.0,0.0,1280.560935,0.0,0.0,0.0,10.0,10.0,1.0,10.0,,
2020-06-07 02:00:00,9746.99,9800.0,9633.0,9782.01,40664.664125,0.0001,54,10.0,0.0,unknown,,1133.66914,1.0,0.0,,,1133.66914,1.0,1133.66914,unknown,0.0,{},,68.0,,,,,,,1280.560935,0.0,0.0,0.0,1280.560935,0.0,0.0,0.0,10.0,10.0,1.0,10.0,,
2020-06-08 02:00:00,9782.0,9877.0,9570.0,9772.43,46024.001289,0.0001,53,10.0,0.0,unknown,,1132.558883,1.0,0.0,,,1132.558883,1.0,1132.558883,unknown,0.0,{},,69.0,,,,,,,1280.560935,0.0,0.0,0.0,1280.560935,0.0,0.0,0.0,10.0,10.0,1.0,10.0,,
2020-06-09 02:00:00,9772.44,9992.72,9704.18,9885.0,47130.762982,0.0001,52,10.0,0.0,unknown,,1145.604988,1.0,0.0,,,1145.604988,1.0,1145.604988,unknown,0.0,{},,70.0,,,,,,,1280.560935,0.0,0.0,0.0,1280.560935,0.0,0.0,0.0,10.0,10.0,1.0,10.0,,
2020-06-10 02:00:00,9885.22,9964.0,9113.0,9280.4,94418.98473,0.0001,54,10.0,0.0,unknown,,1075.535916,1.0,0.0,,,1075.535916,1.0,1075.535916,unknown,0.0,{},,71.0,,,,,,,1280.560935,0.0,0.0,0.0,1280.560935,0.0,0.0,0.0,10.0,10.0,1.0,10.0,,
2020-06-11 02:00:00,9278.88,9557.12,9232.51,9465.13,50119.066932,0.0001,52,10.0,0.0,unknown,,1096.944881,1.0,0.0,,,1096.944881,1.0,1096.944881,unknown,0.0,{},,72.0,,,,,,,1280.560935,0.0,0.0,0.0,1280.560935,0.0,0.0,0.0,10.0,10.0,1.0,10.0,,
2020-06-12 02:00:00,9464.96,9494.73,9351.0,9473.34,27759.784851,0.0001,38,10.0,0.0,unknown,,1097.896364,1.0,0.0,,,1097.896364,1.0,1097.896364,unknown,0.0,{},,73.0,,,,,,,1280.560935,0.0,0.0,0.0,1280.560935,0.0,0.0,0.0,10.0,10.0,1.0,10.0,,
2020-06-13 02:00:00,9473.34,9480.99,9245.0,9342.1,30055.506608,-1.9e-05,38,10.0,0.0,unknown,,1082.686531,1.0,0.0,,,1082.686531,1.0,1082.686531,unknown,0.0,{},,74.0,,,,,,,1280.560935,0.0,0.0,0.0,1280.560935,0.0,0.0,0.0,10.0,10.0,1.0,10.0,,
2020-06-14 02:00:00,9342.1,9495.0,8910.45,9426.02,86107.924707,0.0001,40,10.0,0.0,unknown,,1092.412295,1.0,0.0,,,1092.412295,1.0,1092.412295,unknown,0.0,{},,75.0,,,,,,,1280.560935,0.0,0.0,0.0,1280.560935,0.0,0.0,0.0,10.0,10.0,1.0,10.0,,
2020-06-15 02:00:00,9426.05,9589.0,9373.09,9525.59,52052.446927,0.0001,37,10.0,0.0,unknown,,1103.951788,1.0,0.0,,,1103.951788,1.0,1103.951788,unknown,0.0,{},,76.0,,,,,,,1280.560935,0.0,0.0,0.0,1280.560935,0.0,0.0,0.0,10.0,10.0,1.0,10.0,,
2020-06-16 02:00:00,9526.97,9565.0,9236.61,9465.14,48046.411152,-0.000182,39,10.0,0.0,unknown,,1096.946039,1.0,0.0,,,1096.946039,1.0,1096.946039,unknown,0.0,{},,77.0,,,,,,,1280.560935,0.0,0.0,0.0,1280.560935,0.0,0.0,0.0,10.0,10.0,1.0,10.0,,
2020-06-17 02:00:00,9465.13,9489.0,9280.0,9386.32,37381.953765,7.8e-05,38,10.0,0.0,unknown,,1087.811332,1.0,0.0,,,1087.811332,1.0,1087.811332,unknown,0.0,{},,78.0,,,,,,,1280.560935,0.0,0.0,0.0,1280.560935,0.0,0.0,0.0,10.0,10.0,1.0,10.0,,
2020-06-18 02:00:00,9386.32,9438.3,9215.79,9310.23,45330.983673,7.5e-05,40,10.0,0.0,unknown,,1078.993013,1.0,0.0,,,1078.993013,1.0,1078.993013,unknown,0.0,{},,79.0,,,,,,,1280.560935,0.0,0.0,0.0,1280.560935,0.0,0.0,0.0,10.0,10.0,1.0,10.0,,
2020-06-19 02:00:00,9310.23,9395.0,9170.95,9358.95,30329.065384,7.6e-05,39,10.0,0.0,unknown,,1084.639333,1.0,0.0,,,1084.639333,1.0,1084.639333,unknown,0.0,{},,80.0,,,,,,,1280.560935,0.0,0.0,0.0,1280.560935,0.0,0.0,0.0,10.0,10.0,1.0,10.0,,
2020-06-20 02:00:00,9358.95,9422.0,9281.54,9294.69,24316.926234,0.0001,38,10.0,0.0,unknown,,1077.192031,1.0,0.0,,,1077.192031,1.0,1077.192031,unknown,0.0,{},,81.0,,,,,,,1280.560935,0.0,0.0,0.0,1280.560935,0.0,0.0,0.0,10.0,10.0,1.0,10.0,,
2020-06-21 02:00:00,9294.69,9780.0,9277.09,9685.69,57895.468343,-3.1e-05,37,10.0,0.0,unknown,,1122.5063,1.0,0.0,,,1122.5063,1.0,1122.5063,unknown,0.0,{},,82.0,,,,,,,1280.560935,0.0,0.0,0.0,1280.560935,0.0,0.0,0.0,10.0,10.0,1.0,10.0,,
2020-06-22 02:00:00,9685.69,9720.0,9577.03,9624.89,41031.02938,0.0001,38,10.0,0.0,unknown,,1115.45999,1.0,0.0,,,1115.45999,1.0,1115.45999,unknown,0.0,{},,83.0,,,,,,,1280.560935,0.0,0.0,0.0,1280.560935,0.0,0.0,0.0,10.0,10.0,1.0,10.0,,
2020-06-23 02:00:00,9624.33,9670.0,9208.0,9296.49,61571.561464,0.0001,41,10.0,0.0,unknown,,1077.400639,1.0,0.0,,,1077.400639,1.0,1077.400639,unknown,0.0,{},,84.0,,,,,,,1280.560935,0.0,0.0,0.0,1280.560935,0.0,0.0,0.0,10.0,10.0,1.0,10.0,,
2020-06-24 02:00:00,9298.33,9340.0,9009.69,9249.49,55831.619156,0.000122,50,10.0,0.0,unknown,,1071.953655,1.0,0.0,,,1071.953655,1.0,1071.953655,unknown,0.0,{},,85.0,,,,,,,1280.560935,0.0,0.0,0.0,1280.560935,0.0,0.0,0.0,10.0,10.0,1.0,10.0,,
2020-06-25 02:00:00,9249.49,9298.0,9045.45,9162.21,50292.298277,0.0001,43,10.0,0.0,unknown,,1061.838491,1.0,0.0,,,1061.838491,1.0,1061.838491,unknown,0.0,{},,86.0,,,,,,,1280.560935,0.0,0.0,0.0,1280.560935,0.0,0.0,0.0,10.0,10.0,1.0,10.0,,
2020-06-26 02:00:00,9162.21,9196.24,8833.0,9012.0,46290.930113,9.4e-05,40,10.0,0.0,unknown,,1044.430162,1.0,0.0,,,1044.430162,1.0,1044.430162,unknown,0.0,{},,87.0,,,,,,,1280.560935,0.0,0.0,0.0,1280.560935,0.0,0.0,0.0,10.0,10.0,1.0,10.0,,
2020-06-27 02:00:00,9012.0,9191.0,8948.06,9116.35,30688.176421,0.0001,43,10.0,0.0,unknown,,1056.523625,1.0,0.0,,,1056.523625,1.0,1056.523625,unknown,0.0,{},,88.0,,,,,,,1280.560935,0.0,0.0,0.0,1280.560935,0.0,0.0,0.0,10.0,10.0,1.0,10.0,,
2020-06-28 02:00:00,9116.16,9238.0,9024.67,9192.56,42120.293261,0.0001,40,10.0,0.0,unknown,,1065.355852,1.0,0.0,,,1065.355852,1.0,1065.355852,unknown,0.0,{},,89.0,,,,,,,1280.560935,0.0,0.0,0.0,1280.560935,0.0,0.0,0.0,10.0,10.0,1.0,10.0,,
2020-06-29 02:00:00,9192.93,9205.0,9064.89,9138.55,31463.162801,0.0001,41,10.0,0.0,unknown,,1059.096456,1.0,0.0,,,1059.096456,1.0,1059.096456,unknown,0.0,{},,90.0,,,,,,,1280.560935,0.0,0.0,0.0,1280.560935,0.0,0.0,0.0,10.0,10.0,1.0,10.0,,
2020-06-30 02:00:00,9138.08,9292.0,9080.1,9232.0,38488.528699,0.0001,44,10.0,0.0,unknown,,1069.926682,1.0,0.0,,,1069.926682,1.0,1069.926682,unknown,0.0,{},,91.0,,,,,,,1280.560935,0.0,0.0,0.0,1280.560935,0.0,0.0,0.0,10.0,10.0,1.0,10.0,,
2020-07-01 02:00:00,9231.99,9261.96,8940.0,9086.54,45725.168076,0.0001,42,10.0,0.0,unknown,,1053.068847,1.0,0.0,,,1053.068847,1.0,1053.068847,unknown,0.0,{},,92.0,,,,,,,1280.560935,0.0,0.0,0.0,1280.560935,0.0,0.0,0.0,10.0,10.0,1.0,10.0,,
2020-07-02 02:00:00,9086.54,9125.0,9037.47,9058.26,28943.420177,0.0001,42,10.0,0.0,unknown,,1049.791385,1.0,0.0,,,1049.791385,1.0,1049.791385,unknown,0.0,{},,93.0,,,,,,,1280.560935,0.0,0.0,0.0,1280.560935,0.0,0.0,0.0,10.0,10.0,1.0,10.0,,
2020-07-03 02:00:00,9057.79,9190.0,9040.04,9135.46,26441.968484,0.0001,41,10.0,0.0,unknown,,1058.738346,1.0,0.0,,,1058.738346,1.0,1058.738346,unknown,0.0,{},,94.0,,,,,,,1280.560935,0.0,0.0,0.0,1280.560935,0.0,0.0,0.0,10.0,10.0,1.0,10.0,,
2020-07-04 02:00:00,9135.0,9145.24,8893.03,9069.41,34073.653627,0.0001,40,10.0,0.0,unknown,,1051.083595,1.0,0.0,,,1051.083595,1.0,1051.083595,unknown,0.0,{},,95.0,,,,,,,1280.560935,0.0,0.0,0.0,1280.560935,0.0,0.0,0.0,10.0,10.0,1.0,10.0,,
2020-07-05 02:00:00,9069.41,9375.0,9055.92,9344.2,54463.132277,0.0001,38,10.0,0.0,unknown,,1082.929907,1.0,0.0,,,1082.929907,1.0,1082.929907,unknown,0.0,{},,96.0,,,,,,,1280.560935,0.0,0.0,0.0,1280.560935,0.0,0.0,0.0,10.0,10.0,1.0,10.0,,
2020-07-06 02:00:00,9342.47,9379.42,9203.0,9257.39,34587.336678,0.0001,40,10.0,0.0,unknown,,1072.869212,1.0,0.0,,,1072.869212,1.0,1072.869212,unknown,0.0,{},,97.0,,,,,,,1280.560935,0.0,0.0,0.0,1280.560935,0.0,0.0,0.0,10.0,10.0,1.0,10.0,,
2020-07-07 02:00:00,9257.4,9470.0,9231.0,9436.06,56140.517781,0.0001,43,10.0,0.0,unknown,,1093.575863,1.0,0.0,,,1093.575863,1.0,1093.575863,unknown,0.0,{},,98.0,,,,,,,1280.560935,0.0,0.0,0.0,1280.560935,0.0,0.0,0.0,10.0,10.0,1.0,10.0,,
2020-07-08 02:00:00,9436.06,9440.79,9160.0,9232.43,48044.450645,0.0001,44,10.0,0.0,unknown,,1069.976516,1.0,0.0,,,1069.976516,1.0,1069.976516,unknown,0.0,{},,99.0,,,,,,,1280.560935,0.0,0.0,0.0,1280.560935,0.0,0.0,0.0,10.0,10.0,1.0,10.0,,
2020-07-09 02:00:00,9232.42,9317.48,9125.0,9288.34,38295.494006,0.0001,44,10.0,0.0,unknown,,1076.456109,1.0,0.0,,,1076.456109,1.0,1076.456109,unknown,0.0,{},,100.0,,,,,,,1280.560935,0.0,0.0,0.0,1280.560935,0.0,0.0,0.0,10.0,10.0,1.0,10.0,,
2020-07-10 02:00:00,9288.34,9299.28,9178.25,9234.03,22561.366,0.0001,41,10.0,0.0,unknown,,1070.161945,1.0,0.0,,,1070.161945,1.0,1070.161945,unknown,0.0,{},,101.0,,,,,,,1280.560935,0.0,0.0,0.0,1280.560935,0.0,0.0,0.0,10.0,10.0,1.0,10.0,,
2020-07-11 02:00:00,9234.02,9345.0,9157.5,9302.75,30872.702286,0.0001,44,10.0,0.0,unknown,,1078.126131,1.0,0.0,,,1078.126131,1.0,1078.126131,unknown,0.0,{},,102.0,,,,,,,1280.560935,0.0,0.0,0.0,1280.560935,0.0,0.0,0.0,10.0,10.0,1.0,10.0,,
2020-07-12 02:00:00,9303.31,9343.82,9200.89,9242.62,42740.069115,0.0001,41,10.0,0.0,unknown,,1071.157469,1.0,0.0,,,1071.157469,1.0,1071.157469,unknown,0.0,{},,103.0,,,,,,,1280.560935,0.0,0.0,0.0,1280.560935,0.0,0.0,0.0,10.0,10.0,1.0,10.0,,
2020-07-13 02:00:00,9242.61,9279.54,9113.0,9255.85,45772.552509,0.0001,43,10.0,0.0,unknown,,1072.690737,1.0,0.0,,,1072.690737,1.0,1072.690737,unknown,0.0,{},,104.0,,,,,,,1280.560935,0.0,0.0,0.0,1280.560935,0.0,0.0,0.0,10.0,10.0,1.0,10.0,,
2020-07-14 02:00:00,9255.85,9276.49,9160.57,9197.6,39053.579665,0.0001,43,10.0,0.0,unknown,,1065.939954,1.0,0.0,,,1065.939954,1.0,1065.939954,unknown,0.0,{},,105.0,,,,,,,1280.560935,0.0,0.0,0.0,1280.560935,0.0,0.0,0.0,10.0,10.0,1.0,10.0,,
2020-07-15 02:00:00,9197.6,9226.15,9047.25,9133.72,43375.571191,0.0001,44,10.0,0.0,unknown,,1058.536691,1.0,0.0,,,1058.536691,1.0,1058.536691,unknown,0.0,{},,106.0,,,,,,,1280.560935,0.0,0.0,0.0,1280.560935,0.0,0.0,0.0,10.0,10.0,1.0,10.0,,
2020-07-16 02:00:00,9133.72,9186.83,9089.81,9154.32,28054.358741,0.0001,43,10.0,0.0,unknown,,1060.924093,1.0,0.0,,,1060.924093,1.0,1060.924093,unknown,0.0,{},,107.0,,,,,,,1280.560935,0.0,0.0,0.0,1280.560935,0.0,0.0,0.0,10.0,10.0,1.0,10.0,,
2020-07-17 02:00:00,9154.31,9219.3,9121.1,9170.28,22554.541457,0.0001,41,10.0,0.0,unknown,,1062.773749,1.0,0.0,,,1062.773749,1.0,1062.773749,unknown,0.0,{},,108.0,,,,,,,1280.560935,0.0,0.0,0.0,1280.560935,0.0,0.0,0.0,10.0,10.0,1.0,10.0,,
2020-07-18 02:00:00,9170.3,9232.27,9101.35,9208.99,26052.019417,0.0001,44,10.0,0.0,unknown,,1067.259978,1.0,0.0,,,1067.259978,1.0,1067.259978,unknown,0.0,{},,109.0,,,,,,,1280.560935,0.0,0.0,0.0,1280.560935,0.0,0.0,0.0,10.0,10.0,1.0,10.0,,
2020-07-19 02:00:00,9208.99,9221.52,9131.0,9160.78,35458.764082,0.0001,41,10.0,0.0,unknown,,1061.672763,1.0,0.0,,,1061.672763,1.0,1061.672763,unknown,0.0,{},,110.0,,,,,,,1280.560935,0.0,0.0,0.0,1280.560935,0.0,0.0,0.0,10.0,10.0,1.0,10.0,,
2020-07-20 02:00:00,9160.78,9437.73,9152.8,9390.0,60413.582486,0.0001,44,10.0,0.0,unknown,,1088.237819,1.0,0.0,,,1088.237819,1.0,1088.237819,unknown,0.0,{},,111.0,,,,,,,1280.560935,0.0,0.0,0.0,1280.560935,0.0,0.0,0.0,10.0,10.0,1.0,10.0,,
2020-07-21 02:00:00,9390.0,9544.0,9261.0,9518.16,48815.004107,0.0001,44,10.0,0.0,unknown,,1103.090701,1.0,0.0,,,1103.090701,1.0,1103.090701,unknown,0.0,{},,112.0,,,,,,,1280.560935,0.0,0.0,0.0,1280.560935,0.0,0.0,0.0,10.0,10.0,1.0,10.0,,
2020-07-22 02:00:00,9518.16,9664.0,9440.33,9603.27,51856.2335,0.0001,50,10.0,0.0,unknown,,1112.954377,1.0,0.0,,,1112.954377,1.0,1112.954377,unknown,0.0,{},,113.0,,,,,,,1280.560935,0.0,0.0,0.0,1280.560935,0.0,0.0,0.0,10.0,10.0,1.0,10.0,,
2020-07-23 02:00:00,9603.27,9637.0,9463.44,9537.8,43931.136205,0.0001,55,10.0,0.0,unknown,,1105.366845,1.0,0.0,,,1105.366845,1.0,1105.366845,unknown,0.0,{},,114.0,,,,,,,1280.560935,0.0,0.0,0.0,1280.560935,0.0,0.0,0.0,10.0,10.0,1.0,10.0,,
2020-07-24 02:00:00,9538.1,9732.9,9513.0,9700.42,40679.545416,0.0001,53,10.0,0.0,unknown,,1124.213408,1.0,0.0,,,1124.213408,1.0,1124.213408,unknown,0.0,{},,115.0,,,,,,,1280.560935,0.0,0.0,0.0,1280.560935,0.0,0.0,0.0,10.0,10.0,1.0,10.0,,
2020-07-25 02:00:00,9700.42,10111.0,9650.0,9931.54,65279.269319,0.0001,55,10.0,0.0,unknown,,1150.998661,1.0,0.0,,,1150.998661,1.0,1150.998661,unknown,0.0,{},,116.0,,,,,,,1280.560935,0.0,0.0,0.0,1280.560935,0.0,0.0,0.0,10.0,10.0,1.0,10.0,,
2020-07-26 02:00:00,9931.54,11394.86,9917.21,11029.96,150188.933144,0.0001,55,10.0,0.0,unknown,,1278.298148,1.0,0.0,,,1278.298148,1.0,1278.298148,unknown,0.0,{},,117.0,,,,,,,1280.560935,0.0,0.0,0.0,1280.560935,0.0,0.0,0.0,10.0,10.0,1.0,10.0,,
2020-07-27 02:00:00,11029.96,11242.23,10565.0,10906.27,97267.734187,0.000471,58,10.0,0.0,unknown,,1263.96331,1.0,0.0,,,1263.96331,1.0,1263.96331,unknown,0.0,{},,118.0,,,,,,,1280.560935,0.0,0.0,0.0,1280.560935,0.0,0.0,0.0,10.0,10.0,1.0,10.0,,
2020-07-28 02:00:00,10906.27,11342.82,10812.0,11100.53,76838.094233,0.001395,76,10.0,0.0,unknown,,1286.476737,1.0,0.0,,,1286.476737,1.0,1286.476737,unknown,0.0,{},,119.0,,,,,,,1280.560935,0.0,0.0,0.0,1280.560935,0.0,0.0,0.0,10.0,10.0,1.0,10.0,,
2020-07-29 02:00:00,11100.52,11170.0,10831.0,11099.61,60794.826456,0.000836,71,10.0,0.0,unknown,,1286.370115,1.0,0.0,,,1286.370115,1.0,1286.370115,unknown,0.0,{},,120.0,,,,,,,1280.560935,0.0,0.0,0.0,1280.560935,0.0,0.0,0.0,10.0,10.0,1.0,10.0,,
2020-07-30 02:00:00,11099.79,11444.0,10960.0,11335.46,70063.660974,0.000618,76,10.0,0.0,unknown,,1313.703543,1.0,0.0,,,1313.703543,1.0,1313.703543,unknown,0.0,{},,121.0,,,,,,,1280.560935,0.0,0.0,0.0,1280.560935,0.0,0.0,0.0,10.0,10.0,1.0,10.0,,
2020-07-31 02:00:00,11335.46,11861.0,11220.0,11801.17,85087.485126,0.000827,75,10.0,0.0,unknown,,1367.676198,1.0,0.0,,,1367.676198,1.0,1367.676198,unknown,0.0,{},,122.0,,,,,,,1280.560935,0.0,0.0,0.0,1280.560935,0.0,0.0,0.0,10.0,10.0,1.0,10.0,,
2020-08-01 02:00:00,11801.17,12123.46,10518.5,11071.35,97553.077604,0.000377,75,10.0,0.0,unknown,,1283.094971,1.0,0.0,,,1283.094971,1.0,1283.094971,unknown,0.0,{},,123.0,,,,,,,1280.560935,0.0,0.0,0.0,1280.560935,0.0,0.0,0.0,10.0,10.0,1.0,10.0,,
2020-08-02 02:00:00,11071.36,11473.0,10936.0,11219.81,56931.841475,0.000956,80,10.0,0.0,unknown,,1300.300486,1.0,0.0,,,1300.300486,1.0,1300.300486,unknown,0.0,{},,124.0,,,,,,,1280.560935,0.0,0.0,0.0,1280.560935,0.0,0.0,0.0,10.0,10.0,1.0,10.0,,
2020-08-03 02:00:00,11219.68,11414.98,11000.0,11191.97,58629.113709,0.000258,75,10.0,0.0,unknown,,1297.074017,1.0,0.0,,,1297.074017,1.0,1297.074017,unknown,0.0,{},,125.0,,,,,,,1280.560935,0.0,0.0,0.0,1280.560935,0.0,0.0,0.0,10.0,10.0,1.0,10.0,,
2020-08-04 02:00:00,11191.99,11780.93,11093.0,11744.91,74970.256852,0.000437,72,10.0,0.0,unknown,,1361.156043,1.0,0.0,,,1361.156043,1.0,1361.156043,unknown,0.0,{},,126.0,,,,,,,1280.560935,0.0,0.0,0.0,1280.560935,0.0,0.0,0.0,10.0,10.0,1.0,10.0,,
2020-08-05 02:00:00,11744.91,11900.0,11562.5,11762.46,63529.08502,0.000139,75,10.0,0.0,unknown,,1363.18997,1.0,0.0,,,1363.18997,1.0,1363.18997,unknown,0.0,{},,127.0,,,,,,,1280.560935,0.0,0.0,0.0,1280.560935,0.0,0.0,0.0,10.0,10.0,1.0,10.0,,
2020-08-06 02:00:00,11762.47,11909.94,11322.0,11594.23,65755.926022,0.000389,79,10.0,0.0,unknown,,1343.693245,1.0,0.0,,,1343.693245,1.0,1343.693245,unknown,0.0,{},,128.0,,,,,,,1280.560935,0.0,0.0,0.0,1280.560935,0.0,0.0,0.0,10.0,10.0,1.0,10.0,,
2020-08-07 02:00:00,11594.36,11808.27,11512.0,11761.41,41858.16104,0.000361,77,10.0,0.0,unknown,,1363.068282,1.0,0.0,,,1363.068282,1.0,1363.068282,unknown,0.0,{},,129.0,,,,,,,1280.560935,0.0,0.0,0.0,1280.560935,0.0,0.0,0.0,10.0,10.0,1.0,10.0,,
2020-08-08 02:00:00,11761.02,11797.11,11521.97,11681.68,41493.067342,0.0001,77,10.0,0.0,unknown,,1353.828111,1.0,0.0,,,1353.828111,1.0,1353.828111,unknown,0.0,{},,130.0,,,,,,,1280.560935,0.0,0.0,0.0,1280.560935,0.0,0.0,0.0,10.0,10.0,1.0,10.0,,
2020-08-09 02:00:00,11681.69,12067.35,11450.0,11892.92,84952.337887,0.0001,79,10.0,0.0,unknown,,1378.309406,1.0,0.0,,,1378.309406,1.0,1378.309406,unknown,0.0,{},,131.0,,,,,,,1280.560935,0.0,0.0,0.0,1280.560935,0.0,0.0,0.0,10.0,10.0,1.0,10.0,,
2020-08-10 02:00:00,11892.9,11935.0,11125.0,11392.08,90748.284634,0.000146,78,10.0,0.0,unknown,,1320.26542,1.0,0.0,,,1320.26542,1.0,1320.26542,unknown,0.0,{},,132.0,,,,,,,1280.560935,0.0,0.0,0.0,1280.560935,0.0,0.0,0.0,10.0,10.0,1.0,10.0,,
2020-08-11 02:00:00,11392.09,11617.52,11150.0,11564.33,64909.613644,0.000302,84,10.0,0.0,unknown,,1340.228036,1.0,0.0,,,1340.228036,1.0,1340.228036,unknown,0.0,{},,133.0,,,,,,,1280.560935,0.0,0.0,0.0,1280.560935,0.0,0.0,0.0,10.0,10.0,1.0,10.0,,
2020-08-12 02:00:00,11564.34,11792.96,11270.36,11780.0,70132.491502,0.0001,75,10.0,0.0,unknown,,1365.222738,1.0,0.0,,,1365.222738,1.0,1365.222738,unknown,0.0,{},,134.0,,,,,,,1280.560935,0.0,0.0,0.0,1280.560935,0.0,0.0,0.0,10.0,10.0,1.0,10.0,,
2020-08-13 02:00:00,11779.77,11850.0,11634.03,11760.54,59818.852697,0.0001,75,10.0,0.0,unknown,,1362.967455,1.0,0.0,,,1362.967455,1.0,1362.967455,unknown,0.0,{},,135.0,,,,,,,1280.560935,0.0,0.0,0.0,1280.560935,0.0,0.0,0.0,10.0,10.0,1.0,10.0,,
2020-08-14 02:00:00,11760.55,11980.0,11680.0,11852.4,56237.90505,0.000176,78,10.0,0.0,unknown,,1373.613411,1.0,0.0,,,1373.613411,1.0,1373.613411,unknown,0.0,{},,136.0,,,,,,,1280.560935,0.0,0.0,0.0,1280.560935,0.0,0.0,0.0,10.0,10.0,1.0,10.0,,
2020-08-15 02:00:00,11852.4,11931.72,11686.0,11911.0,41368.236906,0.0001,79,10.0,0.0,unknown,,1380.404756,1.0,0.0,,,1380.404756,1.0,1380.404756,unknown,0.0,{},,137.0,,,,,,,1280.560935,0.0,0.0,0.0,1280.560935,0.0,0.0,0.0,10.0,10.0,1.0,10.0,,
2020-08-16 02:00:00,11910.99,12468.0,11769.78,12281.13,84734.21154,0.000156,82,10.0,0.0,unknown,,1423.300333,1.0,0.0,,,1423.300333,1.0,1423.300333,unknown,0.0,{},,138.0,,,,,,,1280.560935,0.0,0.0,0.0,1280.560935,0.0,0.0,0.0,10.0,10.0,1.0,10.0,,
2020-08-17 02:00:00,12281.15,12387.77,11817.93,11945.01,75923.835527,0.000263,83,10.0,0.0,unknown,,1384.346287,1.0,0.0,,,1384.346287,1.0,1384.346287,unknown,0.0,{},,139.0,,,,,,,1280.560935,0.0,0.0,0.0,1280.560935,0.0,0.0,0.0,10.0,10.0,1.0,10.0,,
2020-08-18 02:00:00,11945.1,12020.08,11561.0,11754.59,73940.169606,0.000858,82,10.0,0.0,unknown,,1362.27789,1.0,0.0,,,1362.27789,1.0,1362.27789,unknown,0.0,{},,140.0,,,,,,,1280.560935,0.0,0.0,0.0,1280.560935,0.0,0.0,0.0,10.0,10.0,1.0,10.0,,
2020-08-19 02:00:00,11754.38,11888.0,11668.0,11853.55,46085.254351,0.000773,80,10.0,0.0,unknown,,1373.746688,1.0,0.0,,,1373.746688,1.0,1373.746688,unknown,0.0,{},,141.0,,,,,,,1280.560935,0.0,0.0,0.0,1280.560935,0.0,0.0,0.0,10.0,10.0,1.0,10.0,,
2020-08-20 02:00:00,11853.54,11878.0,11485.81,11531.34,64448.306142,0.000241,75,10.0,0.0,unknown,,1336.404717,1.0,0.0,,,1336.404717,1.0,1336.404717,unknown,0.0,{},,142.0,,,,,,,1280.560935,0.0,0.0,0.0,1280.560935,0.0,0.0,0.0,10.0,10.0,1.0,10.0,,
2020-08-21 02:00:00,11531.23,11686.0,11376.81,11662.96,43678.701646,0.0001,81,10.0,0.0,unknown,,1351.658589,1.0,0.0,,,1351.658589,1.0,1351.658589,unknown,0.0,{},,143.0,,,,,,,1280.560935,0.0,0.0,0.0,1280.560935,0.0,0.0,0.0,10.0,10.0,1.0,10.0,,
2020-08-22 02:00:00,11663.51,11718.07,11514.13,11648.13,37900.00469,0.0001,78,10.0,0.0,unknown,,1349.939892,1.0,0.0,,,1349.939892,1.0,1349.939892,unknown,0.0,{},,144.0,,,,,,,1280.560935,0.0,0.0,0.0,1280.560935,0.0,0.0,0.0,10.0,10.0,1.0,10.0,,
2020-08-23 02:00:00,11648.12,11824.9,11585.09,11748.2,46212.391867,0.0001,76,10.0,0.0,unknown,,1361.537332,1.0,0.0,,,1361.537332,1.0,1361.537332,unknown,0.0,{},,145.0,,,,,,,1280.560935,0.0,0.0,0.0,1280.560935,0.0,0.0,0.0,10.0,10.0,1.0,10.0,,
2020-08-24 02:00:00,11748.19,11767.85,11117.64,11318.42,69590.923272,0.0001,78,10.0,0.0,unknown,,1311.728722,1.0,0.0,,,1311.728722,1.0,1311.728722,unknown,0.0,{},,146.0,,,,,,,1280.560935,0.0,0.0,0.0,1280.560935,0.0,0.0,0.0,10.0,10.0,1.0,10.0,,
2020-08-25 02:00:00,11318.42,11539.32,11244.0,11461.43,53998.231231,0.0001,75,10.0,0.0,unknown,,1328.302618,1.0,0.0,,,1328.302618,1.0,1328.302618,unknown,0.0,{},,147.0,,,,,,,1280.560935,0.0,0.0,0.0,1280.560935,0.0,0.0,0.0,10.0,10.0,1.0,10.0,,
2020-08-26 02:00:00,11461.42,11592.2,11125.0,11330.38,63246.036383,0.000233,76,10.0,0.0,unknown,,1313.114805,1.0,0.0,,,1313.114805,1.0,1313.114805,unknown,0.0,{},,148.0,,,,,,,1280.560935,0.0,0.0,0.0,1280.560935,0.0,0.0,0.0,10.0,10.0,1.0,10.0,,
2020-08-27 02:00:00,11330.38,11542.65,11276.89,11526.91,45953.908365,0.0001,75,10.0,0.0,unknown,,1335.89131,1.0,0.0,,,1335.89131,1.0,1335.89131,unknown,0.0,{},,149.0,,,,,,,1280.560935,0.0,0.0,0.0,1280.560935,0.0,0.0,0.0,10.0,10.0,1.0,10.0,,
2020-08-28 02:00:00,11526.9,11580.02,11417.04,11465.84,32973.7992,0.0001,74,10.0,0.0,unknown,,1328.813708,1.0,0.0,,,1328.813708,1.0,1328.813708,unknown,0.0,{},,150.0,,,,,,,1280.560935,0.0,0.0,0.0,1280.560935,0.0,0.0,0.0,10.0,10.0,1.0,10.0,,
2020-08-29 02:00:00,11465.84,11719.0,11458.0,11711.16,43177.879054,0.0001,79,10.0,0.0,unknown,,1357.244645,1.0,0.0,,,1357.244645,1.0,1357.244645,unknown,0.0,{},,151.0,,,,,,,1280.560935,0.0,0.0,0.0,1280.560935,0.0,0.0,0.0,10.0,10.0,1.0,10.0,,
2020-08-30 02:00:00,11711.17,11800.77,11570.0,11649.51,55353.617744,0.0001,75,10.0,0.0,unknown,,1350.099825,1.0,0.0,,,1350.099825,1.0,1350.099825,unknown,0.0,{},,152.0,,,,,,,1280.560935,0.0,0.0,0.0,1280.560935,0.0,0.0,0.0,10.0,10.0,1.0,10.0,,
2020-08-31 02:00:00,11649.51,12050.85,11515.0,11921.97,78148.193668,0.0001,75,10.0,0.0,unknown,,1381.676106,1.0,0.0,,,1381.676106,1.0,1381.676106,unknown,0.0,{},,153.0,,,,,,,1280.560935,0.0,0.0,0.0,1280.560935,0.0,0.0,0.0,10.0,10.0,1.0,10.0,,
2020-09-01 02:00:00,11921.97,11954.57,11160.1,11388.54,87221.845602,0.0001,75,10.0,0.0,unknown,,1319.855158,1.0,0.0,,,1319.855158,1.0,1319.855158,unknown,0.0,{},,154.0,,,,,,,1280.560935,0.0,0.0,0.0,1280.560935,0.0,0.0,0.0,10.0,10.0,1.0,10.0,,
2020-09-02 02:00:00,11388.54,11462.6,9960.8,10140.85,121950.106015,0.000329,83,10.0,0.0,unknown,,1175.256282,1.0,0.0,,,1175.256282,1.0,1175.256282,unknown,0.0,{},,155.0,,,,,,,1280.560935,0.0,0.0,0.0,1280.560935,0.0,0.0,0.0,10.0,10.0,1.0,10.0,,
2020-09-03 02:00:00,10138.29,10627.05,9875.5,10446.25,92733.599113,0.00045,79,0.0,0.0,unknown,,1210.650087,1.0,-1.0,True,True,1209.439437,0.0,1210.650087,unknown,-10.0,{},,156.0,BTCUSDT,2020-09-03 02:00:00,BTCUSDT,10446.25,0.115893,CLOSE,1280.560935,0.0,0.0,0.0,1280.560935,0.0,0.0,0.0,0.0,0.0,1.0,0.0,True,True
2020-09-04 02:00:00,10446.25,10565.68,9825.0,10166.69,90001.605568,0.000247,40,10.0,0.0,unknown,,1209.439437,0.0,1.0,True,True,1208.229997,1.0,1209.439437,unknown,10.0,{},,157.0,BTCUSDT,2020-09-04 02:00:00,BTCUSDT,10166.69,0.118961,LONG,1280.560935,0.0,0.0,0.0,1280.560935,0.0,0.0,0.0,10.0,10.0,1.0,10.0,True,True
2020-09-05 02:00:00,10166.69,10347.14,9994.86,10256.2,56368.788815,0.0001,41,0.0,0.0,unknown,,1218.867547,1.0,-1.0,True,True,1217.648679,0.0,1218.867547,unknown,-10.0,{},,158.0,BTCUSDT,2020-09-05 02:00:00,BTCUSDT,10256.2,0.118842,CLOSE,1280.560935,0.0,0.0,0.0,1280.560935,0.0,0.0,0.0,0.0,0.0,1.0,0.0,True,True
2020-09-06 02:00:00,10255.89,10410.75,9875.0,10373.44,62620.230676,0.0001,41,0.0,0.0,unknown,,1217.648679,0.0,0.0,,,1217.648679,0.0,1217.648679,unknown,0.0,{},,159.0,,,,,,,1280.560935,0.0,0.0,0.0,1280.560935,0.0,0.0,0.0,0.0,0.0,1.0,0.0,,
2020-09-07 02:00:00,10373.45,10438.0,9850.0,10126.65,73491.878418,0.0001,41,10.0,0.0,unknown,,1217.648679,0.0,1.0,True,True,1216.431031,1.0,1217.648679,unknown,10.0,{},,160.0,BTCUSDT,2020-09-07 02:00:00,BTCUSDT,10126.65,0.120242,LONG,1280.560935,0.0,0.0,0.0,1280.560935,0.0,0.0,0.0,10.0,10.0,1.0,10.0,True,True
2020-09-08 02:00:00,10126.66,10343.0,9981.01,10219.2,49347.113776,0.0001,41,0.0,0.0,unknown,,1227.5483,1.0,-1.0,True,True,1226.320751,0.0,1227.5483,unknown,-10.0,{},,161.0,BTCUSDT,2020-09-08 02:00:00,BTCUSDT,10219.2,0.120122,CLOSE,1280.560935,0.0,0.0,0.0,1280.560935,0.0,0.0,0.0,0.0,0.0,1.0,0.0,True,True
2020-09-09 02:00:00,10219.29,10483.35,10070.83,10336.87,58253.75375,0.0001,38,0.0,0.0,unknown,,1226.320751,0.0,0.0,,,1226.320751,0.0,1226.320751,unknown,0.0,{},,162.0,,,,,,,1280.560935,0.0,0.0,0.0,1280.560935,0.0,0.0,0.0,0.0,0.0,1.0,0.0,,
2020-09-10 02:00:00,10336.86,10397.6,10200.0,10387.89,43830.254467,0.0001,38,10.0,0.0,unknown,,1226.320751,0.0,1.0,True,True,1225.094431,1.0,1226.320751,unknown,10.0,{},,163.0,BTCUSDT,2020-09-10 02:00:00,BTCUSDT,10387.89,0.118053,LONG,1280.560935,0.0,0.0,0.0,1280.560935,0.0,0.0,0.0,10.0,10.0,1.0,10.0,True,True
2020-09-11 02:00:00,10387.89,10477.97,10269.25,10440.92,35379.153096,0.0001,41,10.0,0.0,unknown,,1231.348517,1.0,0.0,,,1231.348517,1.0,1231.348517,unknown,0.0,{},,164.0,,,,,,,1280.560935,0.0,0.0,0.0,1280.560935,0.0,0.0,0.0,10.0,10.0,1.0,10.0,,
2020-09-12 02:00:00,10440.67,10580.11,10200.0,10332.83,43837.609865,0.0001,41,10.0,0.0,unknown,,1218.600937,1.0,0.0,,,1218.600937,1.0,1218.600937,unknown,0.0,{},,165.0,,,,,,,1280.560935,0.0,0.0,0.0,1280.560935,0.0,0.0,0.0,10.0,10.0,1.0,10.0,,
2020-09-13 02:00:00,10332.84,10750.0,10212.34,10671.77,67059.291361,0.0001,38,10.0,0.0,unknown,,1258.573781,1.0,0.0,,,1258.573781,1.0,1258.573781,unknown,0.0,{},,166.0,,,,,,,1280.560935,0.0,0.0,0.0,1280.560935,0.0,0.0,0.0,10.0,10.0,1.0,10.0,,
2020-09-14 02:00:00,10671.77,10930.04,10606.48,10785.31,61822.452786,0.0001,39,10.0,0.0,unknown,,1271.964106,1.0,0.0,,,1271.964106,1.0,1271.964106,unknown,0.0,{},,167.0,,,,,,,1280.560935,0.0,0.0,0.0,1280.560935,0.0,0.0,0.0,10.0,10.0,1.0,10.0,,
2020-09-15 02:00:00,10785.23,11093.0,10661.22,10954.01,64991.51244,-0.000223,47,10.0,0.0,unknown,,1291.859718,1.0,0.0,,,1291.859718,1.0,1291.859718,unknown,0.0,{},,168.0,,,,,,,1280.560935,0.0,0.0,0.0,1280.560935,0.0,0.0,0.0,10.0,10.0,1.0,10.0,,
2020-09-16 02:00:00,10954.01,11045.46,10745.83,10939.99,55601.614529,-5.2e-05,43,10.0,0.0,unknown,,1290.206271,1.0,0.0,,,1290.206271,1.0,1290.206271,unknown,0.0,{},,169.0,,,,,,,1280.560935,0.0,0.0,0.0,1280.560935,0.0,0.0,0.0,10.0,10.0,1.0,10.0,,
2020-09-17 02:00:00,10940.0,11038.03,10812.84,10933.39,47266.728275,-3.2e-05,48,10.0,0.0,unknown,,1289.427901,1.0,0.0,,,1289.427901,1.0,1289.427901,unknown,0.0,{},,170.0,,,,,,,1280.560935,0.0,0.0,0.0,1280.560935,0.0,0.0,0.0,10.0,10.0,1.0,10.0,,
2020-09-18 02:00:00,10933.4,11179.79,10887.37,11080.65,38440.036858,1e-06,49,10.0,0.0,unknown,,1306.794989,1.0,0.0,,,1306.794989,1.0,1306.794989,unknown,0.0,{},,171.0,,,,,,,1280.560935,0.0,0.0,0.0,1280.560935,0.0,0.0,0.0,10.0,10.0,1.0,10.0,,
2020-09-19 02:00:00,11080.64,11080.64,10723.0,10920.28,39157.922565,-0.000116,48,10.0,0.0,unknown,,1287.881775,1.0,0.0,,,1287.881775,1.0,1287.881775,unknown,0.0,{},,172.0,,,,,,,1280.560935,0.0,0.0,0.0,1280.560935,0.0,0.0,0.0,10.0,10.0,1.0,10.0,,
2020-09-20 02:00:00,10920.28,10988.86,10296.35,10417.22,70683.431179,-5.7e-05,52,10.0,0.0,unknown,,1228.55346,1.0,0.0,,,1228.55346,1.0,1228.55346,unknown,0.0,{},,173.0,,,,,,,1280.560935,0.0,0.0,0.0,1280.560935,0.0,0.0,0.0,10.0,10.0,1.0,10.0,,
2020-09-21 02:00:00,10417.22,10572.71,10353.0,10529.61,43991.235476,-7.5e-05,48,10.0,0.0,unknown,,1241.80816,1.0,0.0,,,1241.80816,1.0,1241.80816,unknown,0.0,{},,174.0,,,,,,,1280.560935,0.0,0.0,0.0,1280.560935,0.0,0.0,0.0,10.0,10.0,1.0,10.0,,
2020-09-22 02:00:00,10529.61,10537.15,10136.82,10241.46,51876.568079,0.0001,39,10.0,0.0,unknown,,1207.825228,1.0,0.0,,,1207.825228,1.0,1207.825228,unknown,0.0,{},,175.0,,,,,,,1280.560935,0.0,0.0,0.0,1280.560935,0.0,0.0,0.0,10.0,10.0,1.0,10.0,,
2020-09-23 02:00:00,10241.46,10795.24,10190.93,10736.32,57676.619427,0.0001,43,0.0,0.0,unknown,,1266.186476,1.0,-1.0,True,True,1264.92029,0.0,1266.186476,unknown,-10.0,{},,176.0,BTCUSDT,2020-09-23 02:00:00,BTCUSDT,10736.32,0.117935,CLOSE,1280.560935,0.0,0.0,0.0,1280.560935,0.0,0.0,0.0,0.0,0.0,1.0,0.0,True,True
2020-09-24 02:00:00,10736.33,10760.53,10556.24,10686.67,48101.117008,3.8e-05,39,10.0,0.0,unknown,,1264.92029,0.0,1.0,True,True,1263.65537,1.0,1264.92029,unknown,10.0,{},,177.0,BTCUSDT,2020-09-24 02:00:00,BTCUSDT,10686.67,0.118364,LONG,1280.560935,0.0,0.0,0.0,1280.560935,0.0,0.0,0.0,10.0,10.0,1.0,10.0,True,True
2020-09-25 02:00:00,10686.57,10820.94,10644.68,10728.6,28420.836659,1.2e-05,46,10.0,0.0,unknown,,1268.613422,1.0,0.0,,,1268.613422,1.0,1268.613422,unknown,0.0,{},,178.0,,,,,,,1280.560935,0.0,0.0,0.0,1280.560935,0.0,0.0,0.0,10.0,10.0,1.0,10.0,,
2020-09-26 02:00:00,10728.59,10799.0,10594.82,10774.25,30549.483253,0.0001,45,10.0,0.0,unknown,,1274.011349,1.0,0.0,,,1274.011349,1.0,1274.011349,unknown,0.0,{},,179.0,,,,,,,1280.560935,0.0,0.0,0.0,1280.560935,0.0,0.0,0.0,10.0,10.0,1.0,10.0,,
2020-09-27 02:00:00,10774.26,10950.0,10626.0,10696.12,50095.251734,0.0001,47,10.0,0.0,unknown,,1264.772794,1.0,0.0,,,1264.772794,1.0,1264.772794,unknown,0.0,{},,180.0,,,,,,,1280.560935,0.0,0.0,0.0,1280.560935,0.0,0.0,0.0,10.0,10.0,1.0,10.0,,
2020-09-28 02:00:00,10696.11,10867.54,10635.87,10840.48,41874.898399,0.0001,43,10.0,0.0,unknown,,1281.842778,1.0,0.0,,,1281.842778,1.0,1281.842778,unknown,0.0,{},,181.0,,,,,,,1280.560935,0.0,0.0,0.0,1280.560935,0.0,0.0,0.0,10.0,10.0,1.0,10.0,,
2020-09-28 02:00:00,10696.11,10867.54,10635.87,10840.48,41874.898399,0.0001,43,,,,,1281.842778,1.0,-1.0,,True,1280.560935,0.0,1281.842778,,,,,,,,BTCUSDT,10840.48,0.118246,CLOSE,1280.560935,0.0,0.0,0.0,1280.560935,0.0,0.0,0.0,,,,,,
