timestamp,open,high,low,close,volume,funding_rate,fear_greed,forecast,confidence,regime,strategy,total_portfolio_value,previous_allocation,allocation_change,approved_rebalance,succcess_execute_portfolio_rebalance,postRebalance_total_value,postRebalance_current_allocation,portfolio_value,debug_info.regime,debug_info.forecast_delta,debug_info.regime_scores,debug_info.regime_margin,debug_info.bars_in_regime,debug_approve_allocation_change.symbol,debug_approve_allocation_change.time,debug_execute_portfolio_rebalance.symbol,debug_execute_portfolio_rebalance.price,debug_execute_portfolio_rebalance.quantity,debug_execute_portfolio_rebalance.trade_type,balances.USDT.free,balances.USDT.locked,balances.BTCUSDT.free,balances.BTCUSDT.locked,postRebalance_balances.USDT.free,postRebalance_balances.USDT.locked,postRebalance_balances.BTCUSDT.free,postRebalance_balances.BTCUSDT.locked,debug_info.components.funding_rate_mr.last_history_value,debug_info.components.funding_rate_mr.post_pipeline_value,debug_info.components.funding_rate_mr.weight_normalized,debug_info.components.funding_rate_mr.weighted_contribution,debug_approve_allocation_change.controls.max_allocation_change.passed,debug_approve_allocation_change.controls.min_allocation_change.passed
2021-11-01,61299.81,62437.74,59405.0,60911.11,44687.66672,0.000439,74,-10.0,0.0,unknown,,1000.0,0.0,-1.0,True,True,999.0,-1.001001,1000.0,unknown,-10.0,{},,1.0,BTCUSDT,2021-11-01,BTCUSDT,60911.11,0.016417,SHORT,1013.059336,0.0,0.0,0.0,1013.059336,0.0,0.0,0.0,-10.0,-10.0,1.0,-10.0,True,True
2021-11-02,60911.12,64270.0,60624.68,63219.99,46368.2841,0.000155,73,-10.0,0.0,unknown,,961.094271,-1.079921,0.079921,False,,961.094271,-1.079921,961.094271,unknown,0.0,{},,2.0,BTCUSDT,2021-11-02,,,,,1013.059336,0.0,0.0,0.0,1013.059336,0.0,0.0,0.0,-10.0,-10.0,1.0,-10.0,True,False
2021-11-03,63220.57,63500.0,60382.76,62896.48,43336.09049,0.000478,76,-10.0,0.0,unknown,,966.405454,-1.06849,0.06849,False,,966.405454,-1.06849,966.405454,unknown,0.0,{},,3.0,BTCUSDT,2021-11-03,,,,,1013.059336,0.0,0.0,0.0,1013.059336,0.0,0.0,0.0,-10.0,-10.0,1.0,-10.0,True,False
2021-11-04,62896.49,63086.31,60677.01,61395.01,35930.93314,0.000314,73,-10.0,0.0,unknown,,991.055636,-1.017041,0.017041,False,,991.055636,-1.017041,991.055636,unknown,0.0,{},,4.0,BTCUSDT,2021-11-04,,,,,1013.059336,0.0,0.0,0.0,1013.059336,0.0,0.0,0.0,-10.0,-10.0,1.0,-10.0,True,False
2021-11-05,61395.01,62595.72,60721.0,60937.12,31604.48749,0.000184,73,-10.0,0.0,unknown,,998.572984,-1.001857,0.001857,False,,998.572984,-1.001857,998.572984,unknown,0.0,{},,5.0,BTCUSDT,2021-11-05,,,,,1013.059336,0.0,0.0,0.0,1013.059336,0.0,0.0,0.0,-10.0,-10.0,1.0,-10.0,True,False
2021-11-06,60940.18,61560.49,60050.0,61470.61,25590.57408,0.000412,71,-10.0,0.0,unknown,,989.814484,-1.01957,0.01957,False,,989.814484,-1.01957,989.814484,unknown,0.0,{},,6.0,BTCUSDT,2021-11-06,,,,,1013.059336,0.0,0.0,0.0,1013.059336,0.0,0.0,0.0,-10.0,-10.0,1.0,-10.0,True,False
2021-11-07,61470.62,63286.35,61322.78,63273.59,25515.6883,0.000377,73,-10.0,0.0,unknown,,960.214301,-1.081827,0.081827,False,,960.214301,-1.081827,960.214301,unknown,0.0,{},,7.0,BTCUSDT,2021-11-07,,,,,1013.059336,0.0,0.0,0.0,1013.059336,0.0,0.0,0.0,-10.0,-10.0,1.0,-10.0,True,False
2021-11-08,63273.58,67789.0,63273.58,67525.83,54442.094554,0.000374,75,-10.0,0.0,unknown,,890.403719,-1.245049,0.245049,True,True,890.185308,-1.000245,890.403719,unknown,0.0,{},,8.0,BTCUSDT,2021-11-08,BTCUSDT,67525.83,0.003231,REDUCE_SHORT,1013.059336,0.0,0.0,0.0,1013.059336,0.0,0.0,0.0,-10.0,-10.0,1.0,-10.0,True,True
2021-11-09,67525.82,68524.25,66222.4,66947.66,44661.378068,0.000387,84,-10.0,0.0,unknown,,897.809128,-0.98326,-0.01674,False,,897.809128,-0.98326,897.809128,unknown,0.0,{},,9.0,BTCUSDT,2021-11-09,,,,,1013.059336,0.0,0.0,0.0,1013.059336,0.0,0.0,0.0,-10.0,-10.0,1.0,-10.0,True,False
2021-11-10,66947.67,69000.0,62822.9,64882.43,65171.504046,0.000377,75,-10.0,0.0,unknown,,925.041499,-0.924875,-0.075125,False,,925.041499,-0.924875,925.041499,unknown,0.0,{},,10.0,BTCUSDT,2021-11-10,,,,,1013.059336,0.0,0.0,0.0,1013.059336,0.0,0.0,0.0,-10.0,-10.0,1.0,-10.0,True,False
2021-11-11,64882.42,65600.07,64100.0,64774.26,37237.98058,0.000575,77,-10.0,0.0,unknown,,926.467841,-0.921911,-0.078089,False,,926.467841,-0.921911,926.467841,unknown,0.0,{},,11.0,BTCUSDT,2021-11-11,,,,,1013.059336,0.0,0.0,0.0,1013.059336,0.0,0.0,0.0,-10.0,-10.0,1.0,-10.0,True,False
2021-11-12,64774.25,65450.7,62278.0,64122.23,44490.10816,0.00018,74,-10.0,0.0,unknown,,935.065587,-0.90424,-0.09576,False,,935.065587,-0.90424,935.065587,unknown,0.0,{},,12.0,BTCUSDT,2021-11-12,,,,,1013.059336,0.0,0.0,0.0,1013.059336,0.0,0.0,0.0,-10.0,-10.0,1.0,-10.0,True,False
2021-11-13,64122.22,65000.0,63360.22,64380.0,22504.97383,0.000154,72,-10.0,0.0,unknown,,931.666601,-0.911187,-0.088813,False,,931.666601,-0.911187,931.666601,unknown,0.0,{},,13.0,BTCUSDT,2021-11-13,,,,,1013.059336,0.0,0.0,0.0,1013.059336,0.0,0.0,0.0,-10.0,-10.0,1.0,-10.0,True,False
2021-11-14,64380.01,65550.51,63576.27,65519.1,25705.07347,0.000218,74,-10.0,0.0,unknown,,916.646292,-0.942504,-0.057496,False,,916.646292,-0.942504,916.646292,unknown,0.0,{},,14.0,BTCUSDT,2021-11-14,,,,,1013.059336,0.0,0.0,0.0,1013.059336,0.0,0.0,0.0,-10.0,-10.0,1.0,-10.0,True,False
2021-11-15,65519.11,66401.82,63400.0,63606.74,37829.37124,0.000131,72,-10.0,0.0,unknown,,941.862901,-0.890497,-0.109503,False,,941.862901,-0.890497,941.862901,unknown,0.0,{},,15.0,BTCUSDT,2021-11-15,,,,,1013.059336,0.0,0.0,0.0,1013.059336,0.0,0.0,0.0,-10.0,-10.0,1.0,-10.0,True,False
2021-11-16,63606.73,63617.31,58574.07,60058.87,77455.15609,0.00036,71,-10.0,0.0,unknown,,988.645541,-0.801039,-0.198961,False,,988.645541,-0.801039,988.645541,unknown,0.0,{},,16.0,BTCUSDT,2021-11-16,,,,,1013.059336,0.0,0.0,0.0,1013.059336,0.0,0.0,0.0,-10.0,-10.0,1.0,-10.0,True,False
2021-11-17,60058.87,60840.23,58373.0,60344.87,46289.38491,0.0001,52,-10.0,0.0,unknown,,984.874311,-0.807935,-0.192065,False,,984.874311,-0.807935,984.874311,unknown,0.0,{},,17.0,BTCUSDT,2021-11-17,,,,,1013.059336,0.0,0.0,0.0,1013.059336,0.0,0.0,0.0,-10.0,-10.0,1.0,-10.0,True,False
2021-11-18,60344.86,60976.0,56474.26,56891.62,62146.99931,0.0001,54,-10.0,0.0,unknown,,1030.409281,-0.728041,-0.271959,True,True,1030.129051,-1.000272,1030.409281,unknown,0.0,{},,18.0,BTCUSDT,2021-11-18,BTCUSDT,56891.62,0.004926,SHORT,1013.059336,0.0,0.0,0.0,1013.059336,0.0,0.0,0.0,-10.0,-10.0,1.0,-10.0,True,True
2021-11-19,56891.62,58320.0,55600.0,58052.24,50715.88726,0.0001,34,-10.0,0.0,unknown,,1009.108141,-1.04194,0.04194,False,,1009.108141,-1.04194,1009.108141,unknown,0.0,{},,19.0,BTCUSDT,2021-11-19,,,,,1013.059336,0.0,0.0,0.0,1013.059336,0.0,0.0,0.0,-10.0,-10.0,1.0,-10.0,True,False
2021-11-20,58057.1,59845.0,57353.0,59707.51,33811.5901,0.0001,43,-10.0,0.0,unknown,,979.128233,-1.104462,0.104462,False,,979.128233,-1.104462,979.128233,unknown,0.0,{},,20.0,BTCUSDT,2021-11-20,,,,,1013.059336,0.0,0.0,0.0,1013.059336,0.0,0.0,0.0,-10.0,-10.0,1.0,-10.0,True,False
2021-11-21,59707.52,60029.76,58486.65,58622.02,31902.22785,0.0001,49,-10.0,0.0,unknown,,998.788404,-1.063038,0.063038,False,,998.788404,-1.063038,998.788404,unknown,0.0,{},,21.0,BTCUSDT,2021-11-21,,,,,1013.059336,0.0,0.0,0.0,1013.059336,0.0,0.0,0.0,-10.0,-10.0,1.0,-10.0,True,False
2021-11-22,58617.7,59444.0,55610.0,56247.18,51724.32047,0.0001,50,-10.0,0.0,unknown,,1041.801016,-0.977862,-0.022138,False,,1041.801016,-0.977862,1041.801016,unknown,0.0,{},,22.0,BTCUSDT,2021-11-22,,,,,1013.059336,0.0,0.0,0.0,1013.059336,0.0,0.0,0.0,-10.0,-10.0,1.0,-10.0,True,False
2021-11-23,56243.83,58009.99,55317.0,57541.27,49917.85017,0.0001,33,-10.0,0.0,unknown,,1018.362725,-1.023383,0.023383,False,,1018.362725,-1.023383,1018.362725,unknown,0.0,{},,23.0,BTCUSDT,2021-11-23,,,,,1013.059336,0.0,0.0,0.0,1013.059336,0.0,0.0,0.0,-10.0,-10.0,1.0,-10.0,True,False
2021-11-24,57541.26,57735.0,55837.0,57138.29,39612.04964,0.0001,42,-10.0,0.0,unknown,,1025.661415,-1.008985,0.008985,False,,1025.661415,-1.008985,1025.661415,unknown,0.0,{},,24.0,BTCUSDT,2021-11-24,,,,,1013.059336,0.0,0.0,0.0,1013.059336,0.0,0.0,0.0,-10.0,-10.0,1.0,-10.0,True,False
2021-11-25,57138.29,59398.9,57000.0,58960.36,42153.51522,0.000145,32,-10.0,0.0,unknown,,992.660459,-1.075774,0.075774,False,,992.660459,-1.075774,992.660459,unknown,0.0,{},,25.0,BTCUSDT,2021-11-25,,,,,1013.059336,0.0,0.0,0.0,1013.059336,0.0,0.0,0.0,-10.0,-10.0,1.0,-10.0,True,False
2021-11-26,58960.37,59150.0,53500.0,53726.53,65927.87066,0.000139,47,-10.0,0.0,unknown,,1087.454508,-0.894827,-0.105173,False,,1087.454508,-0.894827,1087.454508,unknown,0.0,{},,26.0,BTCUSDT,2021-11-26,,,,,1013.059336,0.0,0.0,0.0,1013.059336,0.0,0.0,0.0,-10.0,-10.0,1.0,-10.0,True,False
2021-11-27,53723.72,55280.0,53610.0,54721.03,29716.99957,0.0001,21,-10.0,0.0,unknown,,1069.44233,-0.926741,-0.073259,False,,1069.44233,-0.926741,1069.44233,unknown,0.0,{},,27.0,BTCUSDT,2021-11-27,,,,,1013.059336,0.0,0.0,0.0,1013.059336,0.0,0.0,0.0,-10.0,-10.0,1.0,-10.0,True,False
2021-11-28,54716.47,57445.05,53256.64,57274.88,36163.7137,0.0001,27,-10.0,0.0,unknown,,1023.187525,-1.013842,0.013842,False,,1023.187525,-1.013842,1023.187525,unknown,0.0,{},,28.0,BTCUSDT,2021-11-28,,,,,1013.059336,0.0,0.0,0.0,1013.059336,0.0,0.0,0.0,-10.0,-10.0,1.0,-10.0,True,False
2021-11-29,57274.89,58865.97,56666.67,57776.25,40125.28009,0.0001,33,-10.0,0.0,unknown,,1014.106815,-1.031875,0.031875,False,,1014.106815,-1.031875,1014.106815,unknown,0.0,{},,29.0,BTCUSDT,2021-11-29,,,,,1013.059336,0.0,0.0,0.0,1013.059336,0.0,0.0,0.0,-10.0,-10.0,1.0,-10.0,True,False
2021-11-29,57274.89,58865.97,56666.67,57776.25,40125.28009,0.0001,33,,,,,1014.106815,-1.031875,1.031875,,True,1013.059336,0.0,1014.106815,,,,,,,,BTCUSDT,57776.25,-0.018112,CLOSE,1013.059336,0.0,0.0,0.0,1013.059336,0.0,0.0,0.0,,,,,,
