date,forecast,allocation,needs_rebalance,regime,btc_price,total_portfolio_value,usdt_owned,btc_owned,usdt_borrowed,btc_borrowed,net_usdt,net_btc
2025-03-01 01:00:00,0.0,0.0,False,NOT_READY,83857.92,1000.0,1000.0,0.0,0.0,0.0,1000.0,0.0
2025-03-01 02:00:00,0.0,0.0,False,NOT_READY,84656.93,1000.0,1000.0,0.0,0.0,0.0,1000.0,0.0
2025-03-01 03:00:00,0.0,0.0,False,NOT_READY,85240.46,1000.0,1000.0,0.0,0.0,0.0,1000.0,0.0
2025-03-01 04:00:00,0.0,0.0,False,NOT_READY,85330.84,1000.0,1000.0,0.0,0.0,0.0,1000.0,0.0
2025-03-01 05:00:00,0.0,0.0,False,NOT_READY,86190.01,1000.0,1000.0,0.0,0.0,0.0,1000.0,0.0
2025-03-01 06:00:00,0.0,0.0,False,NOT_READY,85588.19,1000.0,1000.0,0.0,0.0,0.0,1000.0,0.0
2025-03-01 07:00:00,0.0,0.0,False,NOT_READY,85075.62,1000.0,1000.0,0.0,0.0,0.0,1000.0,0.0
2025-03-01 08:00:00,0.0,0.0,False,NOT_READY,84740.15,1000.0,1000.0,0.0,0.0,0.0,1000.0,0.0
2025-03-01 09:00:00,0.0,0.0,False,NOT_READY,85303.37,1000.0,1000.0,0.0,0.0,0.0,1000.0,0.0
2025-03-01 10:00:00,0.0,0.0,False,NOT_READY,85380.0,1000.0,1000.0,0.0,0.0,0.0,1000.0,0.0
2025-03-01 11:00:00,0.0,0.0,False,NOT_READY,84900.01,1000.0,1000.0,0.0,0.0,0.0,1000.0,0.0
2025-03-01 12:00:00,0.0,0.0,False,NOT_READY,84632.79,1000.0,1000.0,0.0,0.0,0.0,1000.0,0.0
2025-03-01 13:00:00,0.0,0.0,False,NOT_READY,84758.86,1000.0,1000.0,0.0,0.0,0.0,1000.0,0.0
2025-03-01 14:00:00,0.0,0.0,False,NOT_READY,84532.24,1000.0,1000.0,0.0,0.0,0.0,1000.0,0.0
2025-03-01 15:00:00,0.0,0.0,False,NOT_READY,84713.99,1000.0,1000.0,0.0,0.0,0.0,1000.0,0.0
2025-03-01 16:00:00,0.0,0.0,False,NOT_READY,84800.0,1000.0,1000.0,0.0,0.0,0.0,1000.0,0.0
2025-03-01 17:00:00,0.0,0.0,False,NOT_READY,85274.82,1000.0,1000.0,0.0,0.0,0.0,1000.0,0.0
2025-03-01 18:00:00,0.0,0.0,False,NOT_READY,85214.7,1000.0,1000.0,0.0,0.0,0.0,1000.0,0.0
2025-03-01 19:00:00,0.0,0.0,False,NOT_READY,85327.57,1000.0,1000.0,0.0,0.0,0.0,1000.0,0.0
2025-03-01 20:00:00,0.0,0.0,False,NOT_READY,85485.41,1000.0,1000.0,0.0,0.0,0.0,1000.0,0.0
2025-03-01 21:00:00,0.0,0.0,False,NOT_READY,85537.73,1000.0,1000.0,0.0,0.0,0.0,1000.0,0.0
2025-03-01 22:00:00,0.0,0.0,False,NOT_READY,86076.86,1000.0,1000.0,0.0,0.0,0.0,1000.0,0.0
2025-03-01 23:00:00,0.0,0.0,False,NOT_READY,86116.35,1000.0,1000.0,0.0,0.0,0.0,1000.0,0.0
2025-03-02 00:00:00,0.0,0.0,False,NOT_READY,86064.53,1000.0,1000.0,0.0,0.0,0.0,1000.0,0.0
2025-03-02 01:00:00,0.0,0.0,False,NOT_READY,86026.62,1000.0,1000.0,0.0,0.0,0.0,1000.0,0.0
2025-03-02 02:00:00,0.0,0.0,False,NOT_READY,86354.93,1000.0,1000.0,0.0,0.0,0.0,1000.0,0.0
2025-03-02 03:00:00,0.0,0.0,False,NOT_READY,85774.01,1000.0,1000.0,0.0,0.0,0.0,1000.0,0.0
2025-03-02 04:00:00,0.0,0.0,False,NOT_READY,85873.07,1000.0,1000.0,0.0,0.0,0.0,1000.0,0.0
2025-03-02 05:00:00,0.0,0.0,False,NOT_READY,85752.8,1000.0,1000.0,0.0,0.0,0.0,1000.0,0.0
2025-03-02 06:00:00,0.0,0.0,False,NOT_READY,85957.51,1000.0,1000.0,0.0,0.0,0.0,1000.0,0.0
2025-03-02 07:00:00,0.0,0.0,False,NOT_READY,86277.65,1000.0,1000.0,0.0,0.0,0.0,1000.0,0.0
2025-03-02 08:00:00,0.0,0.0,False,NOT_READY,86232.42,1000.0,1000.0,0.0,0.0,0.0,1000.0,0.0
2025-03-02 09:00:00,0.0,0.0,False,NOT_READY,85754.71,1000.0,1000.0,0.0,0.0,0.0,1000.0,0.0
2025-03-02 10:00:00,0.0,0.0,False,NOT_READY,85901.3,1000.0,1000.0,0.0,0.0,0.0,1000.0,0.0
2025-03-02 11:00:00,0.0,0.0,False,NOT_READY,86006.0,1000.0,1000.0,0.0,0.0,0.0,1000.0,0.0
2025-03-02 12:00:00,0.0,0.0,False,NOT_READY,86105.89,1000.0,1000.0,0.0,0.0,0.0,1000.0,0.0
2025-03-02 13:00:00,0.0,0.0,False,NOT_READY,85986.18,1000.0,1000.0,0.0,0.0,0.0,1000.0,0.0
2025-03-02 14:00:00,0.0,0.0,False,NOT_READY,85710.81,1000.0,1000.0,0.0,0.0,0.0,1000.0,0.0
2025-03-02 15:00:00,0.0,0.0,False,NOT_READY,85107.45,1000.0,1000.0,0.0,0.0,0.0,1000.0,0.0
2025-03-02 16:00:00,0.0,0.0,False,NOT_READY,87427.99,1000.0,1000.0,0.0,0.0,0.0,1000.0,0.0
2025-03-02 17:00:00,0.0,0.0,False,NOT_READY,91200.0,1000.0,1000.0,0.0,0.0,0.0,1000.0,0.0
2025-03-02 18:00:00,0.0,0.0,False,NOT_READY,94093.75,1000.0,1000.0,0.0,0.0,0.0,1000.0,0.0
2025-03-02 19:00:00,0.0,0.0,False,NOT_READY,92794.19,1000.0,1000.0,0.0,0.0,0.0,1000.0,0.0
2025-03-02 20:00:00,0.0,0.0,False,NOT_READY,93522.0,1000.0,1000.0,0.0,0.0,0.0,1000.0,0.0
2025-03-02 21:00:00,0.0,0.0,False,NOT_READY,94330.0,1000.0,1000.0,0.0,0.0,0.0,1000.0,0.0
2025-03-02 22:00:00,0.0,0.0,False,NOT_READY,94298.0,1000.0,1000.0,0.0,0.0,0.0,1000.0,0.0
2025-03-02 23:00:00,0.0,0.0,False,NOT_READY,94247.4,1000.0,1000.0,0.0,0.0,0.0,1000.0,0.0
2025-03-03 00:00:00,0.0,0.0,False,NOT_READY,94270.0,1000.0,1000.0,0.0,0.0,0.0,1000.0,0.0
2025-03-03 01:00:00,0.0,0.0,False,NOT_READY,93314.89,1000.0,1000.0,0.0,0.0,0.0,1000.0,0.0
2025-03-03 02:00:00,0.0,0.0,False,NOT_READY,93084.64,1000.0,1000.0,0.0,0.0,0.0,1000.0,0.0
2025-03-03 03:00:00,0.0,0.0,False,NOT_READY,93318.24,1000.0,1000.0,0.0,0.0,0.0,1000.0,0.0
2025-03-03 04:00:00,0.0,0.0,False,NOT_READY,92709.98,1000.0,1000.0,0.0,0.0,0.0,1000.0,0.0
2025-03-03 05:00:00,0.0,0.0,False,NOT_READY,92866.0,1000.0,1000.0,0.0,0.0,0.0,1000.0,0.0
2025-03-03 06:00:00,0.0,0.0,False,NOT_READY,93344.0,1000.0,1000.0,0.0,0.0,0.0,1000.0,0.0
2025-03-03 07:00:00,0.0,0.0,False,NOT_READY,91645.99,1000.0,1000.0,0.0,0.0,0.0,1000.0,0.0
2025-03-03 08:00:00,0.0,0.0,False,NOT_READY,92363.58,1000.0,1000.0,0.0,0.0,0.0,1000.0,0.0
2025-03-03 09:00:00,0.0,0.0,False,NOT_READY,91477.54,1000.0,1000.0,0.0,0.0,0.0,1000.0,0.0
2025-03-03 10:00:00,0.0,0.0,False,NOT_READY,91847.76,1000.0,1000.0,0.0,0.0,0.0,1000.0,0.0
2025-03-03 11:00:00,0.0,0.0,False,NOT_READY,92546.77,1000.0,1000.0,0.0,0.0,0.0,1000.0,0.0
2025-03-03 12:00:00,0.0,0.0,False,NOT_READY,92739.99,1000.0,1000.0,0.0,0.0,0.0,1000.0,0.0
2025-03-03 13:00:00,0.0,0.0,False,NOT_READY,93027.34,1000.0,1000.0,0.0,0.0,0.0,1000.0,0.0
2025-03-03 14:00:00,0.0,0.0,False,NOT_READY,93586.83,1000.0,1000.0,0.0,0.0,0.0,1000.0,0.0
2025-03-03 15:00:00,0.0,0.0,False,NOT_READY,89278.88,1000.0,1000.0,0.0,0.0,0.0,1000.0,0.0
2025-03-03 16:00:00,0.0,0.0,False,NOT_READY,90035.37,1000.0,1000.0,0.0,0.0,0.0,1000.0,0.0
2025-03-03 17:00:00,0.0,0.0,False,NOT_READY,90154.0,1000.0,1000.0,0.0,0.0,0.0,1000.0,0.0
2025-03-03 18:00:00,0.0,0.0,False,NOT_READY,90300.01,1000.0,1000.0,0.0,0.0,0.0,1000.0,0.0
2025-03-03 19:00:00,0.0,0.0,False,NOT_READY,87132.8,1000.0,1000.0,0.0,0.0,0.0,1000.0,0.0
2025-03-03 20:00:00,0.0,0.0,False,NOT_READY,85606.0,1000.0,1000.0,0.0,0.0,0.0,1000.0,0.0
2025-03-03 21:00:00,0.0,0.0,False,NOT_READY,86074.0,1000.0,1000.0,0.0,0.0,0.0,1000.0,0.0
2025-03-03 22:00:00,0.0,0.0,False,NOT_READY,85374.33,1000.0,1000.0,0.0,0.0,0.0,1000.0,0.0
2025-03-03 23:00:00,0.0,0.0,False,NOT_READY,86650.96,1000.0,1000.0,0.0,0.0,0.0,1000.0,0.0
2025-03-04 00:00:00,0.0,0.0,False,NOT_READY,86220.61,1000.0,1000.0,0.0,0.0,0.0,1000.0,0.0
2025-03-04 01:00:00,0.0,0.0,False,NOT_READY,86046.43,1000.0,1000.0,0.0,0.0,0.0,1000.0,0.0
2025-03-04 02:00:00,0.0,0.0,False,NOT_READY,83380.55,1000.0,1000.0,0.0,0.0,0.0,1000.0,0.0
2025-03-04 03:00:00,0.0,0.0,False,NOT_READY,83936.41,1000.0,1000.0,0.0,0.0,0.0,1000.0,0.0
2025-03-04 04:00:00,0.0,0.0,False,NOT_READY,83983.72,1000.0,1000.0,0.0,0.0,0.0,1000.0,0.0
2025-03-04 05:00:00,0.0,0.0,False,NOT_READY,83416.95,1000.0,1000.0,0.0,0.0,0.0,1000.0,0.0
2025-03-04 06:00:00,0.0,0.0,False,NOT_READY,84273.99,1000.0,1000.0,0.0,0.0,0.0,1000.0,0.0
2025-03-04 07:00:00,0.0,0.0,False,NOT_READY,83883.58,1000.0,1000.0,0.0,0.0,0.0,1000.0,0.0
2025-03-04 08:00:00,0.0,0.0,False,NOT_READY,83186.4,1000.0,1000.0,0.0,0.0,0.0,1000.0,0.0
2025-03-04 09:00:00,0.0,0.0,False,NOT_READY,83893.09,1000.0,1000.0,0.0,0.0,0.0,1000.0,0.0
2025-03-04 10:00:00,0.0,0.0,False,NOT_READY,83748.0,1000.0,1000.0,0.0,0.0,0.0,1000.0,0.0
2025-03-04 11:00:00,0.0,0.0,False,NOT_READY,83971.93,1000.0,1000.0,0.0,0.0,0.0,1000.0,0.0
2025-03-04 12:00:00,0.0,0.0,False,NOT_READY,83937.94,1000.0,1000.0,0.0,0.0,0.0,1000.0,0.0
2025-03-04 13:00:00,0.0,0.0,False,NOT_READY,83763.73,1000.0,1000.0,0.0,0.0,0.0,1000.0,0.0
2025-03-04 14:00:00,0.0,0.0,False,NOT_READY,82804.0,1000.0,1000.0,0.0,0.0,0.0,1000.0,0.0
2025-03-04 15:00:00,0.0,0.0,False,NOT_READY,83201.41,1000.0,1000.0,0.0,0.0,0.0,1000.0,0.0
2025-03-04 16:00:00,0.0,0.0,False,NOT_READY,82985.06,1000.0,1000.0,0.0,0.0,0.0,1000.0,0.0
2025-03-04 17:00:00,0.0,0.0,False,NOT_READY,83555.37,1000.0,1000.0,0.0,0.0,0.0,1000.0,0.0
2025-03-04 18:00:00,0.0,0.0,False,NOT_READY,85443.89,1000.0,1000.0,0.0,0.0,0.0,1000.0,0.0
2025-03-04 19:00:00,0.0,0.0,False,NOT_READY,86764.24,1000.0,1000.0,0.0,0.0,0.0,1000.0,0.0
2025-03-04 20:00:00,0.0,0.0,False,NOT_READY,88206.19,1000.0,1000.0,0.0,0.0,0.0,1000.0,0.0
2025-03-04 21:00:00,0.0,0.0,False,NOT_READY,86825.27,1000.0,1000.0,0.0,0.0,0.0,1000.0,0.0
2025-03-04 22:00:00,0.0,0.0,False,NOT_READY,87517.49,1000.0,1000.0,0.0,0.0,0.0,1000.0,0.0
2025-03-04 23:00:00,0.0,0.0,False,NOT_READY,87486.0,1000.0,1000.0,0.0,0.0,0.0,1000.0,0.0
2025-03-05 00:00:00,0.0,0.0,False,NOT_READY,87281.98,1000.0,1000.0,0.0,0.0,0.0,1000.0,0.0
2025-03-05 01:00:00,0.0,0.0,False,NOT_READY,86800.36,1000.0,1000.0,0.0,0.0,0.0,1000.0,0.0
2025-03-05 02:00:00,0.0,0.0,False,NOT_READY,87643.11,1000.0,1000.0,0.0,0.0,0.0,1000.0,0.0
2025-03-05 03:00:00,0.0,0.0,False,NOT_READY,87466.55,1000.0,1000.0,0.0,0.0,0.0,1000.0,0.0
2025-03-05 04:00:00,0.0,0.0,False,NOT_READY,86843.4,1000.0,1000.0,0.0,0.0,0.0,1000.0,0.0
2025-03-05 05:00:00,0.0,0.0,False,unknown,86915.94,1000.0,1000.0,0.0,0.0,0.0,1000.0,0.0
2025-03-05 06:00:00,0.0,0.0,False,unknown,87145.98,1000.0,1000.0,0.0,0.0,0.0,1000.0,0.0
2025-03-05 07:00:00,0.0,0.0,False,unknown,87490.12,1000.0,1000.0,0.0,0.0,0.0,1000.0,0.0
2025-03-05 08:00:00,0.0,0.0,False,unknown,87619.49,1000.0,1000.0,0.0,0.0,0.0,1000.0,0.0
2025-03-05 09:00:00,0.0,0.0,False,unknown,87760.0,1000.0,1000.0,0.0,0.0,0.0,1000.0,0.0
2025-03-05 10:00:00,0.0,0.0,False,unknown,88469.01,1000.0,1000.0,0.0,0.0,0.0,1000.0,0.0
2025-03-05 11:00:00,0.0,0.0,False,unknown,89926.07,1000.0,1000.0,0.0,0.0,0.0,1000.0,0.0
2025-03-05 12:00:00,0.0,0.0,False,unknown,89814.26,1000.0,1000.0,0.0,0.0,0.0,1000.0,0.0
2025-03-05 13:00:00,0.0,0.0,False,unknown,90355.97,1000.0,1000.0,0.0,0.0,0.0,1000.0,0.0
2025-03-05 14:00:00,0.0,0.0,False,unknown,89473.92,1000.0,1000.0,0.0,0.0,0.0,1000.0,0.0
2025-03-05 15:00:00,0.0,0.0,False,unknown,88519.93,1000.0,1000.0,0.0,0.0,0.0,1000.0,0.0
2025-03-05 16:00:00,0.0,0.0,False,unknown,88344.25,1000.0,1000.0,0.0,0.0,0.0,1000.0,0.0
2025-03-05 17:00:00,0.0,0.0,False,unknown,88926.53,1000.0,1000.0,0.0,0.0,0.0,1000.0,0.0
2025-03-05 18:00:00,0.0,0.0,False,unknown,89687.99,1000.0,1000.0,0.0,0.0,0.0,1000.0,0.0
2025-03-05 19:00:00,0.0,0.0,False,unknown,89712.0,1000.0,1000.0,0.0,0.0,0.0,1000.0,0.0
2025-03-05 20:00:00,0.0,0.0,False,unknown,89750.0,1000.0,1000.0,0.0,0.0,0.0,1000.0,0.0
2025-03-05 21:00:00,0.0,0.0,False,unknown,90499.64,1000.0,1000.0,0.0,0.0,0.0,1000.0,0.0
2025-03-05 22:00:00,8.292235290200777,0.4146117645100389,True,trending,90377.54,999.58538823549,585.3882354899611,0.004582965554777535,0.0,0.0,585.3882354899611,0.004582965554777535
2025-03-05 23:00:00,0.0,0.0,True,unknown,90449.46,999.5004683585613,999.5004683585613,0.0,0.0,0.0,999.5004683585613,0.0
2025-03-06 00:00:00,0.0,0.0,False,unknown,90606.01,999.5004683585613,999.5004683585613,0.0,0.0,0.0,999.5004683585613,0.0
2025-03-06 01:00:00,0.0,0.0,False,unknown,90046.34,999.5004683585613,999.5004683585613,0.0,0.0,0.0,999.5004683585613,0.0
2025-03-06 02:00:00,0.0,0.0,False,unknown,91057.19,999.5004683585613,999.5004683585613,0.0,0.0,0.0,999.5004683585613,0.0
2025-03-06 03:00:00,13.067934806932822,0.6533967403466412,True,trending,91812.0,998.8473980105608,346.43012035813615,0.00710601313175211,0.0,0.0,346.43012035813615,0.00710601313175211
2025-03-06 04:00:00,11.34173036233342,0.5670865181166711,True,trending,91605.01,997.2911767288715,431.6923962825507,0.006174321474844234,0.0,0.0,431.6923962825507,0.006174321474844234
2025-03-06 05:00:00,15.014944896795313,0.7507472448397656,True,trending,92287.45,1001.3227161057712,249.62782588968017,0.00814514747363906,0.0,0.0,249.62782588968017,0.00814514747363906
2025-03-06 06:00:00,11.765028682121836,0.5882514341060918,True,trending,92737.98,1004.828173064361,413.6399822658841,0.00637482281583529,0.0,0.0,413.6399822658841,0.00637482281583529
2025-03-06 07:00:00,4.513043729476237,0.2256521864738119,True,trending,91916.0,999.2278072543077,773.6685452069648,0.00245397169205952,0.0,0.0,773.6685452069648,0.00245397169205952
2025-03-06 08:00:00,3.477567967980052,0.17387839839900243,True,trending,91346.48,997.7795607409098,824.2784399877963,0.001899373908585349,0.0,0.0,824.2784399877963,0.001899373908585349
2025-03-06 09:00:00,0.7984684200018812,0.03992342100009405,True,trending,91156.08,997.2846008042853,957.4642652731347,0.0004368368575211948,0.0,0.0,957.4642652731347,0.0004368368575211948
2025-03-06 10:00:00,0.4104804712619341,0.03992342100009405,False,trending,90752.14,997.1081449240583,957.4642652731347,0.0004368368575211948,0.0,0.0,957.4642652731347,0.0004368368575211948
2025-03-06 11:00:00,6.381076546139874,0.3190538273069936,True,trending,91290.88,997.0651593773391,679.1372299330133,0.003482581496030335,0.0,0.0,679.1372299330133,0.003482581496030335
2025-03-06 12:00:00,8.33631202085956,0.416815601042978,True,trending,91350.0,997.1735052831068,581.5929176555227,0.004549322250986143,0.0,0.0,581.5929176555227,0.004549322250986143
2025-03-06 13:00:00,2.970405124014161,0.14852025620070797,True,trending,90102.02,991.2333962220712,843.9761500273435,0.0016343390103210525,0.0,0.0,843.9761500273435,0.0016343390103210525
2025-03-06 14:00:00,-0.20999631831693882,-0.010499815915846922,True,trending,89569.13,990.205688359922,1000.6043120196068,0.0,0.0,0.00011609606635327263,1000.6043120196068,-0.00011609606635327263
2025-03-06 15:00:00,0.21529852343516057,-0.010499815915846922,False,trending,89803.99,990.1784220377782,1000.6043120196068,0.0,0.0,0.00011609606635327263,1000.6043120196068,-0.00011609606635327263
2025-03-06 16:00:00,3.4709447270519838,0.17354723635259917,True,trending,90820.69,989.8780104437699,818.2275886727475,0.0018899924870756037,0.0,0.0,818.2275886727475,0.0018899924870756037
2025-03-06 17:00:00,-3.391539081310849,-0.16957695406554252,True,trending,89316.02,986.6980105890436,1154.07626301169,0.0,0.0,0.0018740003464400477,1154.07626301169,-0.0018740003464400477
2025-03-06 18:00:00,-4.249588056166322,-0.16957695406554252,False,trending,88628.01,987.9873415673978,1154.07626301169,0.0,0.0,0.0018740003464400477,1154.07626301169,-0.0018740003464400477
2025-03-06 19:00:00,-3.7052963839525317,-0.16957695406554252,False,trending,88428.41,988.3613920365473,1154.07626301169,0.0,0.0,0.0018740003464400477,1154.07626301169,-0.0018740003464400477
2025-03-06 20:00:00,0.0,0.0,True,unknown,88526.18,988.0121068665308,988.0121068665308,0.0,0.0,0.0,988.0121068665308,0.0
2025-03-06 21:00:00,0.0,0.0,False,unknown,89045.44,988.0121068665308,988.0121068665308,0.0,0.0,0.0,988.0121068665308,0.0
2025-03-06 22:00:00,0.0,0.0,False,unknown,89939.0,988.0121068665308,988.0121068665308,0.0,0.0,0.0,988.0121068665308,0.0
2025-03-06 23:00:00,0.0,0.0,False,unknown,90313.66,988.0121068665308,988.0121068665308,0.0,0.0,0.0,988.0121068665308,0.0
2025-03-07 00:00:00,0.0,0.0,False,unknown,89931.89,988.0121068665308,988.0121068665308,0.0,0.0,0.0,988.0121068665308,0.0
2025-03-07 01:00:00,0.0,0.0,False,unknown,85529.22,988.0121068665308,988.0121068665308,0.0,0.0,0.0,988.0121068665308,0.0
2025-03-07 02:00:00,0.0,0.0,False,unknown,88263.85,988.0121068665308,988.0121068665308,0.0,0.0,0.0,988.0121068665308,0.0
2025-03-07 03:00:00,0.0,0.0,False,unknown,87235.0,988.0121068665308,988.0121068665308,0.0,0.0,0.0,988.0121068665308,0.0
2025-03-07 04:00:00,0.0,0.0,False,unknown,86991.25,988.0121068665308,988.0121068665308,0.0,0.0,0.0,988.0121068665308,0.0
2025-03-07 05:00:00,0.0,0.0,False,unknown,87636.41,988.0121068665308,988.0121068665308,0.0,0.0,0.0,988.0121068665308,0.0
2025-03-07 06:00:00,0.0,0.0,False,unknown,88221.21,988.0121068665308,988.0121068665308,0.0,0.0,0.0,988.0121068665308,0.0
2025-03-07 07:00:00,0.0,0.0,False,unknown,88208.23,988.0121068665308,988.0121068665308,0.0,0.0,0.0,988.0121068665308,0.0
2025-03-07 08:00:00,0.0,0.0,False,unknown,88365.18,988.0121068665308,988.0121068665308,0.0,0.0,0.0,988.0121068665308,0.0
2025-03-07 09:00:00,0.0,0.0,False,unknown,88365.78,988.0121068665308,988.0121068665308,0.0,0.0,0.0,988.0121068665308,0.0
2025-03-07 10:00:00,0.0,0.0,False,unknown,88933.7,988.0121068665308,988.0121068665308,0.0,0.0,0.0,988.0121068665308,0.0
2025-03-07 11:00:00,0.0,0.0,False,unknown,89263.4,988.0121068665308,988.0121068665308,0.0,0.0,0.0,988.0121068665308,0.0
2025-03-07 12:00:00,0.0,0.0,False,unknown,88966.96,988.0121068665308,988.0121068665308,0.0,0.0,0.0,988.0121068665308,0.0
2025-03-07 13:00:00,0.0,0.0,False,unknown,89051.13,988.0121068665308,988.0121068665308,0.0,0.0,0.0,988.0121068665308,0.0
2025-03-07 14:00:00,0.0,0.0,False,unknown,89135.98,988.0121068665308,988.0121068665308,0.0,0.0,0.0,988.0121068665308,0.0
2025-03-07 15:00:00,0.0,0.0,False,unknown,90440.74,988.0121068665308,988.0121068665308,0.0,0.0,0.0,988.0121068665308,0.0
2025-03-07 16:00:00,0.0,0.0,False,unknown,88457.99,988.0121068665308,988.0121068665308,0.0,0.0,0.0,988.0121068665308,0.0
2025-03-07 17:00:00,0.0,0.0,False,unknown,87237.37,988.0121068665308,988.0121068665308,0.0,0.0,0.0,988.0121068665308,0.0
2025-03-07 18:00:00,0.0,0.0,False,unknown,87685.99,988.0121068665308,988.0121068665308,0.0,0.0,0.0,988.0121068665308,0.0
2025-03-07 19:00:00,0.0,0.0,False,unknown,88589.33,988.0121068665308,988.0121068665308,0.0,0.0,0.0,988.0121068665308,0.0
2025-03-07 20:00:00,0.0,0.0,False,unknown,87820.1,988.0121068665308,988.0121068665308,0.0,0.0,0.0,988.0121068665308,0.0
2025-03-07 21:00:00,0.0,0.0,False,unknown,86987.72,988.0121068665308,988.0121068665308,0.0,0.0,0.0,988.0121068665308,0.0
2025-03-07 22:00:00,0.0,0.0,False,unknown,86314.63,988.0121068665308,988.0121068665308,0.0,0.0,0.0,988.0121068665308,0.0
2025-03-07 23:00:00,0.0,0.0,False,unknown,86745.15,988.0121068665308,988.0121068665308,0.0,0.0,0.0,988.0121068665308,0.0
2025-03-08 00:00:00,0.0,0.0,False,unknown,86801.75,988.0121068665308,988.0121068665308,0.0,0.0,0.0,988.0121068665308,0.0
2025-03-08 01:00:00,0.0,0.0,False,unknown,86726.8,988.0121068665308,988.0121068665308,0.0,0.0,0.0,988.0121068665308,0.0
2025-03-08 02:00:00,0.0,0.0,False,unknown,86105.99,988.0121068665308,988.0121068665308,0.0,0.0,0.0,988.0121068665308,0.0
2025-03-08 03:00:00,0.0,0.0,False,unknown,86180.19,988.0121068665308,988.0121068665308,0.0,0.0,0.0,988.0121068665308,0.0
2025-03-08 04:00:00,0.0,0.0,False,unknown,85919.12,988.0121068665308,988.0121068665308,0.0,0.0,0.0,988.0121068665308,0.0
2025-03-08 05:00:00,0.0,0.0,False,unknown,86444.53,988.0121068665308,988.0121068665308,0.0,0.0,0.0,988.0121068665308,0.0
2025-03-08 06:00:00,0.0,0.0,False,unknown,86279.12,988.0121068665308,988.0121068665308,0.0,0.0,0.0,988.0121068665308,0.0
2025-03-08 07:00:00,0.0,0.0,False,unknown,86465.0,988.0121068665308,988.0121068665308,0.0,0.0,0.0,988.0121068665308,0.0
2025-03-08 08:00:00,0.0,0.0,False,unknown,86197.14,988.0121068665308,988.0121068665308,0.0,0.0,0.0,988.0121068665308,0.0
2025-03-08 09:00:00,0.0,0.0,False,unknown,86071.57,988.0121068665308,988.0121068665308,0.0,0.0,0.0,988.0121068665308,0.0
2025-03-08 10:00:00,0.0,0.0,False,unknown,85943.28,988.0121068665308,988.0121068665308,0.0,0.0,0.0,988.0121068665308,0.0
2025-03-08 11:00:00,0.0,0.0,False,unknown,86123.19,988.0121068665308,988.0121068665308,0.0,0.0,0.0,988.0121068665308,0.0
2025-03-08 12:00:00,0.0,0.0,False,unknown,85955.88,988.0121068665308,988.0121068665308,0.0,0.0,0.0,988.0121068665308,0.0
2025-03-08 13:00:00,0.0,0.0,False,unknown,86209.72,988.0121068665308,988.0121068665308,0.0,0.0,0.0,988.0121068665308,0.0
2025-03-08 14:00:00,0.0,0.0,False,unknown,86327.96,988.0121068665308,988.0121068665308,0.0,0.0,0.0,988.0121068665308,0.0
2025-03-08 15:00:00,0.0,0.0,False,unknown,86361.69,988.0121068665308,988.0121068665308,0.0,0.0,0.0,988.0121068665308,0.0
2025-03-08 16:00:00,0.0,0.0,False,unknown,86400.0,988.0121068665308,988.0121068665308,0.0,0.0,0.0,988.0121068665308,0.0
2025-03-08 17:00:00,0.0,0.0,False,unknown,86148.09,988.0121068665308,988.0121068665308,0.0,0.0,0.0,988.0121068665308,0.0
2025-03-08 18:00:00,0.0,0.0,False,unknown,85943.08,988.0121068665308,988.0121068665308,0.0,0.0,0.0,988.0121068665308,0.0
2025-03-08 19:00:00,0.0,0.0,False,unknown,86044.02,988.0121068665308,988.0121068665308,0.0,0.0,0.0,988.0121068665308,0.0
2025-03-08 20:00:00,0.0,0.0,False,unknown,86233.52,988.0121068665308,988.0121068665308,0.0,0.0,0.0,988.0121068665308,0.0
2025-03-08 21:00:00,0.0,0.0,False,unknown,86281.39,988.0121068665308,988.0121068665308,0.0,0.0,0.0,988.0121068665308,0.0
2025-03-08 22:00:00,0.0,0.0,False,unknown,86228.16,988.0121068665308,988.0121068665308,0.0,0.0,0.0,988.0121068665308,0.0
2025-03-08 23:00:00,0.0,0.0,False,unknown,86350.0,988.0121068665308,988.0121068665308,0.0,0.0,0.0,988.0121068665308,0.0
2025-03-09 00:00:00,0.0,0.0,False,unknown,86222.45,988.0121068665308,988.0121068665308,0.0,0.0,0.0,988.0121068665308,0.0
2025-03-09 01:00:00,0.0,0.0,False,unknown,86416.12,988.0121068665308,988.0121068665308,0.0,0.0,0.0,988.0121068665308,0.0
2025-03-09 02:00:00,0.0,0.0,False,unknown,86198.39,988.0121068665308,988.0121068665308,0.0,0.0,0.0,988.0121068665308,0.0
2025-03-09 03:00:00,0.0,0.0,False,unknown,86003.33,988.0121068665308,988.0121068665308,0.0,0.0,0.0,988.0121068665308,0.0
2025-03-09 04:00:00,0.0,0.0,False,unknown,86115.71,988.0121068665308,988.0121068665308,0.0,0.0,0.0,988.0121068665308,0.0
2025-03-09 05:00:00,0.0,0.0,False,unknown,86053.74,988.0121068665308,988.0121068665308,0.0,0.0,0.0,988.0121068665308,0.0
2025-03-09 06:00:00,0.0,0.0,False,unknown,86034.01,988.0121068665308,988.0121068665308,0.0,0.0,0.0,988.0121068665308,0.0
2025-03-09 07:00:00,0.0,0.0,False,unknown,85910.0,988.0121068665308,988.0121068665308,0.0,0.0,0.0,988.0121068665308,0.0
2025-03-09 08:00:00,0.0,0.0,False,unknown,86004.61,988.0121068665308,988.0121068665308,0.0,0.0,0.0,988.0121068665308,0.0
2025-03-09 09:00:00,0.0,0.0,False,unknown,85792.0,988.0121068665308,988.0121068665308,0.0,0.0,0.0,988.0121068665308,0.0
2025-03-09 10:00:00,0.0,0.0,False,unknown,85564.0,988.0121068665308,988.0121068665308,0.0,0.0,0.0,988.0121068665308,0.0
2025-03-09 11:00:00,0.0,0.0,False,unknown,84844.1,988.0121068665308,988.0121068665308,0.0,0.0,0.0,988.0121068665308,0.0
2025-03-09 12:00:00,0.0,0.0,False,unknown,85024.01,988.0121068665308,988.0121068665308,0.0,0.0,0.0,988.0121068665308,0.0
2025-03-09 13:00:00,0.0,0.0,False,unknown,84599.99,988.0121068665308,988.0121068665308,0.0,0.0,0.0,988.0121068665308,0.0
2025-03-09 14:00:00,0.0,0.0,False,unknown,83489.95,988.0121068665308,988.0121068665308,0.0,0.0,0.0,988.0121068665308,0.0
2025-03-09 15:00:00,0.0,0.0,False,unknown,83602.57,988.0121068665308,988.0121068665308,0.0,0.0,0.0,988.0121068665308,0.0
2025-03-09 16:00:00,0.0,0.0,False,unknown,83080.41,988.0121068665308,988.0121068665308,0.0,0.0,0.0,988.0121068665308,0.0
2025-03-09 17:00:00,0.0,0.0,False,unknown,82496.01,988.0121068665308,988.0121068665308,0.0,0.0,0.0,988.0121068665308,0.0
2025-03-09 18:00:00,0.0,0.0,False,unknown,82366.0,988.0121068665308,988.0121068665308,0.0,0.0,0.0,988.0121068665308,0.0
2025-03-09 19:00:00,0.0,0.0,False,unknown,82670.0,988.0121068665308,988.0121068665308,0.0,0.0,0.0,988.0121068665308,0.0
2025-03-09 20:00:00,0.0,0.0,False,unknown,82640.86,988.0121068665308,988.0121068665308,0.0,0.0,0.0,988.0121068665308,0.0
2025-03-09 21:00:00,0.0,0.0,False,unknown,83083.15,988.0121068665308,988.0121068665308,0.0,0.0,0.0,988.0121068665308,0.0
2025-03-09 22:00:00,0.0,0.0,False,unknown,81845.11,988.0121068665308,988.0121068665308,0.0,0.0,0.0,988.0121068665308,0.0
2025-03-09 23:00:00,0.0,0.0,False,unknown,80358.19,988.0121068665308,988.0121068665308,0.0,0.0,0.0,988.0121068665308,0.0
2025-03-10 00:00:00,0.0,0.0,False,unknown,80734.37,988.0121068665308,988.0121068665308,0.0,0.0,0.0,988.0121068665308,0.0
2025-03-10 01:00:00,0.0,0.0,False,unknown,81292.0,988.0121068665308,988.0121068665308,0.0,0.0,0.0,988.0121068665308,0.0
2025-03-10 02:00:00,0.0,0.0,False,unknown,81766.01,988.0121068665308,988.0121068665308,0.0,0.0,0.0,988.0121068665308,0.0
2025-03-10 03:00:00,0.0,0.0,False,unknown,82198.12,988.0121068665308,988.0121068665308,0.0,0.0,0.0,988.0121068665308,0.0
2025-03-10 04:00:00,0.0,0.0,False,unknown,82047.49,988.0121068665308,988.0121068665308,0.0,0.0,0.0,988.0121068665308,0.0
2025-03-10 05:00:00,0.0,0.0,False,unknown,82634.05,988.0121068665308,988.0121068665308,0.0,0.0,0.0,988.0121068665308,0.0
2025-03-10 06:00:00,0.0,0.0,False,unknown,82308.52,988.0121068665308,988.0121068665308,0.0,0.0,0.0,988.0121068665308,0.0
2025-03-10 07:00:00,0.0,0.0,False,unknown,82332.67,988.0121068665308,988.0121068665308,0.0,0.0,0.0,988.0121068665308,0.0
2025-03-10 08:00:00,0.0,0.0,False,unknown,82318.77,988.0121068665308,988.0121068665308,0.0,0.0,0.0,988.0121068665308,0.0
2025-03-10 09:00:00,0.0,0.0,False,unknown,81350.46,988.0121068665308,988.0121068665308,0.0,0.0,0.0,988.0121068665308,0.0
2025-03-10 10:00:00,0.0,0.0,False,unknown,82514.26,988.0121068665308,988.0121068665308,0.0,0.0,0.0,988.0121068665308,0.0
2025-03-10 11:00:00,0.0,0.0,False,unknown,82288.19,988.0121068665308,988.0121068665308,0.0,0.0,0.0,988.0121068665308,0.0
2025-03-10 12:00:00,0.0,0.0,False,unknown,83582.0,988.0121068665308,988.0121068665308,0.0,0.0,0.0,988.0121068665308,0.0
2025-03-10 13:00:00,0.0,0.0,False,unknown,83248.12,988.0121068665308,988.0121068665308,0.0,0.0,0.0,988.0121068665308,0.0
2025-03-10 14:00:00,0.0,0.0,False,unknown,81528.94,988.0121068665308,988.0121068665308,0.0,0.0,0.0,988.0121068665308,0.0
2025-03-10 15:00:00,0.0,0.0,False,unknown,79847.08,988.0121068665308,988.0121068665308,0.0,0.0,0.0,988.0121068665308,0.0
2025-03-10 16:00:00,0.0,0.0,False,unknown,80043.85,988.0121068665308,988.0121068665308,0.0,0.0,0.0,988.0121068665308,0.0
2025-03-10 17:00:00,0.0,0.0,False,unknown,79009.98,988.0121068665308,988.0121068665308,0.0,0.0,0.0,988.0121068665308,0.0
2025-03-10 18:00:00,0.0,0.0,False,unknown,78459.91,988.0121068665308,988.0121068665308,0.0,0.0,0.0,988.0121068665308,0.0
2025-03-10 19:00:00,0.0,0.0,False,unknown,77655.26,988.0121068665308,988.0121068665308,0.0,0.0,0.0,988.0121068665308,0.0
2025-03-10 20:00:00,0.0,0.0,False,unknown,79060.84,988.0121068665308,988.0121068665308,0.0,0.0,0.0,988.0121068665308,0.0
2025-03-10 21:00:00,0.0,0.0,False,unknown,79304.98,988.0121068665308,988.0121068665308,0.0,0.0,0.0,988.0121068665308,0.0
2025-03-10 22:00:00,0.0,0.0,False,unknown,79565.81,988.0121068665308,988.0121068665308,0.0,0.0,0.0,988.0121068665308,0.0
2025-03-10 23:00:00,0.0,0.0,False,unknown,79502.36,988.0121068665308,988.0121068665308,0.0,0.0,0.0,988.0121068665308,0.0
2025-03-11 00:00:00,0.0,0.0,False,unknown,78595.86,988.0121068665308,988.0121068665308,0.0,0.0,0.0,988.0121068665308,0.0
2025-03-11 01:00:00,0.0,0.0,False,unknown,77673.6,988.0121068665308,988.0121068665308,0.0,0.0,0.0,988.0121068665308,0.0
2025-03-11 02:00:00,0.0,0.0,False,unknown,79130.66,988.0121068665308,988.0121068665308,0.0,0.0,0.0,988.0121068665308,0.0
2025-03-11 03:00:00,0.0,0.0,False,unknown,79354.53,988.0121068665308,988.0121068665308,0.0,0.0,0.0,988.0121068665308,0.0
2025-03-11 04:00:00,0.0,0.0,False,unknown,79522.29,988.0121068665308,988.0121068665308,0.0,0.0,0.0,988.0121068665308,0.0
2025-03-11 05:00:00,0.0,0.0,False,unknown,79759.91,988.0121068665308,988.0121068665308,0.0,0.0,0.0,988.0121068665308,0.0
2025-03-11 06:00:00,0.0,0.0,False,unknown,80261.78,988.0121068665308,988.0121068665308,0.0,0.0,0.0,988.0121068665308,0.0
2025-03-11 07:00:00,0.0,0.0,False,unknown,80099.33,988.0121068665308,988.0121068665308,0.0,0.0,0.0,988.0121068665308,0.0
2025-03-11 08:00:00,0.0,0.0,False,unknown,80424.95,988.0121068665308,988.0121068665308,0.0,0.0,0.0,988.0121068665308,0.0
2025-03-11 09:00:00,0.0,0.0,False,unknown,81131.16,988.0121068665308,988.0121068665308,0.0,0.0,0.0,988.0121068665308,0.0
2025-03-11 10:00:00,0.0,0.0,False,unknown,81460.39,988.0121068665308,988.0121068665308,0.0,0.0,0.0,988.0121068665308,0.0
2025-03-11 11:00:00,0.0,0.0,False,unknown,81808.26,988.0121068665308,988.0121068665308,0.0,0.0,0.0,988.0121068665308,0.0
2025-03-11 12:00:00,0.0,0.0,False,unknown,81720.34,988.0121068665308,988.0121068665308,0.0,0.0,0.0,988.0121068665308,0.0
2025-03-11 13:00:00,0.0,0.0,False,unknown,81225.5,988.0121068665308,988.0121068665308,0.0,0.0,0.0,988.0121068665308,0.0
2025-03-11 14:00:00,0.0,0.0,False,unknown,80898.49,988.0121068665308,988.0121068665308,0.0,0.0,0.0,988.0121068665308,0.0
2025-03-11 15:00:00,0.0,0.0,False,unknown,79773.04,988.0121068665308,988.0121068665308,0.0,0.0,0.0,988.0121068665308,0.0
2025-03-11 16:00:00,0.0,0.0,False,unknown,81232.24,988.0121068665308,988.0121068665308,0.0,0.0,0.0,988.0121068665308,0.0
2025-03-11 17:00:00,0.0,0.0,False,unknown,81386.8,988.0121068665308,988.0121068665308,0.0,0.0,0.0,988.0121068665308,0.0
2025-03-11 18:00:00,0.0,0.0,False,unknown,81305.57,988.0121068665308,988.0121068665308,0.0,0.0,0.0,988.0121068665308,0.0
2025-03-11 19:00:00,0.0,0.0,False,unknown,83280.94,988.0121068665308,988.0121068665308,0.0,0.0,0.0,988.0121068665308,0.0
2025-03-11 20:00:00,0.0,0.0,False,unknown,83104.01,988.0121068665308,988.0121068665308,0.0,0.0,0.0,988.0121068665308,0.0
2025-03-11 21:00:00,0.0,0.0,False,unknown,82799.68,988.0121068665308,988.0121068665308,0.0,0.0,0.0,988.0121068665308,0.0
2025-03-11 22:00:00,0.0,0.0,False,unknown,83110.72,988.0121068665308,988.0121068665308,0.0,0.0,0.0,988.0121068665308,0.0
2025-03-11 23:00:00,0.0,0.0,False,unknown,83133.48,988.0121068665308,988.0121068665308,0.0,0.0,0.0,988.0121068665308,0.0
2025-03-12 00:00:00,0.0,0.0,False,unknown,82932.99,988.0121068665308,988.0121068665308,0.0,0.0,0.0,988.0121068665308,0.0
2025-03-12 01:00:00,0.0,0.0,False,unknown,82765.52,988.0121068665308,988.0121068665308,0.0,0.0,0.0,988.0121068665308,0.0
2025-03-12 02:00:00,0.0,0.0,False,unknown,83313.6,988.0121068665308,988.0121068665308,0.0,0.0,0.0,988.0121068665308,0.0
2025-03-12 03:00:00,0.0,0.0,False,unknown,82430.79,988.0121068665308,988.0121068665308,0.0,0.0,0.0,988.0121068665308,0.0
2025-03-12 04:00:00,0.0,0.0,False,unknown,82127.72,988.0121068665308,988.0121068665308,0.0,0.0,0.0,988.0121068665308,0.0
2025-03-12 05:00:00,0.0,0.0,False,unknown,81811.05,988.0121068665308,988.0121068665308,0.0,0.0,0.0,988.0121068665308,0.0
2025-03-12 06:00:00,0.0,0.0,False,unknown,81987.43,988.0121068665308,988.0121068665308,0.0,0.0,0.0,988.0121068665308,0.0
2025-03-12 07:00:00,0.0,0.0,False,unknown,81425.98,988.0121068665308,988.0121068665308,0.0,0.0,0.0,988.0121068665308,0.0
2025-03-12 08:00:00,0.0,0.0,False,unknown,82447.79,988.0121068665308,988.0121068665308,0.0,0.0,0.0,988.0121068665308,0.0
2025-03-12 09:00:00,0.0,0.0,False,unknown,82689.67,988.0121068665308,988.0121068665308,0.0,0.0,0.0,988.0121068665308,0.0
2025-03-12 10:00:00,0.0,0.0,False,unknown,82680.06,988.0121068665308,988.0121068665308,0.0,0.0,0.0,988.0121068665308,0.0
2025-03-12 11:00:00,0.0,0.0,False,unknown,82492.67,988.0121068665308,988.0121068665308,0.0,0.0,0.0,988.0121068665308,0.0
2025-03-12 12:00:00,0.0,0.0,False,unknown,83004.45,988.0121068665308,988.0121068665308,0.0,0.0,0.0,988.0121068665308,0.0
2025-03-12 13:00:00,0.0,0.0,False,unknown,84069.0,988.0121068665308,988.0121068665308,0.0,0.0,0.0,988.0121068665308,0.0
2025-03-12 14:00:00,0.0,0.0,False,unknown,82686.27,988.0121068665308,988.0121068665308,0.0,0.0,0.0,988.0121068665308,0.0
2025-03-12 15:00:00,0.0,0.0,False,unknown,81535.72,988.0121068665308,988.0121068665308,0.0,0.0,0.0,988.0121068665308,0.0
2025-03-12 16:00:00,0.0,0.0,False,unknown,81738.97,988.0121068665308,988.0121068665308,0.0,0.0,0.0,988.0121068665308,0.0
2025-03-12 17:00:00,0.0,0.0,False,unknown,81970.76,988.0121068665308,988.0121068665308,0.0,0.0,0.0,988.0121068665308,0.0
2025-03-12 18:00:00,0.0,0.0,False,unknown,81844.41,988.0121068665308,988.0121068665308,0.0,0.0,0.0,988.0121068665308,0.0
2025-03-12 19:00:00,-3.8330987341156924,-0.1916549367057847,True,trending,82628.68,987.8227494687246,1177.1801472747786,0.0,0.0,0.002291666740967591,1177.1801472747786,-0.002291666740967591
2025-03-12 20:00:00,0.27227089487494993,0.013613544743747541,True,trending,82915.93,986.9608235047621,973.5354546551765,0.00016191543470097435,0.0,0.0,973.5354546551765,0.00016191543470097435
2025-03-12 21:00:00,1.7699228891150496,0.0884961444557526,True,trending,83124.95,986.920781058703,899.6494444349344,0.001049881372846163,0.0,0.0,899.6494444349344,0.001049881372846163
2025-03-12 22:00:00,0.40008841905703263,0.020004420952851598,True,trending,83093.69,986.8204653718764,967.0783431513878,0.00023758870523728746,0.0,0.0,967.0783431513878,0.00023758870523728746
2025-03-12 23:00:00,10.358160628610811,0.5179080314305406,True,trending,83651.15,986.4616353003714,475.802072024863,0.006104632910312751,0.0,0.0,475.802072024863,0.006104632910312751
2025-03-13 00:00:00,11.487414917678539,0.5743707458839269,True,trending,83680.12,986.5826266468564,419.94220309792405,0.00677150586721114,0.0,0.0,419.94220309792405,0.00677150586721114
2025-03-13 01:00:00,0.0,0.0,True,unknown,83444.88,984.424650112145,984.424650112145,0.0,0.0,0.0,984.424650112145,0.0
2025-03-13 02:00:00,13.70079606130404,0.6850398030652021,True,trending,83919.68,983.7502800436995,310.0545816667907,0.008027863051633525,0.0,0.0,310.0545816667907,0.008027863051633525
2025-03-13 03:00:00,12.136687676538966,0.6068343838269485,True,trending,83785.58,982.5974446622395,386.2772289566694,0.007117217732521158,0.0,0.0,386.2772289566694,0.007117217732521158
2025-03-13 04:00:00,0.0,0.0,True,unknown,83577.14,980.5190950952315,980.5190950952315,0.0,0.0,0.0,980.5190950952315,0.0
2025-03-13 05:00:00,0.0,0.0,False,unknown,83286.63,980.5190950952315,980.5190950952315,0.0,0.0,0.0,980.5190950952315,0.0
2025-03-13 06:00:00,0.0,0.0,False,unknown,83157.16,980.5190950952315,980.5190950952315,0.0,0.0,0.0,980.5190950952315,0.0
2025-03-13 07:00:00,0.0,0.0,False,unknown,83292.6,980.5190950952315,980.5190950952315,0.0,0.0,0.0,980.5190950952315,0.0
2025-03-13 08:00:00,0.0,0.0,False,unknown,83151.99,980.5190950952315,980.5190950952315,0.0,0.0,0.0,980.5190950952315,0.0
2025-03-13 09:00:00,0.0,0.0,False,unknown,82973.35,980.5190950952315,980.5190950952315,0.0,0.0,0.0,980.5190950952315,0.0
2025-03-13 10:00:00,0.0,0.0,False,unknown,83426.87,980.5190950952315,980.5190950952315,0.0,0.0,0.0,980.5190950952315,0.0
2025-03-13 11:00:00,0.0,0.0,False,unknown,83191.67,980.5190950952315,980.5190950952315,0.0,0.0,0.0,980.5190950952315,0.0
2025-03-13 12:00:00,0.0,0.0,False,unknown,82975.86,980.5190950952315,980.5190950952315,0.0,0.0,0.0,980.5190950952315,0.0
2025-03-13 13:00:00,0.0,0.0,False,unknown,82517.99,980.5190950952315,980.5190950952315,0.0,0.0,0.0,980.5190950952315,0.0
2025-03-13 14:00:00,0.0,0.0,False,unknown,81777.15,980.5190950952315,980.5190950952315,0.0,0.0,0.0,980.5190950952315,0.0
2025-03-13 15:00:00,0.0,0.0,False,unknown,82009.5,980.5190950952315,980.5190950952315,0.0,0.0,0.0,980.5190950952315,0.0
2025-03-13 16:00:00,0.0,0.0,False,unknown,81044.72,980.5190950952315,980.5190950952315,0.0,0.0,0.0,980.5190950952315,0.0
2025-03-13 17:00:00,0.0,0.0,False,unknown,80876.36,980.5190950952315,980.5190950952315,0.0,0.0,0.0,980.5190950952315,0.0
2025-03-13 18:00:00,0.0,0.0,False,unknown,80064.0,980.5190950952315,980.5190950952315,0.0,0.0,0.0,980.5190950952315,0.0
2025-03-13 19:00:00,0.0,0.0,False,unknown,80820.05,980.5190950952315,980.5190950952315,0.0,0.0,0.0,980.5190950952315,0.0
2025-03-13 20:00:00,0.0,0.0,False,unknown,80211.4,980.5190950952315,980.5190950952315,0.0,0.0,0.0,980.5190950952315,0.0
2025-03-13 21:00:00,0.0,0.0,False,unknown,80379.05,980.5190950952315,980.5190950952315,0.0,0.0,0.0,980.5190950952315,0.0
2025-03-13 22:00:00,0.0,0.0,False,unknown,80819.99,980.5190950952315,980.5190950952315,0.0,0.0,0.0,980.5190950952315,0.0
2025-03-13 23:00:00,0.0,0.0,False,unknown,81395.54,980.5190950952315,980.5190950952315,0.0,0.0,0.0,980.5190950952315,0.0
2025-03-14 00:00:00,0.0,0.0,False,unknown,81115.78,980.5190950952315,980.5190950952315,0.0,0.0,0.0,980.5190950952315,0.0
2025-03-14 01:00:00,0.0,0.0,False,unknown,81503.31,980.5190950952315,980.5190950952315,0.0,0.0,0.0,980.5190950952315,0.0
2025-03-14 02:00:00,0.0,0.0,False,unknown,81603.08,980.5190950952315,980.5190950952315,0.0,0.0,0.0,980.5190950952315,0.0
2025-03-14 03:00:00,0.0,0.0,False,unknown,82226.98,980.5190950952315,980.5190950952315,0.0,0.0,0.0,980.5190950952315,0.0
2025-03-14 04:00:00,0.0,0.0,False,unknown,81888.77,980.5190950952315,980.5190950952315,0.0,0.0,0.0,980.5190950952315,0.0
2025-03-14 05:00:00,0.0,0.0,False,unknown,81948.16,980.5190950952315,980.5190950952315,0.0,0.0,0.0,980.5190950952315,0.0
2025-03-14 06:00:00,0.0,0.0,False,unknown,82141.96,980.5190950952315,980.5190950952315,0.0,0.0,0.0,980.5190950952315,0.0
2025-03-14 07:00:00,0.0,0.0,False,unknown,82038.09,980.5190950952315,980.5190950952315,0.0,0.0,0.0,980.5190950952315,0.0
2025-03-14 08:00:00,0.0,0.0,False,unknown,82170.85,980.5190950952315,980.5190950952315,0.0,0.0,0.0,980.5190950952315,0.0
2025-03-14 09:00:00,0.0,0.0,False,unknown,82593.44,980.5190950952315,980.5190950952315,0.0,0.0,0.0,980.5190950952315,0.0
2025-03-14 10:00:00,0.0,0.0,False,unknown,82776.5,980.5190950952315,980.5190950952315,0.0,0.0,0.0,980.5190950952315,0.0
2025-03-14 11:00:00,0.0,0.0,False,unknown,83042.22,980.5190950952315,980.5190950952315,0.0,0.0,0.0,980.5190950952315,0.0
2025-03-14 12:00:00,0.0,0.0,False,unknown,83253.15,980.5190950952315,980.5190950952315,0.0,0.0,0.0,980.5190950952315,0.0
2025-03-14 13:00:00,0.0,0.0,False,unknown,83420.87,980.5190950952315,980.5190950952315,0.0,0.0,0.0,980.5190950952315,0.0
2025-03-14 14:00:00,0.0,0.0,False,unknown,83602.16,980.5190950952315,980.5190950952315,0.0,0.0,0.0,980.5190950952315,0.0
2025-03-14 15:00:00,0.0,0.0,False,unknown,83524.8,980.5190950952315,980.5190950952315,0.0,0.0,0.0,980.5190950952315,0.0
2025-03-14 16:00:00,0.0,0.0,False,unknown,84724.58,980.5190950952315,980.5190950952315,0.0,0.0,0.0,980.5190950952315,0.0
2025-03-14 17:00:00,0.0,0.0,False,unknown,84787.37,980.5190950952315,980.5190950952315,0.0,0.0,0.0,980.5190950952315,0.0
2025-03-14 18:00:00,0.0,0.0,False,unknown,84365.18,980.5190950952315,980.5190950952315,0.0,0.0,0.0,980.5190950952315,0.0
2025-03-14 19:00:00,0.0,0.0,False,unknown,84570.54,980.5190950952315,980.5190950952315,0.0,0.0,0.0,980.5190950952315,0.0
2025-03-14 20:00:00,0.0,0.0,False,unknown,84554.0,980.5190950952315,980.5190950952315,0.0,0.0,0.0,980.5190950952315,0.0
2025-03-14 21:00:00,0.0,0.0,False,unknown,84127.2,980.5190950952315,980.5190950952315,0.0,0.0,0.0,980.5190950952315,0.0
2025-03-14 22:00:00,0.0,0.0,False,unknown,84205.79,980.5190950952315,980.5190950952315,0.0,0.0,0.0,980.5190950952315,0.0
2025-03-14 23:00:00,0.0,0.0,False,unknown,84438.06,980.5190950952315,980.5190950952315,0.0,0.0,0.0,980.5190950952315,0.0
2025-03-15 00:00:00,0.0,0.0,False,unknown,83983.2,980.5190950952315,980.5190950952315,0.0,0.0,0.0,980.5190950952315,0.0
2025-03-15 01:00:00,0.0,0.0,False,unknown,84297.14,980.5190950952315,980.5190950952315,0.0,0.0,0.0,980.5190950952315,0.0
2025-03-15 02:00:00,0.0,0.0,False,unknown,84353.85,980.5190950952315,980.5190950952315,0.0,0.0,0.0,980.5190950952315,0.0
2025-03-15 03:00:00,0.0,0.0,False,unknown,84557.95,980.5190950952315,980.5190950952315,0.0,0.0,0.0,980.5190950952315,0.0
2025-03-15 04:00:00,0.0,0.0,False,unknown,84491.99,980.5190950952315,980.5190950952315,0.0,0.0,0.0,980.5190950952315,0.0
2025-03-15 05:00:00,0.0,0.0,False,unknown,84456.57,980.5190950952315,980.5190950952315,0.0,0.0,0.0,980.5190950952315,0.0
2025-03-15 06:00:00,0.0,0.0,False,unknown,84266.26,980.5190950952315,980.5190950952315,0.0,0.0,0.0,980.5190950952315,0.0
2025-03-15 07:00:00,0.0,0.0,False,unknown,84183.28,980.5190950952315,980.5190950952315,0.0,0.0,0.0,980.5190950952315,0.0
2025-03-15 08:00:00,0.0,0.0,False,unknown,83827.31,980.5190950952315,980.5190950952315,0.0,0.0,0.0,980.5190950952315,0.0
2025-03-15 09:00:00,0.0,0.0,False,unknown,83891.36,980.5190950952315,980.5190950952315,0.0,0.0,0.0,980.5190950952315,0.0
2025-03-15 10:00:00,0.0,0.0,False,unknown,83966.95,980.5190950952315,980.5190950952315,0.0,0.0,0.0,980.5190950952315,0.0
2025-03-15 11:00:00,0.0,0.0,False,unknown,83912.19,980.5190950952315,980.5190950952315,0.0,0.0,0.0,980.5190950952315,0.0
2025-03-15 12:00:00,0.0,0.0,False,unknown,84103.74,980.5190950952315,980.5190950952315,0.0,0.0,0.0,980.5190950952315,0.0
2025-03-15 13:00:00,0.0,0.0,False,unknown,84136.53,980.5190950952315,980.5190950952315,0.0,0.0,0.0,980.5190950952315,0.0
2025-03-15 14:00:00,0.930153539159121,0.0,False,trending,84460.0,980.5190950952315,980.5190950952315,0.0,0.0,0.0,980.5190950952315,0.0
2025-03-15 15:00:00,-6.7587750499184445,-0.3379387524959222,True,trending,84131.75,980.1877396954367,1311.5431394903496,0.0,0.0,0.003938529744061107,1311.5431394903496,-0.003938529744061107
2025-03-15 16:00:00,-2.8761975149978287,-0.14380987574989135,True,trending,84346.02,979.1522793817101,1119.99159402377,0.0,0.0,0.0016697802058954275,1119.99159402377,-0.0016697802058954275
2025-03-15 17:00:00,4.232703630918826,0.2116351815459414,True,trending,84362.91,978.7758511665287,771.7659665199697,0.002453802087274598,0.0,0.0,771.7659665199697,0.002453802087274598
2025-03-15 18:00:00,3.662461191859113,0.2116351815459414,False,trending,84422.25,978.9214597823875,771.7659665199697,0.002453802087274598,0.0,0.0,771.7659665199697,0.002453802087274598
2025-03-15 19:00:00,-3.665856556712838,-0.18329282783564194,True,trending,84223.29,978.0472442368216,1157.3870417195214,0.0,0.0,0.00212933735410597,1157.3870417195214,-0.00212933735410597
2025-03-15 20:00:00,5.924838488224212,0.29624192441121044,True,trending,84299.98,977.4145723541689,688.0140407531595,0.003432984581977473,0.0,0.0,688.0140407531595,0.003432984581977473
2025-03-15 21:00:00,1.714253351504732,0.08571266757523643,True,trending,84389.31,977.5153367624628,893.7122410627925,0.0009930534530934111,0.0,0.0,893.7122410627925,0.0009930534530934111
2025-03-15 22:00:00,0.679000004840557,0.03395000024202788,True,trending,84388.73,977.4641448980967,944.2775185326409,0.00039325898571356487,0.0,0.0,944.2775185326409,0.00039325898571356487
2025-03-15 23:00:00,-3.367647532650862,-0.16838237663254318,True,trending,84382.65,977.2639823149265,1141.851315501238,0.0,0.0,0.0019504878453842304,1141.851315501238,-0.0019504878453842304
2025-03-16 00:00:00,-2.9835315997271836,-0.16838237663254318,False,trending,84338.44,977.3502133825709,1141.851315501238,0.0,0.0,0.0019504878453842304,1141.851315501238,-0.0019504878453842304
2025-03-16 01:00:00,-3.9048610570190494,-0.16838237663254318,False,trending,84253.52,977.5158488104009,1141.851315501238,0.0,0.0,0.0019504878453842304,1141.851315501238,-0.0019504878453842304
2025-03-16 02:00:00,-6.128025677672999,-0.30640128388364984,True,trending,83869.31,978.1290900879566,1277.8708173631246,0.0,0.0,0.0035739143111487154,1277.8708173631246,-0.0035739143111487154
2025-03-16 03:00:00,-4.438837337490632,-0.22194186687453166,True,trending,83966.05,977.7001900521981,1194.711252065138,0.0,0.0,0.0025845095965921936,1194.711252065138,-0.0025845095965921936
2025-03-16 04:00:00,9.685249466210854,0.48426247331054273,True,trending,84332.34,976.0623290435285,503.53026353123084,0.005603213020204321,0.0,0.0,503.53026353123084,0.005603213020204321
2025-03-16 05:00:00,10.527095226971326,0.48426247331054273,False,trending,84408.97,976.4917032572667,503.53026353123084,0.005603213020204321,0.0,0.0,503.53026353123084,0.005603213020204321
2025-03-16 06:00:00,9.957230407495029,0.48426247331054273,False,trending,84395.31,976.4151633674107,503.53026353123084,0.005603213020204321,0.0,0.0,503.53026353123084,0.005603213020204321
2025-03-16 07:00:00,6.2604750986325355,0.3130237549316268,True,trending,84228.0,975.3110900600469,669.9634007477612,0.003625251570882435,0.0,0.0,669.9634007477612,0.003625251570882435
2025-03-16 08:00:00,3.4741556870039534,0.17370778435019774,True,trending,84273.96,975.3416403874705,805.8935692871082,0.002010681248399414,0.0,0.0,805.8935692871082,0.002010681248399414
2025-03-16 09:00:00,3.1944785505568665,0.17370778435019774,False,trending,84268.36,975.3303805724795,805.8935692871082,0.002010681248399414,0.0,0.0,805.8935692871082,0.002010681248399414
2025-03-16 10:00:00,-11.318183292748616,-0.5659091646374308,True,trending,83897.02,973.8635181658992,1525.3893850549468,0.0,0.0,0.006573843348536666,1525.3893850549468,-0.006573843348536666
2025-03-16 11:00:00,-6.195605846218891,-0.3097802923109445,True,trending,83666.98,975.1276555499142,1277.2798451724425,0.0,0.0,0.0036113672278182897,1277.2798451724425,-0.0036113672278182897
2025-03-16 12:00:00,0.0,0.0,True,unknown,82410.02,979.3690889443646,979.3690889443646,0.0,0.0,0.0,979.3690889443646,0.0
2025-03-16 13:00:00,0.0,0.0,False,unknown,82755.89,979.3690889443646,979.3690889443646,0.0,0.0,0.0,979.3690889443646,0.0
2025-03-16 14:00:00,0.0,0.0,False,unknown,82596.1,979.3690889443646,979.3690889443646,0.0,0.0,0.0,979.3690889443646,0.0
2025-03-16 15:00:00,0.0,0.0,False,unknown,83373.16,979.3690889443646,979.3690889443646,0.0,0.0,0.0,979.3690889443646,0.0
2025-03-16 16:00:00,0.0,0.0,False,unknown,83320.83,979.3690889443646,979.3690889443646,0.0,0.0,0.0,979.3690889443646,0.0
2025-03-16 17:00:00,0.0,0.0,False,unknown,83634.53,979.3690889443646,979.3690889443646,0.0,0.0,0.0,979.3690889443646,0.0
2025-03-16 18:00:00,0.0,0.0,False,unknown,83913.22,979.3690889443646,979.3690889443646,0.0,0.0,0.0,979.3690889443646,0.0
2025-03-16 19:00:00,0.0,0.0,False,unknown,83701.75,979.3690889443646,979.3690889443646,0.0,0.0,0.0,979.3690889443646,0.0
2025-03-16 20:00:00,0.0,0.0,False,unknown,83098.47,979.3690889443646,979.3690889443646,0.0,0.0,0.0,979.3690889443646,0.0
2025-03-16 21:00:00,0.0,0.0,False,unknown,83216.98,979.3690889443646,979.3690889443646,0.0,0.0,0.0,979.3690889443646,0.0
2025-03-16 22:00:00,0.0,0.0,False,unknown,82766.52,979.3690889443646,979.3690889443646,0.0,0.0,0.0,979.3690889443646,0.0
2025-03-16 23:00:00,0.0,0.0,False,unknown,82093.71,979.3690889443646,979.3690889443646,0.0,0.0,0.0,979.3690889443646,0.0
2025-03-17 00:00:00,0.0,0.0,False,unknown,82574.53,979.3690889443646,979.3690889443646,0.0,0.0,0.0,979.3690889443646,0.0
2025-03-17 01:00:00,0.0,0.0,False,unknown,83054.91,979.3690889443646,979.3690889443646,0.0,0.0,0.0,979.3690889443646,0.0
2025-03-17 02:00:00,0.0,0.0,False,unknown,83233.8,979.3690889443646,979.3690889443646,0.0,0.0,0.0,979.3690889443646,0.0
2025-03-17 03:00:00,0.0,0.0,False,unknown,83212.51,979.3690889443646,979.3690889443646,0.0,0.0,0.0,979.3690889443646,0.0
2025-03-17 04:00:00,0.0,0.0,False,unknown,83675.65,979.3690889443646,979.3690889443646,0.0,0.0,0.0,979.3690889443646,0.0
2025-03-17 05:00:00,0.0,0.0,False,unknown,83615.53,979.3690889443646,979.3690889443646,0.0,0.0,0.0,979.3690889443646,0.0
2025-03-17 06:00:00,0.0,0.0,False,unknown,83120.0,979.3690889443646,979.3690889443646,0.0,0.0,0.0,979.3690889443646,0.0
2025-03-17 07:00:00,0.0,0.0,False,unknown,83220.91,979.3690889443646,979.3690889443646,0.0,0.0,0.0,979.3690889443646,0.0
2025-03-17 08:00:00,0.0,0.0,False,unknown,83567.87,979.3690889443646,979.3690889443646,0.0,0.0,0.0,979.3690889443646,0.0
2025-03-17 09:00:00,0.0,0.0,False,unknown,83547.17,979.3690889443646,979.3690889443646,0.0,0.0,0.0,979.3690889443646,0.0
2025-03-17 10:00:00,0.0,0.0,False,unknown,83664.31,979.3690889443646,979.3690889443646,0.0,0.0,0.0,979.3690889443646,0.0
2025-03-17 11:00:00,0.0,0.0,False,unknown,83344.34,979.3690889443646,979.3690889443646,0.0,0.0,0.0,979.3690889443646,0.0
2025-03-17 12:00:00,0.0,0.0,False,unknown,83514.73,979.3690889443646,979.3690889443646,0.0,0.0,0.0,979.3690889443646,0.0
2025-03-17 13:00:00,0.0,0.0,False,unknown,83052.0,979.3690889443646,979.3690889443646,0.0,0.0,0.0,979.3690889443646,0.0
2025-03-17 14:00:00,0.0,0.0,False,unknown,83023.38,979.3690889443646,979.3690889443646,0.0,0.0,0.0,979.3690889443646,0.0
2025-03-17 15:00:00,0.0,0.0,False,unknown,82913.03,979.3690889443646,979.3690889443646,0.0,0.0,0.0,979.3690889443646,0.0
2025-03-17 16:00:00,0.0,0.0,False,unknown,83531.06,979.3690889443646,979.3690889443646,0.0,0.0,0.0,979.3690889443646,0.0
2025-03-17 17:00:00,0.0,0.0,False,unknown,83448.86,979.3690889443646,979.3690889443646,0.0,0.0,0.0,979.3690889443646,0.0
2025-03-17 18:00:00,0.0,0.0,False,unknown,84197.46,979.3690889443646,979.3690889443646,0.0,0.0,0.0,979.3690889443646,0.0
2025-03-17 19:00:00,0.0,0.0,False,unknown,84496.58,979.3690889443646,979.3690889443646,0.0,0.0,0.0,979.3690889443646,0.0
2025-03-17 20:00:00,0.0,0.0,False,unknown,84482.55,979.3690889443646,979.3690889443646,0.0,0.0,0.0,979.3690889443646,0.0
2025-03-17 21:00:00,0.0,0.0,False,unknown,83954.36,979.3690889443646,979.3690889443646,0.0,0.0,0.0,979.3690889443646,0.0
2025-03-17 22:00:00,0.0,0.0,False,unknown,84077.8,979.3690889443646,979.3690889443646,0.0,0.0,0.0,979.3690889443646,0.0
2025-03-17 23:00:00,0.0,0.0,False,unknown,84061.19,979.3690889443646,979.3690889443646,0.0,0.0,0.0,979.3690889443646,0.0
2025-03-18 00:00:00,0.0,0.0,False,unknown,84010.03,979.3690889443646,979.3690889443646,0.0,0.0,0.0,979.3690889443646,0.0
2025-03-18 01:00:00,0.0,0.0,False,unknown,83790.24,979.3690889443646,979.3690889443646,0.0,0.0,0.0,979.3690889443646,0.0
2025-03-18 02:00:00,0.0,0.0,False,unknown,83161.97,979.3690889443646,979.3690889443646,0.0,0.0,0.0,979.3690889443646,0.0
2025-03-18 03:00:00,0.0,0.0,False,unknown,83367.64,979.3690889443646,979.3690889443646,0.0,0.0,0.0,979.3690889443646,0.0
2025-03-18 04:00:00,0.0,0.0,False,unknown,83147.6,979.3690889443646,979.3690889443646,0.0,0.0,0.0,979.3690889443646,0.0
2025-03-18 05:00:00,0.0,0.0,False,unknown,82989.11,979.3690889443646,979.3690889443646,0.0,0.0,0.0,979.3690889443646,0.0
2025-03-18 06:00:00,0.0,0.0,False,unknown,83010.87,979.3690889443646,979.3690889443646,0.0,0.0,0.0,979.3690889443646,0.0
2025-03-18 07:00:00,0.0,0.0,False,unknown,82450.01,979.3690889443646,979.3690889443646,0.0,0.0,0.0,979.3690889443646,0.0
2025-03-18 08:00:00,0.0,0.0,False,unknown,83163.81,979.3690889443646,979.3690889443646,0.0,0.0,0.0,979.3690889443646,0.0
2025-03-18 09:00:00,0.0,0.0,False,unknown,83281.29,979.3690889443646,979.3690889443646,0.0,0.0,0.0,979.3690889443646,0.0
2025-03-18 10:00:00,0.0,0.0,False,unknown,82840.51,979.3690889443646,979.3690889443646,0.0,0.0,0.0,979.3690889443646,0.0
2025-03-18 11:00:00,0.0,0.0,False,unknown,82819.65,979.3690889443646,979.3690889443646,0.0,0.0,0.0,979.3690889443646,0.0
2025-03-18 12:00:00,0.0,0.0,False,unknown,82581.1,979.3690889443646,979.3690889443646,0.0,0.0,0.0,979.3690889443646,0.0
2025-03-18 13:00:00,0.0,0.0,False,unknown,82404.66,979.3690889443646,979.3690889443646,0.0,0.0,0.0,979.3690889443646,0.0
2025-03-18 14:00:00,0.0,0.0,False,unknown,81366.64,979.3690889443646,979.3690889443646,0.0,0.0,0.0,979.3690889443646,0.0
2025-03-18 15:00:00,0.0,0.0,False,unknown,81854.71,979.3690889443646,979.3690889443646,0.0,0.0,0.0,979.3690889443646,0.0
2025-03-18 16:00:00,0.0,0.0,False,unknown,81610.21,979.3690889443646,979.3690889443646,0.0,0.0,0.0,979.3690889443646,0.0
2025-03-18 17:00:00,0.0,0.0,False,unknown,81851.51,979.3690889443646,979.3690889443646,0.0,0.0,0.0,979.3690889443646,0.0
2025-03-18 18:00:00,0.0,0.0,False,unknown,81466.7,979.3690889443646,979.3690889443646,0.0,0.0,0.0,979.3690889443646,0.0
2025-03-18 19:00:00,0.0,0.0,False,unknown,81889.38,979.3690889443646,979.3690889443646,0.0,0.0,0.0,979.3690889443646,0.0
2025-03-18 20:00:00,0.0,0.0,False,unknown,82317.21,979.3690889443646,979.3690889443646,0.0,0.0,0.0,979.3690889443646,0.0
2025-03-18 21:00:00,0.0,0.0,False,unknown,82050.0,979.3690889443646,979.3690889443646,0.0,0.0,0.0,979.3690889443646,0.0
2025-03-18 22:00:00,0.0,0.0,False,unknown,82062.98,979.3690889443646,979.3690889443646,0.0,0.0,0.0,979.3690889443646,0.0
2025-03-18 23:00:00,0.0,0.0,False,unknown,82395.74,979.3690889443646,979.3690889443646,0.0,0.0,0.0,979.3690889443646,0.0
2025-03-19 00:00:00,0.0,0.0,False,unknown,82715.03,979.3690889443646,979.3690889443646,0.0,0.0,0.0,979.3690889443646,0.0
2025-03-19 01:00:00,0.0,0.0,False,unknown,83118.0,979.3690889443646,979.3690889443646,0.0,0.0,0.0,979.3690889443646,0.0
2025-03-19 02:00:00,0.0,0.0,False,unknown,82598.7,979.3690889443646,979.3690889443646,0.0,0.0,0.0,979.3690889443646,0.0
2025-03-19 03:00:00,0.0,0.0,False,unknown,82868.91,979.3690889443646,979.3690889443646,0.0,0.0,0.0,979.3690889443646,0.0
2025-03-19 04:00:00,0.0,0.0,False,unknown,83037.17,979.3690889443646,979.3690889443646,0.0,0.0,0.0,979.3690889443646,0.0
2025-03-19 05:00:00,0.0,0.0,False,unknown,82952.87,979.3690889443646,979.3690889443646,0.0,0.0,0.0,979.3690889443646,0.0
2025-03-19 06:00:00,0.0,0.0,False,unknown,83241.99,979.3690889443646,979.3690889443646,0.0,0.0,0.0,979.3690889443646,0.0
2025-03-19 07:00:00,0.0,0.0,False,unknown,83200.0,979.3690889443646,979.3690889443646,0.0,0.0,0.0,979.3690889443646,0.0
2025-03-19 08:00:00,0.0,0.0,False,unknown,83190.0,979.3690889443646,979.3690889443646,0.0,0.0,0.0,979.3690889443646,0.0
2025-03-19 09:00:00,0.0,0.0,False,unknown,83413.01,979.3690889443646,979.3690889443646,0.0,0.0,0.0,979.3690889443646,0.0
2025-03-19 10:00:00,0.0,0.0,False,unknown,83527.37,979.3690889443646,979.3690889443646,0.0,0.0,0.0,979.3690889443646,0.0
2025-03-19 11:00:00,0.0,0.0,False,unknown,83467.41,979.3690889443646,979.3690889443646,0.0,0.0,0.0,979.3690889443646,0.0
2025-03-19 12:00:00,0.0,0.0,False,unknown,83881.4,979.3690889443646,979.3690889443646,0.0,0.0,0.0,979.3690889443646,0.0
2025-03-19 13:00:00,0.0,0.0,False,unknown,83748.75,979.3690889443646,979.3690889443646,0.0,0.0,0.0,979.3690889443646,0.0
2025-03-19 14:00:00,0.0,0.0,False,unknown,84092.16,979.3690889443646,979.3690889443646,0.0,0.0,0.0,979.3690889443646,0.0
2025-03-19 15:00:00,0.0,0.0,False,unknown,84318.59,979.3690889443646,979.3690889443646,0.0,0.0,0.0,979.3690889443646,0.0
2025-03-19 16:00:00,0.0,0.0,False,unknown,84733.05,979.3690889443646,979.3690889443646,0.0,0.0,0.0,979.3690889443646,0.0
2025-03-19 17:00:00,0.0,0.0,False,unknown,84574.01,979.3690889443646,979.3690889443646,0.0,0.0,0.0,979.3690889443646,0.0
2025-03-19 18:00:00,0.0,0.0,False,unknown,84230.97,979.3690889443646,979.3690889443646,0.0,0.0,0.0,979.3690889443646,0.0
2025-03-19 19:00:00,0.0,0.0,False,unknown,85612.25,979.3690889443646,979.3690889443646,0.0,0.0,0.0,979.3690889443646,0.0
2025-03-19 20:00:00,0.0,0.0,False,unknown,85433.38,979.3690889443646,979.3690889443646,0.0,0.0,0.0,979.3690889443646,0.0
2025-03-19 21:00:00,0.0,0.0,False,unknown,85353.99,979.3690889443646,979.3690889443646,0.0,0.0,0.0,979.3690889443646,0.0
2025-03-19 22:00:00,0.0,0.0,False,unknown,85635.99,979.3690889443646,979.3690889443646,0.0,0.0,0.0,979.3690889443646,0.0
2025-03-19 23:00:00,0.0,0.0,False,unknown,86158.52,979.3690889443646,979.3690889443646,0.0,0.0,0.0,979.3690889443646,0.0
2025-03-20 00:00:00,0.0,0.0,False,unknown,86845.94,979.3690889443646,979.3690889443646,0.0,0.0,0.0,979.3690889443646,0.0
2025-03-20 01:00:00,0.0,0.0,False,unknown,86017.68,979.3690889443646,979.3690889443646,0.0,0.0,0.0,979.3690889443646,0.0
2025-03-20 02:00:00,0.0,0.0,False,unknown,85867.96,979.3690889443646,979.3690889443646,0.0,0.0,0.0,979.3690889443646,0.0
2025-03-20 03:00:00,0.0,0.0,False,unknown,86065.51,979.3690889443646,979.3690889443646,0.0,0.0,0.0,979.3690889443646,0.0
2025-03-20 04:00:00,0.0,0.0,False,unknown,85891.02,979.3690889443646,979.3690889443646,0.0,0.0,0.0,979.3690889443646,0.0
2025-03-20 05:00:00,0.0,0.0,False,unknown,85684.78,979.3690889443646,979.3690889443646,0.0,0.0,0.0,979.3690889443646,0.0
2025-03-20 06:00:00,0.0,0.0,False,unknown,85827.28,979.3690889443646,979.3690889443646,0.0,0.0,0.0,979.3690889443646,0.0
2025-03-20 07:00:00,0.0,0.0,False,unknown,85759.28,979.3690889443646,979.3690889443646,0.0,0.0,0.0,979.3690889443646,0.0
2025-03-20 08:00:00,0.0,0.0,False,unknown,85816.39,979.3690889443646,979.3690889443646,0.0,0.0,0.0,979.3690889443646,0.0
2025-03-20 09:00:00,0.0,0.0,False,unknown,86241.05,979.3690889443646,979.3690889443646,0.0,0.0,0.0,979.3690889443646,0.0
2025-03-20 10:00:00,0.0,0.0,False,unknown,85877.28,979.3690889443646,979.3690889443646,0.0,0.0,0.0,979.3690889443646,0.0
2025-03-20 11:00:00,0.0,0.0,False,unknown,85173.78,979.3690889443646,979.3690889443646,0.0,0.0,0.0,979.3690889443646,0.0
2025-03-20 12:00:00,0.0,0.0,False,unknown,85502.17,979.3690889443646,979.3690889443646,0.0,0.0,0.0,979.3690889443646,0.0
2025-03-20 13:00:00,0.0,0.0,False,unknown,85356.07,979.3690889443646,979.3690889443646,0.0,0.0,0.0,979.3690889443646,0.0
2025-03-20 14:00:00,0.0,0.0,False,unknown,85513.81,979.3690889443646,979.3690889443646,0.0,0.0,0.0,979.3690889443646,0.0
2025-03-20 15:00:00,5.63174181544035,0.2815870907720175,True,trending,86171.86,979.0933112518167,703.5913963964797,0.0031971215992707713,0.0,0.0,703.5913963964797,0.0031971215992707713
2025-03-20 16:00:00,-3.4741579798757867,-0.17370789899378936,True,trending,84691.76,973.9212274716882,1143.1754733433472,0.0,0.0,0.0019984735926099426,1143.1754733433472,-0.0019984735926099426
2025-03-20 17:00:00,0.0,0.0,True,unknown,83802.01,975.5317256029725,975.5317256029725,0.0,0.0,0.0,975.5317256029725,0.0
2025-03-20 18:00:00,0.0,0.0,False,unknown,84093.43,975.5317256029725,975.5317256029725,0.0,0.0,0.0,975.5317256029725,0.0
2025-03-20 19:00:00,0.0,0.0,False,unknown,84060.53,975.5317256029725,975.5317256029725,0.0,0.0,0.0,975.5317256029725,0.0
2025-03-20 20:00:00,0.0,0.0,False,unknown,84174.79,975.5317256029725,975.5317256029725,0.0,0.0,0.0,975.5317256029725,0.0
2025-03-20 21:00:00,0.0,0.0,False,unknown,84530.1,975.5317256029725,975.5317256029725,0.0,0.0,0.0,975.5317256029725,0.0
2025-03-20 22:00:00,0.0,0.0,False,unknown,84350.0,975.5317256029725,975.5317256029725,0.0,0.0,0.0,975.5317256029725,0.0
2025-03-20 23:00:00,0.0,0.0,False,unknown,84141.31,975.5317256029725,975.5317256029725,0.0,0.0,0.0,975.5317256029725,0.0
2025-03-21 00:00:00,0.0,0.0,False,unknown,84223.39,975.5317256029725,975.5317256029725,0.0,0.0,0.0,975.5317256029725,0.0
2025-03-21 01:00:00,0.0,0.0,False,unknown,84507.07,975.5317256029725,975.5317256029725,0.0,0.0,0.0,975.5317256029725,0.0
2025-03-21 02:00:00,0.0,0.0,False,unknown,84775.07,975.5317256029725,975.5317256029725,0.0,0.0,0.0,975.5317256029725,0.0
2025-03-21 03:00:00,0.0,0.0,False,unknown,84685.4,975.5317256029725,975.5317256029725,0.0,0.0,0.0,975.5317256029725,0.0
2025-03-21 04:00:00,0.0,0.0,False,unknown,84451.96,975.5317256029725,975.5317256029725,0.0,0.0,0.0,975.5317256029725,0.0
2025-03-21 05:00:00,0.0,0.0,False,unknown,84662.74,975.5317256029725,975.5317256029725,0.0,0.0,0.0,975.5317256029725,0.0
2025-03-21 06:00:00,0.0,0.0,False,unknown,84469.66,975.5317256029725,975.5317256029725,0.0,0.0,0.0,975.5317256029725,0.0
2025-03-21 07:00:00,0.0,0.0,False,unknown,84200.0,975.5317256029725,975.5317256029725,0.0,0.0,0.0,975.5317256029725,0.0
2025-03-21 08:00:00,0.0,0.0,False,unknown,83937.98,975.5317256029725,975.5317256029725,0.0,0.0,0.0,975.5317256029725,0.0
2025-03-21 09:00:00,0.0,0.0,False,unknown,84022.32,975.5317256029725,975.5317256029725,0.0,0.0,0.0,975.5317256029725,0.0
2025-03-21 10:00:00,0.0,0.0,False,unknown,84137.99,975.5317256029725,975.5317256029725,0.0,0.0,0.0,975.5317256029725,0.0
2025-03-21 11:00:00,0.0,0.0,False,unknown,84164.17,975.5317256029725,975.5317256029725,0.0,0.0,0.0,975.5317256029725,0.0
2025-03-21 12:00:00,0.0,0.0,False,unknown,84046.52,975.5317256029725,975.5317256029725,0.0,0.0,0.0,975.5317256029725,0.0
2025-03-21 13:00:00,0.0,0.0,False,unknown,83467.98,975.5317256029725,975.5317256029725,0.0,0.0,0.0,975.5317256029725,0.0
2025-03-21 14:00:00,0.0,0.0,False,unknown,83935.7,975.5317256029725,975.5317256029725,0.0,0.0,0.0,975.5317256029725,0.0
2025-03-21 15:00:00,0.0,0.0,False,unknown,84240.33,975.5317256029725,975.5317256029725,0.0,0.0,0.0,975.5317256029725,0.0
2025-03-21 16:00:00,0.0,0.0,False,unknown,83565.48,975.5317256029725,975.5317256029725,0.0,0.0,0.0,975.5317256029725,0.0
2025-03-21 17:00:00,0.0,0.0,False,unknown,84095.97,975.5317256029725,975.5317256029725,0.0,0.0,0.0,975.5317256029725,0.0
2025-03-21 18:00:00,0.0,0.0,False,unknown,84024.11,975.5317256029725,975.5317256029725,0.0,0.0,0.0,975.5317256029725,0.0
2025-03-21 19:00:00,0.0,0.0,False,unknown,84101.66,975.5317256029725,975.5317256029725,0.0,0.0,0.0,975.5317256029725,0.0
2025-03-21 20:00:00,0.0,0.0,False,unknown,83956.36,975.5317256029725,975.5317256029725,0.0,0.0,0.0,975.5317256029725,0.0
2025-03-21 21:00:00,0.0,0.0,False,unknown,84216.2,975.5317256029725,975.5317256029725,0.0,0.0,0.0,975.5317256029725,0.0
2025-03-21 22:00:00,0.0,0.0,False,unknown,84394.0,975.5317256029725,975.5317256029725,0.0,0.0,0.0,975.5317256029725,0.0
2025-03-21 23:00:00,0.0,0.0,False,unknown,84185.39,975.5317256029725,975.5317256029725,0.0,0.0,0.0,975.5317256029725,0.0
2025-03-22 00:00:00,0.0,0.0,False,unknown,84088.79,975.5317256029725,975.5317256029725,0.0,0.0,0.0,975.5317256029725,0.0
2025-03-22 01:00:00,0.0,0.0,False,unknown,84206.24,975.5317256029725,975.5317256029725,0.0,0.0,0.0,975.5317256029725,0.0
2025-03-22 02:00:00,0.0,0.0,False,unknown,84075.48,975.5317256029725,975.5317256029725,0.0,0.0,0.0,975.5317256029725,0.0
2025-03-22 03:00:00,0.0,0.0,False,unknown,84188.96,975.5317256029725,975.5317256029725,0.0,0.0,0.0,975.5317256029725,0.0
2025-03-22 04:00:00,0.0,0.0,False,unknown,84256.74,975.5317256029725,975.5317256029725,0.0,0.0,0.0,975.5317256029725,0.0
2025-03-22 05:00:00,0.0,0.0,False,unknown,84367.4,975.5317256029725,975.5317256029725,0.0,0.0,0.0,975.5317256029725,0.0
2025-03-22 06:00:00,0.0,0.0,False,unknown,84323.3,975.5317256029725,975.5317256029725,0.0,0.0,0.0,975.5317256029725,0.0
2025-03-22 07:00:00,0.0,0.0,False,unknown,84335.83,975.5317256029725,975.5317256029725,0.0,0.0,0.0,975.5317256029725,0.0
2025-03-22 08:00:00,0.0,0.0,False,unknown,84274.72,975.5317256029725,975.5317256029725,0.0,0.0,0.0,975.5317256029725,0.0
2025-03-22 09:00:00,0.0,0.0,False,unknown,84222.01,975.5317256029725,975.5317256029725,0.0,0.0,0.0,975.5317256029725,0.0
2025-03-22 10:00:00,0.0,0.0,False,unknown,84360.01,975.5317256029725,975.5317256029725,0.0,0.0,0.0,975.5317256029725,0.0
2025-03-22 11:00:00,0.0,0.0,False,unknown,84413.62,975.5317256029725,975.5317256029725,0.0,0.0,0.0,975.5317256029725,0.0
2025-03-22 12:00:00,0.0,0.0,False,unknown,84239.25,975.5317256029725,975.5317256029725,0.0,0.0,0.0,975.5317256029725,0.0
2025-03-22 13:00:00,0.0,0.0,False,unknown,84232.39,975.5317256029725,975.5317256029725,0.0,0.0,0.0,975.5317256029725,0.0
2025-03-22 14:00:00,0.0,0.0,False,unknown,84168.31,975.5317256029725,975.5317256029725,0.0,0.0,0.0,975.5317256029725,0.0
2025-03-22 15:00:00,0.0,0.0,False,unknown,84007.23,975.5317256029725,975.5317256029725,0.0,0.0,0.0,975.5317256029725,0.0
2025-03-22 16:00:00,0.0,0.0,False,unknown,84109.09,975.5317256029725,975.5317256029725,0.0,0.0,0.0,975.5317256029725,0.0
2025-03-22 17:00:00,0.0,0.0,False,unknown,84141.0,975.5317256029725,975.5317256029725,0.0,0.0,0.0,975.5317256029725,0.0
2025-03-22 18:00:00,0.0,0.0,False,unknown,84238.83,975.5317256029725,975.5317256029725,0.0,0.0,0.0,975.5317256029725,0.0
2025-03-22 19:00:00,0.0,0.0,False,unknown,84239.14,975.5317256029725,975.5317256029725,0.0,0.0,0.0,975.5317256029725,0.0
2025-03-22 20:00:00,0.0,0.0,False,unknown,84171.59,975.5317256029725,975.5317256029725,0.0,0.0,0.0,975.5317256029725,0.0
2025-03-22 21:00:00,0.0,0.0,False,unknown,83944.69,975.5317256029725,975.5317256029725,0.0,0.0,0.0,975.5317256029725,0.0
2025-03-22 22:00:00,0.0,0.0,False,unknown,84010.87,975.5317256029725,975.5317256029725,0.0,0.0,0.0,975.5317256029725,0.0
2025-03-22 23:00:00,0.0,0.0,False,unknown,83961.39,975.5317256029725,975.5317256029725,0.0,0.0,0.0,975.5317256029725,0.0
2025-03-23 00:00:00,0.0,0.0,False,unknown,83840.59,975.5317256029725,975.5317256029725,0.0,0.0,0.0,975.5317256029725,0.0
2025-03-23 01:00:00,0.0,0.0,False,unknown,84007.0,975.5317256029725,975.5317256029725,0.0,0.0,0.0,975.5317256029725,0.0
2025-03-23 02:00:00,0.0,0.0,False,unknown,84067.56,975.5317256029725,975.5317256029725,0.0,0.0,0.0,975.5317256029725,0.0
2025-03-23 03:00:00,0.0,0.0,False,unknown,84233.78,975.5317256029725,975.5317256029725,0.0,0.0,0.0,975.5317256029725,0.0
2025-03-23 04:00:00,0.0,0.0,False,unknown,84224.39,975.5317256029725,975.5317256029725,0.0,0.0,0.0,975.5317256029725,0.0
2025-03-23 05:00:00,0.0,0.0,False,unknown,84100.0,975.5317256029725,975.5317256029725,0.0,0.0,0.0,975.5317256029725,0.0
2025-03-23 06:00:00,0.0,0.0,False,unknown,84230.1,975.5317256029725,975.5317256029725,0.0,0.0,0.0,975.5317256029725,0.0
2025-03-23 07:00:00,0.0,0.0,False,unknown,84242.24,975.5317256029725,975.5317256029725,0.0,0.0,0.0,975.5317256029725,0.0
2025-03-23 08:00:00,0.0,0.0,False,unknown,84279.82,975.5317256029725,975.5317256029725,0.0,0.0,0.0,975.5317256029725,0.0
2025-03-23 09:00:00,0.0,0.0,False,unknown,84347.12,975.5317256029725,975.5317256029725,0.0,0.0,0.0,975.5317256029725,0.0
2025-03-23 10:00:00,0.0,0.0,False,unknown,84325.66,975.5317256029725,975.5317256029725,0.0,0.0,0.0,975.5317256029725,0.0
2025-03-23 11:00:00,0.0,0.0,False,unknown,84461.98,975.5317256029725,975.5317256029725,0.0,0.0,0.0,975.5317256029725,0.0
2025-03-23 12:00:00,0.0,0.0,False,unknown,84679.99,975.5317256029725,975.5317256029725,0.0,0.0,0.0,975.5317256029725,0.0
2025-03-23 13:00:00,0.0,0.0,False,unknown,84725.24,975.5317256029725,975.5317256029725,0.0,0.0,0.0,975.5317256029725,0.0
2025-03-23 14:00:00,0.0,0.0,False,unknown,85093.59,975.5317256029725,975.5317256029725,0.0,0.0,0.0,975.5317256029725,0.0
2025-03-23 15:00:00,0.0,0.0,False,unknown,84899.76,975.5317256029725,975.5317256029725,0.0,0.0,0.0,975.5317256029725,0.0
2025-03-23 16:00:00,0.0,0.0,False,unknown,85189.41,975.5317256029725,975.5317256029725,0.0,0.0,0.0,975.5317256029725,0.0
2025-03-23 17:00:00,0.0,0.0,False,unknown,85250.0,975.5317256029725,975.5317256029725,0.0,0.0,0.0,975.5317256029725,0.0
2025-03-23 18:00:00,0.0,0.0,False,unknown,85017.66,975.5317256029725,975.5317256029725,0.0,0.0,0.0,975.5317256029725,0.0
2025-03-23 19:00:00,0.0,0.0,False,unknown,84972.78,975.5317256029725,975.5317256029725,0.0,0.0,0.0,975.5317256029725,0.0
2025-03-23 20:00:00,0.0,0.0,False,unknown,85011.19,975.5317256029725,975.5317256029725,0.0,0.0,0.0,975.5317256029725,0.0
2025-03-23 21:00:00,0.0,0.0,False,unknown,85102.62,975.5317256029725,975.5317256029725,0.0,0.0,0.0,975.5317256029725,0.0
2025-03-23 22:00:00,0.0,0.0,False,unknown,85179.99,975.5317256029725,975.5317256029725,0.0,0.0,0.0,975.5317256029725,0.0
2025-03-23 23:00:00,0.0,0.0,False,unknown,85361.21,975.5317256029725,975.5317256029725,0.0,0.0,0.0,975.5317256029725,0.0
2025-03-24 00:00:00,0.0,0.0,False,unknown,86082.5,975.5317256029725,975.5317256029725,0.0,0.0,0.0,975.5317256029725,0.0
2025-03-24 01:00:00,0.0,0.0,False,unknown,86021.74,975.5317256029725,975.5317256029725,0.0,0.0,0.0,975.5317256029725,0.0
2025-03-24 02:00:00,0.0,0.0,False,unknown,85563.04,975.5317256029725,975.5317256029725,0.0,0.0,0.0,975.5317256029725,0.0
2025-03-24 03:00:00,0.0,0.0,False,unknown,85883.16,975.5317256029725,975.5317256029725,0.0,0.0,0.0,975.5317256029725,0.0
2025-03-24 04:00:00,0.0,0.0,False,unknown,86532.07,975.5317256029725,975.5317256029725,0.0,0.0,0.0,975.5317256029725,0.0
2025-03-24 05:00:00,0.0,0.0,False,unknown,86841.83,975.5317256029725,975.5317256029725,0.0,0.0,0.0,975.5317256029725,0.0
2025-03-24 06:00:00,0.0,0.0,False,unknown,86899.73,975.5317256029725,975.5317256029725,0.0,0.0,0.0,975.5317256029725,0.0
2025-03-24 07:00:00,0.0,0.0,False,unknown,87113.37,975.5317256029725,975.5317256029725,0.0,0.0,0.0,975.5317256029725,0.0
2025-03-24 08:00:00,0.0,0.0,False,unknown,86874.52,975.5317256029725,975.5317256029725,0.0,0.0,0.0,975.5317256029725,0.0
2025-03-24 09:00:00,0.0,0.0,False,unknown,87416.35,975.5317256029725,975.5317256029725,0.0,0.0,0.0,975.5317256029725,0.0
2025-03-24 10:00:00,0.0,0.0,False,unknown,87163.73,975.5317256029725,975.5317256029725,0.0,0.0,0.0,975.5317256029725,0.0
2025-03-24 11:00:00,0.0,0.0,False,unknown,87801.27,975.5317256029725,975.5317256029725,0.0,0.0,0.0,975.5317256029725,0.0
2025-03-24 12:00:00,0.0,0.0,False,unknown,87689.52,975.5317256029725,975.5317256029725,0.0,0.0,0.0,975.5317256029725,0.0
2025-03-24 13:00:00,0.0,0.0,False,unknown,87328.1,975.5317256029725,975.5317256029725,0.0,0.0,0.0,975.5317256029725,0.0
2025-03-24 14:00:00,0.0,0.0,False,unknown,87704.46,975.5317256029725,975.5317256029725,0.0,0.0,0.0,975.5317256029725,0.0
2025-03-24 15:00:00,0.0,0.0,False,unknown,87961.9,975.5317256029725,975.5317256029725,0.0,0.0,0.0,975.5317256029725,0.0
2025-03-24 16:00:00,0.0,0.0,False,unknown,88350.01,975.5317256029725,975.5317256029725,0.0,0.0,0.0,975.5317256029725,0.0
2025-03-24 17:00:00,0.0,0.0,False,unknown,88057.54,975.5317256029725,975.5317256029725,0.0,0.0,0.0,975.5317256029725,0.0
2025-03-24 18:00:00,0.0,0.0,False,unknown,88461.88,975.5317256029725,975.5317256029725,0.0,0.0,0.0,975.5317256029725,0.0
2025-03-24 19:00:00,0.0,0.0,False,unknown,88464.38,975.5317256029725,975.5317256029725,0.0,0.0,0.0,975.5317256029725,0.0
2025-03-24 20:00:00,0.0,0.0,False,unknown,88222.0,975.5317256029725,975.5317256029725,0.0,0.0,0.0,975.5317256029725,0.0
2025-03-24 21:00:00,0.0,0.0,False,unknown,87832.0,975.5317256029725,975.5317256029725,0.0,0.0,0.0,975.5317256029725,0.0
2025-03-24 22:00:00,0.0,0.0,False,unknown,88100.01,975.5317256029725,975.5317256029725,0.0,0.0,0.0,975.5317256029725,0.0
2025-03-24 23:00:00,0.0,0.0,False,unknown,87457.65,975.5317256029725,975.5317256029725,0.0,0.0,0.0,975.5317256029725,0.0
2025-03-25 00:00:00,0.0,0.0,False,unknown,87498.16,975.5317256029725,975.5317256029725,0.0,0.0,0.0,975.5317256029725,0.0
2025-03-25 01:00:00,0.0,0.0,False,unknown,87599.99,975.5317256029725,975.5317256029725,0.0,0.0,0.0,975.5317256029725,0.0
2025-03-25 02:00:00,1.1213059941993642,0.05606529970996821,True,trending,87088.31,975.4770321244,920.8382470304595,0.0006273951704188611,0.0,0.0,920.8382470304595,0.0006273951704188611
2025-03-25 03:00:00,-1.6313632891599619,-0.08156816445799797,True,trending,86854.94,975.1965686154351,1054.7524967767545,0.0,0.0,0.0009159631928974828,1054.7524967767545,-0.0009159631928974828
2025-03-25 04:00:00,0.22243685842318284,0.011121842921159253,True,trending,86520.88,975.4123766226976,964.5738398198769,0.00012527076473125073,0.0,0.0,964.5738398198769,0.00012527076473125073
2025-03-25 05:00:00,0.0,0.011121842921159253,False,unknown,86547.17,975.4156699911024,964.5738398198769,0.00012527076473125073,0.0,0.0,964.5738398198769,0.00012527076473125073
2025-03-25 06:00:00,0.0,0.011121842921159253,False,unknown,86656.07,975.4293119773816,964.5738398198769,0.00012527076473125073,0.0,0.0,964.5738398198769,0.00012527076473125073
2025-03-25 07:00:00,0.0,0.011121842921159253,False,unknown,86534.5,975.4140828105133,964.5738398198769,0.00012527076473125073,0.0,0.0,964.5738398198769,0.00012527076473125073
2025-03-25 08:00:00,0.0,0.011121842921159253,False,unknown,86436.82,975.4018463622143,964.5738398198769,0.00012527076473125073,0.0,0.0,964.5738398198769,0.00012527076473125073
2025-03-25 09:00:00,0.0,0.011121842921159253,False,unknown,86714.79,975.4366678766867,964.5738398198769,0.00012527076473125073,0.0,0.0,964.5738398198769,0.00012527076473125073
2025-03-25 10:00:00,0.0,0.011121842921159253,False,unknown,87221.66,975.5001638692061,964.5738398198769,0.00012527076473125073,0.0,0.0,964.5738398198769,0.00012527076473125073
2025-03-25 11:00:00,0.0,0.011121842921159253,False,unknown,87130.14,975.4886990888178,964.5738398198769,0.00012527076473125073,0.0,0.0,964.5738398198769,0.00012527076473125073
2025-03-25 12:00:00,0.0,0.011121842921159253,False,unknown,87370.43,975.5188004008751,964.5738398198769,0.00012527076473125073,0.0,0.0,964.5738398198769,0.00012527076473125073
2025-03-25 13:00:00,0.0,0.011121842921159253,False,unknown,87084.02,975.4829216011484,964.5738398198769,0.00012527076473125073,0.0,0.0,964.5738398198769,0.00012527076473125073
2025-03-25 14:00:00,0.0,0.011121842921159253,False,unknown,87594.4,975.546857294052,964.5738398198769,0.00012527076473125073,0.0,0.0,964.5738398198769,0.00012527076473125073
2025-03-25 15:00:00,0.0,0.011121842921159253,False,unknown,88022.4,975.600473181357,964.5738398198769,0.00012527076473125073,0.0,0.0,964.5738398198769,0.00012527076473125073
2025-03-25 16:00:00,0.0,0.011121842921159253,False,unknown,87774.37,975.5694022735806,964.5738398198769,0.00012527076473125073,0.0,0.0,964.5738398198769,0.00012527076473125073
2025-03-25 17:00:00,0.0,0.011121842921159253,False,unknown,87792.4,975.5716609054688,964.5738398198769,0.00012527076473125073,0.0,0.0,964.5738398198769,0.00012527076473125073
2025-03-25 18:00:00,0.0,0.011121842921159253,False,unknown,87937.27,975.5898088811554,964.5738398198769,0.00012527076473125073,0.0,0.0,964.5738398198769,0.00012527076473125073
2025-03-25 19:00:00,0.0,0.011121842921159253,False,unknown,87822.0,975.5753689201048,964.5738398198769,0.00012527076473125073,0.0,0.0,964.5738398198769,0.00012527076473125073
2025-03-25 20:00:00,0.0,0.011121842921159253,False,unknown,88116.23,975.6122273372116,964.5738398198769,0.00012527076473125073,0.0,0.0,964.5738398198769,0.00012527076473125073
2025-03-25 21:00:00,0.0,0.011121842921159253,False,unknown,87849.98,975.578873996102,964.5738398198769,0.00012527076473125073,0.0,0.0,964.5738398198769,0.00012527076473125073
2025-03-25 22:00:00,0.0,0.011121842921159253,False,unknown,87746.0,975.5658483419852,964.5738398198769,0.00012527076473125073,0.0,0.0,964.5738398198769,0.00012527076473125073
2025-03-25 23:00:00,0.0,0.011121842921159253,False,unknown,87464.73,975.5306134339893,964.5738398198769,0.00012527076473125073,0.0,0.0,964.5738398198769,0.00012527076473125073
2025-03-26 00:00:00,0.0,0.011121842921159253,False,unknown,87392.87,975.5216114768357,964.5738398198769,0.00012527076473125073,0.0,0.0,964.5738398198769,0.00012527076473125073
2025-03-26 01:00:00,0.0,0.011121842921159253,False,unknown,87652.0,975.5540728901004,964.5738398198769,0.00012527076473125073,0.0,0.0,964.5738398198769,0.00012527076473125073
2025-03-26 02:00:00,0.0,0.011121842921159253,False,unknown,87836.04,975.5771277216415,964.5738398198769,0.00012527076473125073,0.0,0.0,964.5738398198769,0.00012527076473125073
2025-03-26 03:00:00,0.0,0.011121842921159253,False,unknown,87324.6,975.5130592417274,964.5738398198769,0.00012527076473125073,0.0,0.0,964.5738398198769,0.00012527076473125073
2025-03-26 04:00:00,0.0,0.011121842921159253,False,unknown,87153.51,975.4916266665896,964.5738398198769,0.00012527076473125073,0.0,0.0,964.5738398198769,0.00012527076473125073
2025-03-26 05:00:00,0.0,0.011121842921159253,False,unknown,87326.78,975.5133323319945,964.5738398198769,0.00012527076473125073,0.0,0.0,964.5738398198769,0.00012527076473125073
2025-03-26 06:00:00,0.0,0.011121842921159253,False,unknown,87520.35,975.5375809939236,964.5738398198769,0.00012527076473125073,0.0,0.0,964.5738398198769,0.00012527076473125073
2025-03-26 07:00:00,0.0,0.011121842921159253,False,unknown,87909.07,975.5862762455899,964.5738398198769,0.00012527076473125073,0.0,0.0,964.5738398198769,0.00012527076473125073
2025-03-26 08:00:00,0.0,0.011121842921159253,False,unknown,88140.45,975.6152613951334,964.5738398198769,0.00012527076473125073,0.0,0.0,964.5738398198769,0.00012527076473125073
2025-03-26 09:00:00,0.0,0.011121842921159253,False,unknown,87959.73,975.5926224625312,964.5738398198769,0.00012527076473125073,0.0,0.0,964.5738398198769,0.00012527076473125073
2025-03-26 10:00:00,0.0,0.011121842921159253,False,unknown,87939.99,975.5901496176355,964.5738398198769,0.00012527076473125073,0.0,0.0,964.5738398198769,0.00012527076473125073
2025-03-26 11:00:00,0.0,0.011121842921159253,False,unknown,88208.47,975.6237823125505,964.5738398198769,0.00012527076473125073,0.0,0.0,964.5738398198769,0.00012527076473125073
2025-03-26 12:00:00,0.0,0.011121842921159253,False,unknown,87954.96,975.5920249209835,964.5738398198769,0.00012527076473125073,0.0,0.0,964.5738398198769,0.00012527076473125073
2025-03-26 13:00:00,0.0,0.011121842921159253,False,unknown,87813.17,975.5742627792522,964.5738398198769,0.00012527076473125073,0.0,0.0,964.5738398198769,0.00012527076473125073
2025-03-26 14:00:00,0.0,0.011121842921159253,False,unknown,86841.31,975.4525171338405,964.5738398198769,0.00012527076473125073,0.0,0.0,964.5738398198769,0.00012527076473125073
2025-03-26 15:00:00,0.0,0.011121842921159253,False,unknown,86773.14,975.4439774258087,964.5738398198769,0.00012527076473125073,0.0,0.0,964.5738398198769,0.00012527076473125073
2025-03-26 16:00:00,0.0,0.011121842921159253,False,unknown,86752.52,975.44139434264,964.5738398198769,0.00012527076473125073,0.0,0.0,964.5738398198769,0.00012527076473125073
2025-03-26 17:00:00,0.0,0.011121842921159253,False,unknown,86513.99,975.4115135071287,964.5738398198769,0.00012527076473125073,0.0,0.0,964.5738398198769,0.00012527076473125073
2025-03-26 18:00:00,0.0,0.011121842921159253,False,unknown,86569.99,975.4185286699536,964.5738398198769,0.00012527076473125073,0.0,0.0,964.5738398198769,0.00012527076473125073
2025-03-26 19:00:00,0.0,0.011121842921159253,False,unknown,86198.53,975.3719955916865,964.5738398198769,0.00012527076473125073,0.0,0.0,964.5738398198769,0.00012527076473125073
2025-03-26 20:00:00,0.0,0.011121842921159253,False,unknown,86567.19,975.4181779118123,964.5738398198769,0.00012527076473125073,0.0,0.0,964.5738398198769,0.00012527076473125073
2025-03-26 21:00:00,0.0,0.011121842921159253,False,unknown,87280.0,975.5074721656205,964.5738398198769,0.00012527076473125073,0.0,0.0,964.5738398198769,0.00012527076473125073
2025-03-26 22:00:00,0.0,0.011121842921159253,False,unknown,87109.65,975.4861322908484,964.5738398198769,0.00012527076473125073,0.0,0.0,964.5738398198769,0.00012527076473125073
2025-03-26 23:00:00,0.0,0.011121842921159253,False,unknown,86829.48,975.4510351806937,964.5738398198769,0.00012527076473125073,0.0,0.0,964.5738398198769,0.00012527076473125073
2025-03-27 00:00:00,0.0,0.011121842921159253,False,unknown,86909.17,975.4610180079352,964.5738398198769,0.00012527076473125073,0.0,0.0,964.5738398198769,0.00012527076473125073
2025-03-27 01:00:00,0.0,0.011121842921159253,False,unknown,87285.29,975.5081348479658,964.5738398198769,0.00012527076473125073,0.0,0.0,964.5738398198769,0.00012527076473125073
2025-03-27 02:00:00,0.0,0.011121842921159253,False,unknown,87378.87,975.5198576861294,964.5738398198769,0.00012527076473125073,0.0,0.0,964.5738398198769,0.00012527076473125073
2025-03-27 03:00:00,0.0,0.011121842921159253,False,unknown,87575.39,975.5444758968144,964.5738398198769,0.00012527076473125073,0.0,0.0,964.5738398198769,0.00012527076473125073
2025-03-27 04:00:00,0.0,0.011121842921159253,False,unknown,87670.18,975.5563503126033,964.5738398198769,0.00012527076473125073,0.0,0.0,964.5738398198769,0.00012527076473125073
2025-03-27 05:00:00,0.0,0.011121842921159253,False,unknown,87521.61,975.5377388350871,964.5738398198769,0.00012527076473125073,0.0,0.0,964.5738398198769,0.00012527076473125073
2025-03-27 06:00:00,0.0,0.011121842921159253,False,unknown,87314.72,975.5118215665719,964.5738398198769,0.00012527076473125073,0.0,0.0,964.5738398198769,0.00012527076473125073
2025-03-27 07:00:00,0.0,0.011121842921159253,False,unknown,87352.68,975.5165768448011,964.5738398198769,0.00012527076473125073,0.0,0.0,964.5738398198769,0.00012527076473125073
2025-03-27 08:00:00,0.0,0.011121842921159253,False,unknown,87399.99,975.5225034046805,964.5738398198769,0.00012527076473125073,0.0,0.0,964.5738398198769,0.00012527076473125073
2025-03-27 09:00:00,0.0,0.011121842921159253,False,unknown,87434.82,975.5268665854161,964.5738398198769,0.00012527076473125073,0.0,0.0,964.5738398198769,0.00012527076473125073
2025-03-27 10:00:00,0.0,0.011121842921159253,False,unknown,87415.56,975.5244538704874,964.5738398198769,0.00012527076473125073,0.0,0.0,964.5738398198769,0.00012527076473125073
2025-03-27 11:00:00,0.0,0.011121842921159253,False,unknown,87195.59,975.4968980603695,964.5738398198769,0.00012527076473125073,0.0,0.0,964.5738398198769,0.00012527076473125073
2025-03-27 12:00:00,0.0,0.011121842921159253,False,unknown,86943.52,975.4653210587037,964.5738398198769,0.00012527076473125073,0.0,0.0,964.5738398198769,0.00012527076473125073
2025-03-27 13:00:00,0.0,0.011121842921159253,False,unknown,86761.05,975.4424629022632,964.5738398198769,0.00012527076473125073,0.0,0.0,964.5738398198769,0.00012527076473125073
2025-03-27 14:00:00,0.0,0.011121842921159253,False,unknown,86383.83,975.3952082643913,964.5738398198769,0.00012527076473125073,0.0,0.0,964.5738398198769,0.00012527076473125073
2025-03-27 15:00:00,0.0,0.011121842921159253,False,unknown,87297.33,975.5096431079733,964.5738398198769,0.00012527076473125073,0.0,0.0,964.5738398198769,0.00012527076473125073
2025-03-27 16:00:00,0.0,0.011121842921159253,False,unknown,86974.07,975.4691480805662,964.5738398198769,0.00012527076473125073,0.0,0.0,964.5738398198769,0.00012527076473125073
2025-03-27 17:00:00,0.0,0.011121842921159253,False,unknown,86835.24,975.4517567402986,964.5738398198769,0.00012527076473125073,0.0,0.0,964.5738398198769,0.00012527076473125073
2025-03-27 18:00:00,0.0,0.011121842921159253,False,unknown,86913.05,975.4615040585023,964.5738398198769,0.00012527076473125073,0.0,0.0,964.5738398198769,0.00012527076473125073
2025-03-27 19:00:00,0.0,0.011121842921159253,False,unknown,87206.52,975.498267269828,964.5738398198769,0.00012527076473125073,0.0,0.0,964.5738398198769,0.00012527076473125073
2025-03-27 20:00:00,0.0,0.011121842921159253,False,unknown,87060.41,975.4799639583931,964.5738398198769,0.00012527076473125073,0.0,0.0,964.5738398198769,0.00012527076473125073
2025-03-27 21:00:00,0.0,0.011121842921159253,False,unknown,87307.57,975.5109258806041,964.5738398198769,0.00012527076473125073,0.0,0.0,964.5738398198769,0.00012527076473125073
2025-03-27 22:00:00,0.0,0.011121842921159253,False,unknown,87568.68,975.5436353299831,964.5738398198769,0.00012527076473125073,0.0,0.0,964.5738398198769,0.00012527076473125073
2025-03-27 23:00:00,0.0,0.011121842921159253,False,unknown,87350.71,975.5163300613946,964.5738398198769,0.00012527076473125073,0.0,0.0,964.5738398198769,0.00012527076473125073
2025-03-28 00:00:00,0.0,0.011121842921159253,False,unknown,87232.01,975.501460421621,964.5738398198769,0.00012527076473125073,0.0,0.0,964.5738398198769,0.00012527076473125073
2025-03-28 01:00:00,0.0,0.011121842921159253,False,unknown,87354.01,975.5167434549182,964.5738398198769,0.00012527076473125073,0.0,0.0,964.5738398198769,0.00012527076473125073
2025-03-28 02:00:00,0.0,0.011121842921159253,False,unknown,87230.29,975.5012449559057,964.5738398198769,0.00012527076473125073,0.0,0.0,964.5738398198769,0.00012527076473125073
2025-03-28 03:00:00,0.0,0.011121842921159253,False,unknown,86987.77,975.470864290043,964.5738398198769,0.00012527076473125073,0.0,0.0,964.5738398198769,0.00012527076473125073
2025-03-28 04:00:00,0.0,0.011121842921159253,False,unknown,86787.16,975.4457337219303,964.5738398198769,0.00012527076473125073,0.0,0.0,964.5738398198769,0.00012527076473125073
2025-03-28 05:00:00,0.0,0.011121842921159253,False,unknown,86305.38,975.3853807728981,964.5738398198769,0.00012527076473125073,0.0,0.0,964.5738398198769,0.00012527076473125073
2025-03-28 06:00:00,0.0,0.011121842921159253,False,unknown,86059.02,975.3545190672988,964.5738398198769,0.00012527076473125073,0.0,0.0,964.5738398198769,0.00012527076473125073
2025-03-28 07:00:00,0.0,0.011121842921159253,False,unknown,85719.27,975.3119583249814,964.5738398198769,0.00012527076473125073,0.0,0.0,964.5738398198769,0.00012527076473125073
2025-03-28 08:00:00,0.0,0.011121842921159253,False,unknown,85212.99,975.2485362422133,964.5738398198769,0.00012527076473125073,0.0,0.0,964.5738398198769,0.00012527076473125073
2025-03-28 09:00:00,0.0,0.011121842921159253,False,unknown,85213.87,975.2486464804863,964.5738398198769,0.00012527076473125073,0.0,0.0,964.5738398198769,0.00012527076473125073
2025-03-28 10:00:00,0.0,0.011121842921159253,False,unknown,85148.0,975.2403948952134,964.5738398198769,0.00012527076473125073,0.0,0.0,964.5738398198769,0.00012527076473125073
2025-03-28 11:00:00,0.0,0.011121842921159253,False,unknown,84941.49,975.2145252295887,964.5738398198769,0.00012527076473125073,0.0,0.0,964.5738398198769,0.00012527076473125073
2025-03-28 12:00:00,0.0,0.011121842921159253,False,unknown,85255.26,975.2538314374385,964.5738398198769,0.00012527076473125073,0.0,0.0,964.5738398198769,0.00012527076473125073
2025-03-28 13:00:00,0.0,0.011121842921159253,False,unknown,85028.27,975.2253962265521,964.5738398198769,0.00012527076473125073,0.0,0.0,964.5738398198769,0.00012527076473125073
2025-03-28 14:00:00,0.0,0.011121842921159253,False,unknown,84994.0,975.2211031974448,964.5738398198769,0.00012527076473125073,0.0,0.0,964.5738398198769,0.00012527076473125073
2025-03-28 15:00:00,0.0,0.011121842921159253,False,unknown,84172.01,975.1181318815434,964.5738398198769,0.00012527076473125073,0.0,0.0,964.5738398198769,0.00012527076473125073
2025-03-28 16:00:00,0.0,0.011121842921159253,False,unknown,84051.16,975.1029929096255,964.5738398198769,0.00012527076473125073,0.0,0.0,964.5738398198769,0.00012527076473125073
2025-03-28 17:00:00,0.0,0.011121842921159253,False,unknown,83794.73,975.0708697274256,964.5738398198769,0.00012527076473125073,0.0,0.0,964.5738398198769,0.00012527076473125073
2025-03-28 18:00:00,0.0,0.011121842921159253,False,unknown,84008.45,975.0976425952639,964.5738398198769,0.00012527076473125073,0.0,0.0,964.5738398198769,0.00012527076473125073
2025-03-28 19:00:00,0.0,0.011121842921159253,False,unknown,83880.0,975.0815515655341,964.5738398198769,0.00012527076473125073,0.0,0.0,964.5738398198769,0.00012527076473125073
2025-03-28 20:00:00,0.0,0.011121842921159253,False,unknown,83790.73,975.0703686443666,964.5738398198769,0.00012527076473125073,0.0,0.0,964.5738398198769,0.00012527076473125073
2025-03-28 21:00:00,0.0,0.011121842921159253,False,unknown,83794.41,975.0708296407809,964.5738398198769,0.00012527076473125073,0.0,0.0,964.5738398198769,0.00012527076473125073
2025-03-28 22:00:00,0.0,0.011121842921159253,False,unknown,84052.29,975.1031344655897,964.5738398198769,0.00012527076473125073,0.0,0.0,964.5738398198769,0.00012527076473125073
2025-03-28 23:00:00,0.0,0.011121842921159253,False,unknown,84480.35,975.1567578691406,964.5738398198769,0.00012527076473125073,0.0,0.0,964.5738398198769,0.00012527076473125073
2025-03-29 00:00:00,0.0,0.011121842921159253,False,unknown,84424.38,975.1497464644385,964.5738398198769,0.00012527076473125073,0.0,0.0,964.5738398198769,0.00012527076473125073
2025-03-29 01:00:00,0.0,0.011121842921159253,False,unknown,84396.89,975.1463027711161,964.5738398198769,0.00012527076473125073,0.0,0.0,964.5738398198769,0.00012527076473125073
2025-03-29 02:00:00,0.0,0.011121842921159253,False,unknown,84281.9,975.1318978858797,964.5738398198769,0.00012527076473125073,0.0,0.0,964.5738398198769,0.00012527076473125073
2025-03-29 03:00:00,0.0,0.011121842921159253,False,unknown,83851.4,975.0779688216628,964.5738398198769,0.00012527076473125073,0.0,0.0,964.5738398198769,0.00012527076473125073
2025-03-29 04:00:00,0.0,0.011121842921159253,False,unknown,84166.3,975.1174165854767,964.5738398198769,0.00012527076473125073,0.0,0.0,964.5738398198769,0.00012527076473125073
2025-03-29 05:00:00,0.0,0.011121842921159253,False,unknown,84072.96,975.1057238122967,964.5738398198769,0.00012527076473125073,0.0,0.0,964.5738398198769,0.00012527076473125073
2025-03-29 06:00:00,0.0,0.011121842921159253,False,unknown,84012.64,975.0981674797681,964.5738398198769,0.00012527076473125073,0.0,0.0,964.5738398198769,0.00012527076473125073
2025-03-29 07:00:00,0.0,0.011121842921159253,False,unknown,83787.28,975.0699364602283,964.5738398198769,0.00012527076473125073,0.0,0.0,964.5738398198769,0.00012527076473125073
2025-03-29 08:00:00,0.0,0.011121842921159253,False,unknown,83731.82,975.0629889436163,964.5738398198769,0.00012527076473125073,0.0,0.0,964.5738398198769,0.00012527076473125073
2025-03-29 09:00:00,0.0,0.011121842921159253,False,unknown,83934.95,975.0884351940562,964.5738398198769,0.00012527076473125073,0.0,0.0,964.5738398198769,0.00012527076473125073
2025-03-29 10:00:00,0.0,0.011121842921159253,False,unknown,83544.8,975.0395608051963,964.5738398198769,0.00012527076473125073,0.0,0.0,964.5738398198769,0.00012527076473125073
2025-03-29 11:00:00,0.0,0.011121842921159253,False,unknown,82927.81,974.9622699960647,964.5738398198769,0.00012527076473125073,0.0,0.0,964.5738398198769,0.00012527076473125073
2025-03-29 12:00:00,0.0,0.011121842921159253,False,unknown,82293.56,974.8828170135339,964.5738398198769,0.00012527076473125073,0.0,0.0,964.5738398198769,0.00012527076473125073
2025-03-29 13:00:00,0.0,0.011121842921159253,False,unknown,82462.7,974.9040053106805,964.5738398198769,0.00012527076473125073,0.0,0.0,964.5738398198769,0.00012527076473125073
2025-03-29 14:00:00,0.0,0.011121842921159253,False,unknown,82851.95,974.9527669558522,964.5738398198769,0.00012527076473125073,0.0,0.0,964.5738398198769,0.00012527076473125073
2025-03-29 15:00:00,0.0,0.011121842921159253,False,unknown,82504.01,974.9091802459716,964.5738398198769,0.00012527076473125073,0.0,0.0,964.5738398198769,0.00012527076473125073
2025-03-29 16:00:00,0.0,0.011121842921159253,False,unknown,82414.23,974.8979334367141,964.5738398198769,0.00012527076473125073,0.0,0.0,964.5738398198769,0.00012527076473125073
2025-03-29 17:00:00,0.0,0.011121842921159253,False,unknown,82198.43,974.870900005685,964.5738398198769,0.00012527076473125073,0.0,0.0,964.5738398198769,0.00012527076473125073
2025-03-29 18:00:00,0.0,0.011121842921159253,False,unknown,82332.63,974.887711342312,964.5738398198769,0.00012527076473125073,0.0,0.0,964.5738398198769,0.00012527076473125073
2025-03-29 19:00:00,0.0,0.011121842921159253,False,unknown,82343.64,974.8890905734316,964.5738398198769,0.00012527076473125073,0.0,0.0,964.5738398198769,0.00012527076473125073
2025-03-29 20:00:00,0.0,0.011121842921159253,False,unknown,82758.4,974.9410478758116,964.5738398198769,0.00012527076473125073,0.0,0.0,964.5738398198769,0.00012527076473125073
2025-03-29 21:00:00,0.0,0.011121842921159253,False,unknown,82511.17,974.9100771846471,964.5738398198769,0.00012527076473125073,0.0,0.0,964.5738398198769,0.00012527076473125073
2025-03-29 22:00:00,0.0,0.011121842921159253,False,unknown,82518.74,974.9110254843362,964.5738398198769,0.00012527076473125073,0.0,0.0,964.5738398198769,0.00012527076473125073
2025-03-29 23:00:00,0.0,0.011121842921159253,False,unknown,82389.75,974.8948668083934,964.5738398198769,0.00012527076473125073,0.0,0.0,964.5738398198769,0.00012527076473125073
2025-03-30 00:00:00,0.0,0.011121842921159253,False,unknown,82648.54,974.9272856295983,964.5738398198769,0.00012527076473125073,0.0,0.0,964.5738398198769,0.00012527076473125073
2025-03-30 01:00:00,0.0,0.011121842921159253,False,unknown,82799.73,974.9462253165179,964.5738398198769,0.00012527076473125073,0.0,0.0,964.5738398198769,0.00012527076473125073
2025-03-30 03:00:00,0.0,0.011121842921159253,False,unknown,82941.13,974.963938602651,964.5738398198769,0.00012527076473125073,0.0,0.0,964.5738398198769,0.00012527076473125073
2025-03-30 04:00:00,0.0,0.011121842921159253,False,unknown,83330.0,975.012652644932,964.5738398198769,0.00012527076473125073,0.0,0.0,964.5738398198769,0.00012527076473125073
2025-03-30 05:00:00,0.0,0.011121842921159253,False,unknown,83088.81,974.9824385891865,964.5738398198769,0.00012527076473125073,0.0,0.0,964.5738398198769,0.00012527076473125073
2025-03-30 06:00:00,0.0,0.011121842921159253,False,unknown,83109.81,974.9850692752458,964.5738398198769,0.00012527076473125073,0.0,0.0,964.5738398198769,0.00012527076473125073
2025-03-30 07:00:00,0.0,0.011121842921159253,False,unknown,82958.3,974.9660895016814,964.5738398198769,0.00012527076473125073,0.0,0.0,964.5738398198769,0.00012527076473125073
2025-03-30 08:00:00,0.0,0.011121842921159253,False,unknown,83178.14,974.9936290265999,964.5738398198769,0.00012527076473125073,0.0,0.0,964.5738398198769,0.00012527076473125073
2025-03-30 09:00:00,0.0,0.011121842921159253,False,unknown,83076.59,974.9809077804415,964.5738398198769,0.00012527076473125073,0.0,0.0,964.5738398198769,0.00012527076473125073
2025-03-30 10:00:00,0.0,0.011121842921159253,False,unknown,83378.09,975.018676916008,964.5738398198769,0.00012527076473125073,0.0,0.0,964.5738398198769,0.00012527076473125073
2025-03-30 11:00:00,0.0,0.011121842921159253,False,unknown,83502.32,975.0342393031104,964.5738398198769,0.00012527076473125073,0.0,0.0,964.5738398198769,0.00012527076473125073
2025-03-30 12:00:00,0.0,0.011121842921159253,False,unknown,83120.87,974.9864547699037,964.5738398198769,0.00012527076473125073,0.0,0.0,964.5738398198769,0.00012527076473125073
2025-03-30 13:00:00,0.0,0.011121842921159253,False,unknown,83111.76,974.985313553237,964.5738398198769,0.00012527076473125073,0.0,0.0,964.5738398198769,0.00012527076473125073
2025-03-30 14:00:00,0.0,0.011121842921159253,False,unknown,83072.76,974.9804279934125,964.5738398198769,0.00012527076473125073,0.0,0.0,964.5738398198769,0.00012527076473125073
2025-03-30 15:00:00,0.0,0.011121842921159253,False,unknown,82678.42,974.9310287200484,964.5738398198769,0.00012527076473125073,0.0,0.0,964.5738398198769,0.00012527076473125073
2025-03-30 16:00:00,0.0,0.011121842921159253,False,unknown,82803.28,974.9466700277327,964.5738398198769,0.00012527076473125073,0.0,0.0,964.5738398198769,0.00012527076473125073
2025-03-30 17:00:00,0.0,0.011121842921159253,False,unknown,82729.57,974.9374363196644,964.5738398198769,0.00012527076473125073,0.0,0.0,964.5738398198769,0.00012527076473125073
2025-03-30 18:00:00,0.0,0.011121842921159253,False,unknown,82284.01,974.8816206777308,964.5738398198769,0.00012527076473125073,0.0,0.0,964.5738398198769,0.00012527076473125073
2025-03-30 19:00:00,0.0,0.011121842921159253,False,unknown,82415.53,974.8980962887082,964.5738398198769,0.00012527076473125073,0.0,0.0,964.5738398198769,0.00012527076473125073
2025-03-30 20:00:00,0.0,0.011121842921159253,False,unknown,82729.65,974.9374463413255,964.5738398198769,0.00012527076473125073,0.0,0.0,964.5738398198769,0.00012527076473125073
2025-03-30 21:00:00,0.0,0.011121842921159253,False,unknown,82548.81,974.9147923762316,964.5738398198769,0.00012527076473125073,0.0,0.0,964.5738398198769,0.00012527076473125073
2025-03-30 22:00:00,0.0,0.011121842921159253,False,unknown,82554.73,974.9155339791588,964.5738398198769,0.00012527076473125073,0.0,0.0,964.5738398198769,0.00012527076473125073
2025-03-30 23:00:00,0.0,0.011121842921159253,False,unknown,82237.68,974.8758168832007,964.5738398198769,0.00012527076473125073,0.0,0.0,964.5738398198769,0.00012527076473125073
2025-03-31 00:00:00,0.0,0.011121842921159253,False,unknown,82438.0,974.9009111227917,964.5738398198769,0.00012527076473125073,0.0,0.0,964.5738398198769,0.00012527076473125073
2025-03-31 01:00:00,0.0,0.011121842921159253,False,unknown,82389.99,974.894896873377,964.5738398198769,0.00012527076473125073,0.0,0.0,964.5738398198769,0.00012527076473125073
2025-03-31 02:00:00,0.0,0.011121842921159253,False,unknown,81646.89,974.8018081681051,964.5738398198769,0.00012527076473125073,0.0,0.0,964.5738398198769,0.00012527076473125073
2025-03-31 03:00:00,0.0,0.011121842921159253,False,unknown,81953.03,974.84015856002,964.5738398198769,0.00012527076473125073,0.0,0.0,964.5738398198769,0.00012527076473125073
2025-03-31 04:00:00,0.0,0.011121842921159253,False,unknown,81922.3,974.8363089894198,964.5738398198769,0.00012527076473125073,0.0,0.0,964.5738398198769,0.00012527076473125073
2025-03-31 05:00:00,0.0,0.011121842921159253,False,unknown,81530.0,974.7871652684157,964.5738398198769,0.00012527076473125073,0.0,0.0,964.5738398198769,0.00012527076473125073
2025-03-31 06:00:00,0.0,0.011121842921159253,False,unknown,81846.01,974.8267520827785,964.5738398198769,0.00012527076473125073,0.0,0.0,964.5738398198769,0.00012527076473125073
2025-03-31 07:00:00,0.0,0.011121842921159253,False,unknown,82166.99,974.8669614928419,964.5738398198769,0.00012527076473125073,0.0,0.0,964.5738398198769,0.00012527076473125073
2025-03-31 08:00:00,0.0,0.011121842921159253,False,unknown,82052.83,974.8526605823401,964.5738398198769,0.00012527076473125073,0.0,0.0,964.5738398198769,0.00012527076473125073
2025-03-31 09:00:00,0.0,0.011121842921159253,False,unknown,81933.51,974.8377132746924,964.5738398198769,0.00012527076473125073,0.0,0.0,964.5738398198769,0.00012527076473125073
2025-03-31 10:00:00,0.0,0.011121842921159253,False,unknown,81899.15,974.8334089712163,964.5738398198769,0.00012527076473125073,0.0,0.0,964.5738398198769,0.00012527076473125073
2025-03-31 11:00:00,0.0,0.011121842921159253,False,unknown,81455.58,974.7778426181044,964.5738398198769,0.00012527076473125073,0.0,0.0,964.5738398198769,0.00012527076473125073
2025-03-31 12:00:00,0.0,0.011121842921159253,False,unknown,82174.16,974.867859684225,964.5738398198769,0.00012527076473125073,0.0,0.0,964.5738398198769,0.00012527076473125073
2025-03-31 13:00:00,0.0,0.011121842921159253,False,unknown,82205.51,974.8717869226994,964.5738398198769,0.00012527076473125073,0.0,0.0,964.5738398198769,0.00012527076473125073
2025-03-31 14:00:00,0.0,0.011121842921159253,False,unknown,82768.74,974.9423431755189,964.5738398198769,0.00012527076473125073,0.0,0.0,964.5738398198769,0.00012527076473125073
2025-03-31 15:00:00,0.0,0.011121842921159253,False,unknown,82507.99,974.9096788236153,964.5738398198769,0.00012527076473125073,0.0,0.0,964.5738398198769,0.00012527076473125073
2025-03-31 16:00:00,0.0,0.011121842921159253,False,unknown,83499.18,975.0338459529092,964.5738398198769,0.00012527076473125073,0.0,0.0,964.5738398198769,0.00012527076473125073
2025-03-31 17:00:00,0.0,0.011121842921159253,False,unknown,83418.78,975.0237741834248,964.5738398198769,0.00012527076473125073,0.0,0.0,964.5738398198769,0.00012527076473125073
2025-03-31 18:00:00,0.0,0.011121842921159253,False,unknown,83288.89,975.0075027637939,964.5738398198769,0.00012527076473125073,0.0,0.0,964.5738398198769,0.00012527076473125073
2025-03-31 19:00:00,0.0,0.011121842921159253,False,unknown,82680.34,974.9312692399167,964.5738398198769,0.00012527076473125073,0.0,0.0,964.5738398198769,0.00012527076473125073
2025-03-31 20:00:00,0.0,0.011121842921159253,False,unknown,83291.42,975.0078196988287,964.5738398198769,0.00012527076473125073,0.0,0.0,964.5738398198769,0.00012527076473125073
2025-03-31 21:00:00,0.0,0.011121842921159253,False,unknown,82462.27,974.9039514442518,964.5738398198769,0.00012527076473125073,0.0,0.0,964.5738398198769,0.00012527076473125073
2025-03-31 22:00:00,0.0,0.011121842921159253,False,unknown,82431.32,974.9000743140833,964.5738398198769,0.00012527076473125073,0.0,0.0,964.5738398198769,0.00012527076473125073
2025-03-31 23:00:00,0.0,0.011121842921159253,False,unknown,82563.99,974.9166939864402,964.5738398198769,0.00012527076473125073,0.0,0.0,964.5738398198769,0.00012527076473125073
2025-04-01 00:00:00,0.0,0.011121842921159253,False,unknown,82409.99,974.8974022886716,964.5738398198769,0.00012527076473125073,0.0,0.0,964.5738398198769,0.00012527076473125073
