timestamp,open,high,low,close,volume,funding_rate,fear_greed,forecast,confidence,regime,strategy,total_portfolio_value,previous_allocation,allocation_change,approved_rebalance,succcess_execute_portfolio_rebalance,postRebalance_total_value,postRebalance_current_allocation,debug_info.regime,debug_info.forecast_delta,debug_info.regime_scores,debug_info.regime_margin,debug_info.bars_in_regime,debug_approve_allocation_change.symbol,debug_approve_allocation_change.time,debug_execute_portfolio_rebalance.symbol,debug_execute_portfolio_rebalance.price,debug_execute_portfolio_rebalance.quantity,debug_execute_portfolio_rebalance.trade_type,balances.USDT.free,balances.USDT.locked,balances.BTCUSDT.free,balances.BTCUSDT.locked,postRebalance_balances.USDT.free,postRebalance_balances.USDT.locked,postRebalance_balances.BTCUSDT.free,postRebalance_balances.BTCUSDT.locked,debug_info.components.sma_trend.last_history_value,debug_info.components.sma_trend.post_pipeline_value,debug_info.components.sma_trend.weight_normalized,debug_info.components.sma_trend.weighted_contribution,debug_approve_allocation_change.controls.max_allocation_change.passed,debug_approve_allocation_change.controls.min_allocation_change.passed
2022-04-01 02:00:00,46283.49,47213.0,45620.0,45811.0,37073.53582,0.0001,50,10.0,0.0,unknown,,1000.0,0.0,1.0,True,True,998.9999999999999,1.0,unknown,10.0,{},,1,BTCUSDT,2022-04-01 02:00:00,BTCUSDT,45811.0,0.02182881840605968,LONG,837.0818418915638,0.0,0.0,0.0,837.0818418915638,0.0,0.0,0.0,10.0,10.0,1.0,10.0,True,True
2022-04-02 02:00:00,45810.99,47444.11,45530.92,46407.35,33394.67794,0.0001,52,10.0,0.0,unknown,,1012.0045982405971,1.0,0.0,,,1012.0045982405971,1.0,unknown,0.0,{},,2,,,,,,,837.0818418915638,0.0,0.0,0.0,837.0818418915638,0.0,0.0,0.0,10.0,10.0,1.0,10.0,,
2022-04-03 02:00:00,46407.36,46890.71,45118.0,46580.51,44641.87514,0.0001,48,10.0,0.0,unknown,,1015.7806965575953,1.0,0.0,,,1015.7806965575953,1.0,unknown,0.0,{},,3,,,,,,,837.0818418915638,0.0,0.0,0.0,837.0818418915638,0.0,0.0,0.0,10.0,10.0,1.0,10.0,,
2022-04-04 02:00:00,46580.5,47200.0,45353.81,45497.55,42192.74852,0.0001,52,10.0,0.0,unknown,,992.16459911375,1.0,0.0,,,992.16459911375,1.0,unknown,0.0,{},,4,,,,,,,837.0818418915638,0.0,0.0,0.0,837.0818418915638,0.0,0.0,0.0,10.0,10.0,1.0,10.0,,
2022-04-05 02:00:00,45497.54,45507.14,43121.0,43170.47,60849.32936,0.0001,53,10.0,0.0,unknown,,941.4179897841129,1.0,0.0,,,941.4179897841129,1.0,unknown,0.0,{},,5,,,,,,,837.0818418915638,0.0,0.0,0.0,837.0818418915638,0.0,0.0,0.0,10.0,10.0,1.0,10.0,,
2022-04-06 02:00:00,43170.47,43900.99,42727.35,43444.19,37396.54156,0.0001,48,10.0,0.0,unknown,,947.3869989740456,1.0,0.0,,,947.3869989740456,1.0,unknown,0.0,{},,6,,,,,,,837.0818418915638,0.0,0.0,0.0,837.0818418915638,0.0,0.0,0.0,10.0,10.0,1.0,10.0,,
2022-04-07 02:00:00,43444.2,43970.62,42107.14,42252.01,42375.04203,0.0001,34,10.0,0.0,unknown,,921.3891421274367,1.0,0.0,,,921.3891421274367,1.0,unknown,0.0,{},,7,,,,,,,837.0818418915638,0.0,0.0,0.0,837.0818418915638,0.0,0.0,0.0,10.0,10.0,1.0,10.0,,
2022-04-08 02:00:00,42252.02,42800.0,42125.48,42753.97,17891.66047,4.306e-05,37,10.0,0.0,unknown,,932.3353786208552,1.0,0.0,,,932.3353786208552,1.0,unknown,0.0,{},,8,,,,,,,837.0818418915638,0.0,0.0,0.0,837.0818418915638,0.0,0.0,0.0,10.0,10.0,1.0,10.0,,
2022-04-09 02:00:00,42753.96,43410.3,41868.0,42158.85,22771.09403,0.0001,30,10.0,0.0,unknown,,919.3576029774507,1.0,0.0,,,919.3576029774507,1.0,unknown,0.0,{},,9,,,,,,,837.0818418915638,0.0,0.0,0.0,837.0818418915638,0.0,0.0,0.0,10.0,10.0,1.0,10.0,,
2022-04-10 02:00:00,42158.85,42414.71,39200.0,39530.45,63560.44721,0.0001,34,10.0,0.0,unknown,,862.040111545262,1.0,0.0,,,862.040111545262,1.0,unknown,0.0,{},,10,,,,,,,837.0818418915638,0.0,0.0,0.0,837.0818418915638,0.0,0.0,0.0,10.0,10.0,1.0,10.0,,
2022-04-11 02:00:00,39530.45,40699.0,39254.63,40074.94,57751.01778,2.43e-06,32,0.0,0.0,unknown,,873.9137993058436,1.0,-1.0,True,True,873.0398855065378,0.0,unknown,-10.0,{},,11,BTCUSDT,2022-04-11 02:00:00,BTCUSDT,40074.94,0.02180698958765362,CLOSE,837.0818418915638,0.0,0.0,0.0,837.0818418915638,0.0,0.0,0.0,0.0,0.0,1.0,0.0,True,True
2022-04-12 02:00:00,40074.95,41561.31,39588.54,41147.79,41342.27254,-6.795e-05,20,0.0,0.0,unknown,,873.0398855065378,0.0,0.0,,,873.0398855065378,0.0,unknown,0.0,{},,12,,,,,,,837.0818418915638,0.0,0.0,0.0,837.0818418915638,0.0,0.0,0.0,0.0,0.0,1.0,0.0,,
2022-04-13 02:00:00,41147.78,41500.0,39551.94,39942.38,36807.01401,-7.001e-05,25,0.0,0.0,unknown,,873.0398855065378,0.0,0.0,,,873.0398855065378,0.0,unknown,0.0,{},,13,,,,,,,837.0818418915638,0.0,0.0,0.0,837.0818418915638,0.0,0.0,0.0,0.0,0.0,1.0,0.0,,
2022-04-14 02:00:00,39942.37,40870.36,39766.4,40551.9,24026.35739,-1.485e-05,28,0.0,0.0,unknown,,873.0398855065378,0.0,0.0,,,873.0398855065378,0.0,unknown,0.0,{},,14,,,,,,,837.0818418915638,0.0,0.0,0.0,837.0818418915638,0.0,0.0,0.0,0.0,0.0,1.0,0.0,,
2022-04-15 02:00:00,40551.9,40709.35,39991.55,40378.71,15805.44718,4.423e-05,22,0.0,0.0,unknown,,873.0398855065378,0.0,0.0,,,873.0398855065378,0.0,unknown,0.0,{},,15,,,,,,,837.0818418915638,0.0,0.0,0.0,837.0818418915638,0.0,0.0,0.0,0.0,0.0,1.0,0.0,,
2022-04-16 02:00:00,40378.7,40595.67,39546.17,39678.12,19988.49259,7.697e-05,28,0.0,0.0,unknown,,873.0398855065378,0.0,0.0,,,873.0398855065378,0.0,unknown,0.0,{},,16,,,,,,,837.0818418915638,0.0,0.0,0.0,837.0818418915638,0.0,0.0,0.0,0.0,0.0,1.0,0.0,,
2022-04-17 02:00:00,39678.11,41116.73,38536.51,40801.13,54243.49575,7.2e-06,28,0.0,0.0,unknown,,873.0398855065378,0.0,0.0,,,873.0398855065378,0.0,unknown,0.0,{},,17,,,,,,,837.0818418915638,0.0,0.0,0.0,837.0818418915638,0.0,0.0,0.0,0.0,0.0,1.0,0.0,,
2022-04-18 02:00:00,40801.13,41760.0,40571.0,41493.18,35788.85843,0.0001,24,0.0,0.0,unknown,,873.0398855065378,0.0,0.0,,,873.0398855065378,0.0,unknown,0.0,{},,18,,,,,,,837.0818418915638,0.0,0.0,0.0,837.0818418915638,0.0,0.0,0.0,0.0,0.0,1.0,0.0,,
2022-04-19 02:00:00,41493.19,42199.0,40820.0,41358.19,40877.35041,-5.436e-05,27,10.0,0.0,unknown,,873.0398855065378,0.0,1.0,True,True,872.1668456210313,1.0,unknown,10.0,{},,19,BTCUSDT,2022-04-19 02:00:00,BTCUSDT,41358.19,0.02110923823084467,LONG,837.0818418915638,0.0,0.0,0.0,837.0818418915638,0.0,0.0,0.0,10.0,10.0,1.0,10.0,True,True
2022-04-20 02:00:00,41358.19,42976.0,39751.0,40480.01,59316.27657,-5.028e-05,27,10.0,0.0,unknown,,853.6476725022976,1.0,0.0,,,853.6476725022976,1.0,unknown,0.0,{},,20,,,,,,,837.0818418915638,0.0,0.0,0.0,837.0818418915638,0.0,0.0,0.0,10.0,10.0,1.0,10.0,,
2022-04-21 02:00:00,40480.01,40795.06,39177.0,39709.18,46664.0196,1.77e-06,27,0.0,0.0,unknown,,837.3923100309211,1.0,-1.0,True,True,836.5549177208901,0.0,unknown,-10.0,{},,21,BTCUSDT,2022-04-21 02:00:00,BTCUSDT,39709.18,0.021088128992613826,CLOSE,837.0818418915638,0.0,0.0,0.0,837.0818418915638,0.0,0.0,0.0,0.0,0.0,1.0,0.0,True,True
2022-04-22 02:00:00,39709.19,39980.0,39285.0,39441.6,20291.42375,5.359e-05,26,0.0,0.0,unknown,,836.5549177208901,0.0,0.0,,,836.5549177208901,0.0,unknown,0.0,{},,22,,,,,,,837.0818418915638,0.0,0.0,0.0,837.0818418915638,0.0,0.0,0.0,0.0,0.0,1.0,0.0,,
2022-04-23 02:00:00,39441.61,39940.0,38929.62,39450.13,26703.61186,-9.023e-05,24,0.0,0.0,unknown,,836.5549177208901,0.0,0.0,,,836.5549177208901,0.0,unknown,0.0,{},,23,,,,,,,837.0818418915638,0.0,0.0,0.0,837.0818418915638,0.0,0.0,0.0,0.0,0.0,1.0,0.0,,
2022-04-24 02:00:00,39450.12,40616.0,38200.0,40426.08,63037.12784,-0.00011883,24,0.0,0.0,unknown,,836.5549177208901,0.0,0.0,,,836.5549177208901,0.0,unknown,0.0,{},,24,,,,,,,837.0818418915638,0.0,0.0,0.0,837.0818418915638,0.0,0.0,0.0,0.0,0.0,1.0,0.0,,
2022-04-25 02:00:00,40426.08,40797.31,37702.26,38112.65,66650.258,-3.654e-05,23,0.0,0.0,unknown,,836.5549177208901,0.0,0.0,,,836.5549177208901,0.0,unknown,0.0,{},,25,,,,,,,837.0818418915638,0.0,0.0,0.0,837.0818418915638,0.0,0.0,0.0,0.0,0.0,1.0,0.0,,
2022-04-26 02:00:00,38112.64,39474.72,37881.31,39235.72,57083.12272,7.223e-05,27,0.0,0.0,unknown,,836.5549177208901,0.0,0.0,,,836.5549177208901,0.0,unknown,0.0,{},,26,,,,,,,837.0818418915638,0.0,0.0,0.0,837.0818418915638,0.0,0.0,0.0,0.0,0.0,1.0,0.0,,
2022-04-27 02:00:00,39235.72,40372.63,38881.43,39742.07,56086.6715,0.0001,21,0.0,0.0,unknown,,836.5549177208901,0.0,0.0,,,836.5549177208901,0.0,unknown,0.0,{},,27,,,,,,,837.0818418915638,0.0,0.0,0.0,837.0818418915638,0.0,0.0,0.0,0.0,0.0,1.0,0.0,,
2022-04-28 02:00:00,39742.06,39925.25,38175.0,38596.11,51453.65715,-5.716e-05,24,0.0,0.0,unknown,,836.5549177208901,0.0,0.0,,,836.5549177208901,0.0,unknown,0.0,{},,28,,,,,,,837.0818418915638,0.0,0.0,0.0,837.0818418915638,0.0,0.0,0.0,0.0,0.0,1.0,0.0,,
2022-04-29 02:00:00,38596.11,38795.38,37578.2,37630.8,35321.18989,0.0001,23,0.0,0.0,unknown,,836.5549177208901,0.0,0.0,,,836.5549177208901,0.0,unknown,0.0,{},,29,,,,,,,837.0818418915638,0.0,0.0,0.0,837.0818418915638,0.0,0.0,0.0,0.0,0.0,1.0,0.0,,
2022-04-30 02:00:00,37630.8,38675.0,37386.38,38468.35,38812.24104,-9.371e-05,20,0.0,0.0,unknown,,836.5549177208901,0.0,0.0,,,836.5549177208901,0.0,unknown,0.0,{},,30,,,,,,,837.0818418915638,0.0,0.0,0.0,837.0818418915638,0.0,0.0,0.0,0.0,0.0,1.0,0.0,,
2022-05-01 02:00:00,38468.35,39167.34,38052.0,38525.16,53200.92628,2.403e-05,22,0.0,0.0,unknown,,836.5549177208901,0.0,0.0,,,836.5549177208901,0.0,unknown,0.0,{},,31,,,,,,,837.0818418915638,0.0,0.0,0.0,837.0818418915638,0.0,0.0,0.0,0.0,0.0,1.0,0.0,,
2022-05-02 02:00:00,38525.16,38651.51,37517.8,37728.95,40316.45358,0.0001,28,0.0,0.0,unknown,,836.5549177208901,0.0,0.0,,,836.5549177208901,0.0,unknown,0.0,{},,32,,,,,,,837.0818418915638,0.0,0.0,0.0,837.0818418915638,0.0,0.0,0.0,0.0,0.0,1.0,0.0,,
2022-05-03 02:00:00,37728.95,40023.77,37670.0,39690.0,62574.61736,0.0001,27,0.0,0.0,unknown,,836.5549177208901,0.0,0.0,,,836.5549177208901,0.0,unknown,0.0,{},,33,,,,,,,837.0818418915638,0.0,0.0,0.0,837.0818418915638,0.0,0.0,0.0,0.0,0.0,1.0,0.0,,
2022-05-04 02:00:00,39690.0,39845.51,35571.9,36552.97,88722.43355,0.0001,21,0.0,0.0,unknown,,836.5549177208901,0.0,0.0,,,836.5549177208901,0.0,unknown,0.0,{},,34,,,,,,,837.0818418915638,0.0,0.0,0.0,837.0818418915638,0.0,0.0,0.0,0.0,0.0,1.0,0.0,,
2022-05-05 02:00:00,36552.97,36675.63,35258.0,36013.77,68437.80187,0.0001,27,0.0,0.0,unknown,,836.5549177208901,0.0,0.0,,,836.5549177208901,0.0,unknown,0.0,{},,35,,,,,,,837.0818418915638,0.0,0.0,0.0,837.0818418915638,0.0,0.0,0.0,0.0,0.0,1.0,0.0,,
2022-05-06 02:00:00,36013.77,36146.3,34785.0,35472.39,34281.70682,0.0001,22,0.0,0.0,unknown,,836.5549177208901,0.0,0.0,,,836.5549177208901,0.0,unknown,0.0,{},,36,,,,,,,837.0818418915638,0.0,0.0,0.0,837.0818418915638,0.0,0.0,0.0,0.0,0.0,1.0,0.0,,
2022-05-07 02:00:00,35472.4,35514.22,33713.95,34038.4,72445.64344,4.197e-05,23,0.0,0.0,unknown,,836.5549177208901,0.0,0.0,,,836.5549177208901,0.0,unknown,0.0,{},,37,,,,,,,837.0818418915638,0.0,0.0,0.0,837.0818418915638,0.0,0.0,0.0,0.0,0.0,1.0,0.0,,
2022-05-08 02:00:00,34038.39,34243.15,30033.33,30076.31,191876.926428,-2.659e-05,18,0.0,0.0,unknown,,836.5549177208901,0.0,0.0,,,836.5549177208901,0.0,unknown,0.0,{},,38,,,,,,,837.0818418915638,0.0,0.0,0.0,837.0818418915638,0.0,0.0,0.0,0.0,0.0,1.0,0.0,,
2022-05-09 02:00:00,30074.23,32658.99,29730.4,31017.1,165532.00311,0.0001,11,0.0,0.0,unknown,,836.5549177208901,0.0,0.0,,,836.5549177208901,0.0,unknown,0.0,{},,39,,,,,,,837.0818418915638,0.0,0.0,0.0,837.0818418915638,0.0,0.0,0.0,0.0,0.0,1.0,0.0,,
2022-05-10 02:00:00,31017.11,32162.59,27785.0,29103.94,207063.739278,0.0001,10,0.0,0.0,unknown,,836.5549177208901,0.0,0.0,,,836.5549177208901,0.0,unknown,0.0,{},,40,,,,,,,837.0818418915638,0.0,0.0,0.0,837.0818418915638,0.0,0.0,0.0,0.0,0.0,1.0,0.0,,
2022-05-11 02:00:00,29103.94,30243.0,26700.0,29029.75,204507.263138,0.0001,12,0.0,0.0,unknown,,836.5549177208901,0.0,0.0,,,836.5549177208901,0.0,unknown,0.0,{},,41,,,,,,,837.0818418915638,0.0,0.0,0.0,837.0818418915638,0.0,0.0,0.0,0.0,0.0,1.0,0.0,,
2022-05-12 02:00:00,29029.74,31083.37,28751.67,29287.05,97872.36957,-3.512e-05,12,0.0,0.0,unknown,,836.5549177208901,0.0,0.0,,,836.5549177208901,0.0,unknown,0.0,{},,42,,,,,,,837.0818418915638,0.0,0.0,0.0,837.0818418915638,0.0,0.0,0.0,0.0,0.0,1.0,0.0,,
2022-05-13 02:00:00,29287.05,30343.27,28630.0,30086.74,51095.87863,-0.00014678,10,0.0,0.0,unknown,,836.5549177208901,0.0,0.0,,,836.5549177208901,0.0,unknown,0.0,{},,43,,,,,,,837.0818418915638,0.0,0.0,0.0,837.0818418915638,0.0,0.0,0.0,0.0,0.0,1.0,0.0,,
2022-05-14 02:00:00,30086.74,31460.0,29480.0,31328.89,46275.66912,0.0001,9,0.0,0.0,unknown,,836.5549177208901,0.0,0.0,,,836.5549177208901,0.0,unknown,0.0,{},,44,,,,,,,837.0818418915638,0.0,0.0,0.0,837.0818418915638,0.0,0.0,0.0,0.0,0.0,1.0,0.0,,
2022-05-15 02:00:00,31328.89,31328.9,29087.04,29874.01,73082.19658,8.29e-05,10,0.0,0.0,unknown,,836.5549177208901,0.0,0.0,,,836.5549177208901,0.0,unknown,0.0,{},,45,,,,,,,837.0818418915638,0.0,0.0,0.0,837.0818418915638,0.0,0.0,0.0,0.0,0.0,1.0,0.0,,
2022-05-16 02:00:00,29874.01,30788.37,29450.38,30444.93,56724.13307,9.053e-05,14,0.0,0.0,unknown,,836.5549177208901,0.0,0.0,,,836.5549177208901,0.0,unknown,0.0,{},,46,,,,,,,837.0818418915638,0.0,0.0,0.0,837.0818418915638,0.0,0.0,0.0,0.0,0.0,1.0,0.0,,
2022-05-17 02:00:00,30444.93,30709.99,28654.47,28715.32,59749.15799,0.0001,8,0.0,0.0,unknown,,836.5549177208901,0.0,0.0,,,836.5549177208901,0.0,unknown,0.0,{},,47,,,,,,,837.0818418915638,0.0,0.0,0.0,837.0818418915638,0.0,0.0,0.0,0.0,0.0,1.0,0.0,,
2022-05-18 02:00:00,28715.33,30545.18,28691.38,30319.23,67877.36415,4.705e-05,12,0.0,0.0,unknown,,836.5549177208901,0.0,0.0,,,836.5549177208901,0.0,unknown,0.0,{},,48,,,,,,,837.0818418915638,0.0,0.0,0.0,837.0818418915638,0.0,0.0,0.0,0.0,0.0,1.0,0.0,,
2022-05-19 02:00:00,30319.22,30777.33,28730.0,29201.01,60517.25325,-3.41e-06,13,0.0,0.0,unknown,,836.5549177208901,0.0,0.0,,,836.5549177208901,0.0,unknown,0.0,{},,49,,,,,,,837.0818418915638,0.0,0.0,0.0,837.0818418915638,0.0,0.0,0.0,0.0,0.0,1.0,0.0,,
2022-05-20 02:00:00,29201.01,29656.18,28947.28,29445.06,20987.13124,7.465e-05,13,0.0,0.0,unknown,,836.5549177208901,0.0,0.0,,,836.5549177208901,0.0,unknown,0.0,{},,50,,,,,,,837.0818418915638,0.0,0.0,0.0,837.0818418915638,0.0,0.0,0.0,0.0,0.0,1.0,0.0,,
2022-05-21 02:00:00,29445.07,30487.99,29255.11,30293.94,36158.98748,0.0001,13,0.0,0.0,unknown,,836.5549177208901,0.0,0.0,,,836.5549177208901,0.0,unknown,0.0,{},,51,,,,,,,837.0818418915638,0.0,0.0,0.0,837.0818418915638,0.0,0.0,0.0,0.0,0.0,1.0,0.0,,
2022-05-22 02:00:00,30293.93,30670.51,28866.35,29109.15,63901.49932,2.549e-05,14,0.0,0.0,unknown,,836.5549177208901,0.0,0.0,,,836.5549177208901,0.0,unknown,0.0,{},,52,,,,,,,837.0818418915638,0.0,0.0,0.0,837.0818418915638,0.0,0.0,0.0,0.0,0.0,1.0,0.0,,
2022-05-23 02:00:00,29109.14,29845.86,28669.0,29654.58,59442.96036,0.0001,10,0.0,0.0,unknown,,836.5549177208901,0.0,0.0,,,836.5549177208901,0.0,unknown,0.0,{},,53,,,,,,,837.0818418915638,0.0,0.0,0.0,837.0818418915638,0.0,0.0,0.0,0.0,0.0,1.0,0.0,,
2022-05-24 02:00:00,29654.58,30223.74,29294.21,29542.15,59537.38659,0.0001,12,0.0,0.0,unknown,,836.5549177208901,0.0,0.0,,,836.5549177208901,0.0,unknown,0.0,{},,54,,,,,,,837.0818418915638,0.0,0.0,0.0,837.0818418915638,0.0,0.0,0.0,0.0,0.0,1.0,0.0,,
2022-05-25 02:00:00,29542.14,29886.64,28019.56,29201.35,94581.65463,2.892e-05,11,0.0,0.0,unknown,,836.5549177208901,0.0,0.0,,,836.5549177208901,0.0,unknown,0.0,{},,55,,,,,,,837.0818418915638,0.0,0.0,0.0,837.0818418915638,0.0,0.0,0.0,0.0,0.0,1.0,0.0,,
2022-05-26 02:00:00,29201.35,29397.66,28282.9,28629.8,90998.5201,0.0001,12,0.0,0.0,unknown,,836.5549177208901,0.0,0.0,,,836.5549177208901,0.0,unknown,0.0,{},,56,,,,,,,837.0818418915638,0.0,0.0,0.0,837.0818418915638,0.0,0.0,0.0,0.0,0.0,1.0,0.0,,
2022-05-27 02:00:00,28629.81,29266.0,28450.0,29031.33,34479.35127,7.21e-06,12,0.0,0.0,unknown,,836.5549177208901,0.0,0.0,,,836.5549177208901,0.0,unknown,0.0,{},,57,,,,,,,837.0818418915638,0.0,0.0,0.0,837.0818418915638,0.0,0.0,0.0,0.0,0.0,1.0,0.0,,
2022-05-28 02:00:00,29031.33,29587.78,28839.21,29468.1,27567.34764,0.0001,13,0.0,0.0,unknown,,836.5549177208901,0.0,0.0,,,836.5549177208901,0.0,unknown,0.0,{},,58,,,,,,,837.0818418915638,0.0,0.0,0.0,837.0818418915638,0.0,0.0,0.0,0.0,0.0,1.0,0.0,,
2022-05-29 02:00:00,29468.1,32222.0,29299.62,31734.22,96785.9476,0.0001,14,0.0,0.0,unknown,,836.5549177208901,0.0,0.0,,,836.5549177208901,0.0,unknown,0.0,{},,59,,,,,,,837.0818418915638,0.0,0.0,0.0,837.0818418915638,0.0,0.0,0.0,0.0,0.0,1.0,0.0,,
2022-05-30 02:00:00,31734.23,32399.0,31200.01,31801.04,62433.11632,0.0001,10,0.0,0.0,unknown,,836.5549177208901,0.0,0.0,,,836.5549177208901,0.0,unknown,0.0,{},,60,,,,,,,837.0818418915638,0.0,0.0,0.0,837.0818418915638,0.0,0.0,0.0,0.0,0.0,1.0,0.0,,
2022-05-31 02:00:00,31801.05,31982.97,29301.0,29805.83,103395.63382,0.0001,16,0.0,0.0,unknown,,836.5549177208901,0.0,0.0,,,836.5549177208901,0.0,unknown,0.0,{},,61,,,,,,,837.0818418915638,0.0,0.0,0.0,837.0818418915638,0.0,0.0,0.0,0.0,0.0,1.0,0.0,,
2022-06-01 02:00:00,29805.84,30689.0,29594.55,30452.62,56961.42928,0.0001,17,0.0,0.0,unknown,,836.5549177208901,0.0,0.0,,,836.5549177208901,0.0,unknown,0.0,{},,62,,,,,,,837.0818418915638,0.0,0.0,0.0,837.0818418915638,0.0,0.0,0.0,0.0,0.0,1.0,0.0,,
2022-06-02 02:00:00,30452.63,30699.0,29282.36,29700.21,54067.44727,-1.452e-05,13,0.0,0.0,unknown,,836.5549177208901,0.0,0.0,,,836.5549177208901,0.0,unknown,0.0,{},,63,,,,,,,837.0818418915638,0.0,0.0,0.0,837.0818418915638,0.0,0.0,0.0,0.0,0.0,1.0,0.0,,
2022-06-03 02:00:00,29700.21,29988.88,29485.0,29864.04,25617.90113,2.107e-05,10,0.0,0.0,unknown,,836.5549177208901,0.0,0.0,,,836.5549177208901,0.0,unknown,0.0,{},,64,,,,,,,837.0818418915638,0.0,0.0,0.0,837.0818418915638,0.0,0.0,0.0,0.0,0.0,1.0,0.0,,
2022-06-04 02:00:00,29864.03,30189.0,29531.42,29919.21,23139.9281,6.937e-05,14,0.0,0.0,unknown,,836.5549177208901,0.0,0.0,,,836.5549177208901,0.0,unknown,0.0,{},,65,,,,,,,837.0818418915638,0.0,0.0,0.0,837.0818418915638,0.0,0.0,0.0,0.0,0.0,1.0,0.0,,
2022-06-05 02:00:00,29919.2,31765.64,29890.23,31373.1,68836.92456,5.506e-05,10,0.0,0.0,unknown,,836.5549177208901,0.0,0.0,,,836.5549177208901,0.0,unknown,0.0,{},,66,,,,,,,837.0818418915638,0.0,0.0,0.0,837.0818418915638,0.0,0.0,0.0,0.0,0.0,1.0,0.0,,
2022-06-06 02:00:00,31373.1,31589.6,29218.96,31125.33,110674.51658,6.036e-05,13,0.0,0.0,unknown,,836.5549177208901,0.0,0.0,,,836.5549177208901,0.0,unknown,0.0,{},,67,,,,,,,837.0818418915638,0.0,0.0,0.0,837.0818418915638,0.0,0.0,0.0,0.0,0.0,1.0,0.0,,
2022-06-07 02:00:00,31125.32,31327.22,29843.88,30204.77,68542.61276,0.0001,15,0.0,0.0,unknown,,836.5549177208901,0.0,0.0,,,836.5549177208901,0.0,unknown,0.0,{},,68,,,,,,,837.0818418915638,0.0,0.0,0.0,837.0818418915638,0.0,0.0,0.0,0.0,0.0,1.0,0.0,,
2022-06-08 02:00:00,30204.77,30700.0,29944.1,30109.93,46291.1865,-3.705e-05,17,0.0,0.0,unknown,,836.5549177208901,0.0,0.0,,,836.5549177208901,0.0,unknown,0.0,{},,69,,,,,,,837.0818418915638,0.0,0.0,0.0,837.0818418915638,0.0,0.0,0.0,0.0,0.0,1.0,0.0,,
2022-06-09 02:00:00,30109.93,30382.8,28850.0,29091.88,76204.2498,0.0001,11,0.0,0.0,unknown,,836.5549177208901,0.0,0.0,,,836.5549177208901,0.0,unknown,0.0,{},,70,,,,,,,837.0818418915638,0.0,0.0,0.0,837.0818418915638,0.0,0.0,0.0,0.0,0.0,1.0,0.0,,
2022-06-10 02:00:00,29091.87,29440.41,28099.99,28424.7,65901.39895,0.0001,13,0.0,0.0,unknown,,836.5549177208901,0.0,0.0,,,836.5549177208901,0.0,unknown,0.0,{},,71,,,,,,,837.0818418915638,0.0,0.0,0.0,837.0818418915638,0.0,0.0,0.0,0.0,0.0,1.0,0.0,,
2022-06-11 02:00:00,28424.71,28544.96,26560.0,26574.53,92474.598809,3.503e-05,12,0.0,0.0,unknown,,836.5549177208901,0.0,0.0,,,836.5549177208901,0.0,unknown,0.0,{},,72,,,,,,,837.0818418915638,0.0,0.0,0.0,837.0818418915638,0.0,0.0,0.0,0.0,0.0,1.0,0.0,,
2022-06-12 02:00:00,26574.53,26895.84,21925.77,22487.41,254611.034966,6.606e-05,14,0.0,0.0,unknown,,836.5549177208901,0.0,0.0,,,836.5549177208901,0.0,unknown,0.0,{},,73,,,,,,,837.0818418915638,0.0,0.0,0.0,837.0818418915638,0.0,0.0,0.0,0.0,0.0,1.0,0.0,,
2022-06-13 02:00:00,22485.27,23362.88,20846.0,22136.41,187201.64671,4.39e-06,11,0.0,0.0,unknown,,836.5549177208901,0.0,0.0,,,836.5549177208901,0.0,unknown,0.0,{},,74,,,,,,,837.0818418915638,0.0,0.0,0.0,837.0818418915638,0.0,0.0,0.0,0.0,0.0,1.0,0.0,,
2022-06-14 02:00:00,22136.42,22800.0,20111.62,22583.72,200774.493467,-5.8e-06,8,0.0,0.0,unknown,,836.5549177208901,0.0,0.0,,,836.5549177208901,0.0,unknown,0.0,{},,75,,,,,,,837.0818418915638,0.0,0.0,0.0,837.0818418915638,0.0,0.0,0.0,0.0,0.0,1.0,0.0,,
2022-06-15 02:00:00,22583.72,22995.73,20232.0,20401.31,99673.59429,-2.077e-05,7,0.0,0.0,unknown,,836.5549177208901,0.0,0.0,,,836.5549177208901,0.0,unknown,0.0,{},,76,,,,,,,837.0818418915638,0.0,0.0,0.0,837.0818418915638,0.0,0.0,0.0,0.0,0.0,1.0,0.0,,
2022-06-16 02:00:00,20400.6,21365.43,20246.66,20468.81,86694.33663,-6.66e-06,7,0.0,0.0,unknown,,836.5549177208901,0.0,0.0,,,836.5549177208901,0.0,unknown,0.0,{},,77,,,,,,,837.0818418915638,0.0,0.0,0.0,837.0818418915638,0.0,0.0,0.0,0.0,0.0,1.0,0.0,,
2022-06-17 02:00:00,20468.81,20792.06,17622.0,18970.79,196441.655524,-5.277e-05,9,0.0,0.0,unknown,,836.5549177208901,0.0,0.0,,,836.5549177208901,0.0,unknown,0.0,{},,78,,,,,,,837.0818418915638,0.0,0.0,0.0,837.0818418915638,0.0,0.0,0.0,0.0,0.0,1.0,0.0,,
2022-06-18 02:00:00,18970.79,20815.95,17960.41,20574.0,128320.87595,5.092e-05,6,0.0,0.0,unknown,,836.5549177208901,0.0,0.0,,,836.5549177208901,0.0,unknown,0.0,{},,79,,,,,,,837.0818418915638,0.0,0.0,0.0,837.0818418915638,0.0,0.0,0.0,0.0,0.0,1.0,0.0,,
2022-06-19 02:00:00,20574.0,21090.0,19637.03,20573.89,109028.94154,5.227e-05,6,0.0,0.0,unknown,,836.5549177208901,0.0,0.0,,,836.5549177208901,0.0,unknown,0.0,{},,80,,,,,,,837.0818418915638,0.0,0.0,0.0,837.0818418915638,0.0,0.0,0.0,0.0,0.0,1.0,0.0,,
2022-06-20 02:00:00,20573.9,21723.0,20348.4,20723.52,104371.0749,7.239e-05,9,0.0,0.0,unknown,,836.5549177208901,0.0,0.0,,,836.5549177208901,0.0,unknown,0.0,{},,81,,,,,,,837.0818418915638,0.0,0.0,0.0,837.0818418915638,0.0,0.0,0.0,0.0,0.0,1.0,0.0,,
2022-06-21 02:00:00,20723.51,20900.0,19770.51,19987.99,92133.97938,6.08e-05,9,0.0,0.0,unknown,,836.5549177208901,0.0,0.0,,,836.5549177208901,0.0,unknown,0.0,{},,82,,,,,,,837.0818418915638,0.0,0.0,0.0,837.0818418915638,0.0,0.0,0.0,0.0,0.0,1.0,0.0,,
2022-06-22 02:00:00,19988.0,21233.0,19890.07,21110.13,83127.08716,1.78e-06,11,0.0,0.0,unknown,,836.5549177208901,0.0,0.0,,,836.5549177208901,0.0,unknown,0.0,{},,83,,,,,,,837.0818418915638,0.0,0.0,0.0,837.0818418915638,0.0,0.0,0.0,0.0,0.0,1.0,0.0,,
2022-06-23 02:00:00,21110.12,21558.41,20736.72,21237.69,77430.36622,-8.72e-06,11,0.0,0.0,unknown,,836.5549177208901,0.0,0.0,,,836.5549177208901,0.0,unknown,0.0,{},,84,,,,,,,837.0818418915638,0.0,0.0,0.0,837.0818418915638,0.0,0.0,0.0,0.0,0.0,1.0,0.0,,
2022-06-24 02:00:00,21237.68,21614.5,20906.62,21491.19,51431.67794,-2.656e-05,11,0.0,0.0,unknown,,836.5549177208901,0.0,0.0,,,836.5549177208901,0.0,unknown,0.0,{},,85,,,,,,,837.0818418915638,0.0,0.0,0.0,837.0818418915638,0.0,0.0,0.0,0.0,0.0,1.0,0.0,,
2022-06-25 02:00:00,21491.18,21888.0,20964.73,21038.07,53278.10464,0.0001,14,0.0,0.0,unknown,,836.5549177208901,0.0,0.0,,,836.5549177208901,0.0,unknown,0.0,{},,86,,,,,,,837.0818418915638,0.0,0.0,0.0,837.0818418915638,0.0,0.0,0.0,0.0,0.0,1.0,0.0,,
2022-06-26 02:00:00,21038.08,21539.85,20510.0,20742.56,64475.0013,0.0001,14,0.0,0.0,unknown,,836.5549177208901,0.0,0.0,,,836.5549177208901,0.0,unknown,0.0,{},,87,,,,,,,837.0818418915638,0.0,0.0,0.0,837.0818418915638,0.0,0.0,0.0,0.0,0.0,1.0,0.0,,
2022-06-27 02:00:00,20742.57,21212.1,20202.01,20281.29,63801.0832,6.69e-06,12,0.0,0.0,unknown,,836.5549177208901,0.0,0.0,,,836.5549177208901,0.0,unknown,0.0,{},,88,,,,,,,837.0818418915638,0.0,0.0,0.0,837.0818418915638,0.0,0.0,0.0,0.0,0.0,1.0,0.0,,
2022-06-28 02:00:00,20281.28,20432.31,19854.92,20123.01,77309.04379,6.102e-05,10,0.0,0.0,unknown,,836.5549177208901,0.0,0.0,,,836.5549177208901,0.0,unknown,0.0,{},,89,,,,,,,837.0818418915638,0.0,0.0,0.0,837.0818418915638,0.0,0.0,0.0,0.0,0.0,1.0,0.0,,
2022-06-29 02:00:00,20123.0,20179.08,18626.0,19942.21,93846.64806,4.188e-05,13,0.0,0.0,unknown,,836.5549177208901,0.0,0.0,,,836.5549177208901,0.0,unknown,0.0,{},,90,,,,,,,837.0818418915638,0.0,0.0,0.0,837.0818418915638,0.0,0.0,0.0,0.0,0.0,1.0,0.0,,
2022-06-30 02:00:00,19942.21,20918.35,18975.0,19279.8,111844.59494,3.24e-06,11,0.0,0.0,unknown,,836.5549177208901,0.0,0.0,,,836.5549177208901,0.0,unknown,0.0,{},,91,,,,,,,837.0818418915638,0.0,0.0,0.0,837.0818418915638,0.0,0.0,0.0,0.0,0.0,1.0,0.0,,
2022-07-01 02:00:00,19279.8,19467.39,18977.01,19252.81,46180.3021,-0.00015879,11,0.0,0.0,unknown,,836.5549177208901,0.0,0.0,,,836.5549177208901,0.0,unknown,0.0,{},,92,,,,,,,837.0818418915638,0.0,0.0,0.0,837.0818418915638,0.0,0.0,0.0,0.0,0.0,1.0,0.0,,
2022-07-02 02:00:00,19252.82,19647.63,18781.0,19315.83,51087.46631,-2.913e-05,14,0.0,0.0,unknown,,836.5549177208901,0.0,0.0,,,836.5549177208901,0.0,unknown,0.0,{},,93,,,,,,,837.0818418915638,0.0,0.0,0.0,837.0818418915638,0.0,0.0,0.0,0.0,0.0,1.0,0.0,,
2022-07-03 02:00:00,19315.83,20354.01,19055.31,20236.71,74814.04601,2.12e-05,11,0.0,0.0,unknown,,836.5549177208901,0.0,0.0,,,836.5549177208901,0.0,unknown,0.0,{},,94,,,,,,,837.0818418915638,0.0,0.0,0.0,837.0818418915638,0.0,0.0,0.0,0.0,0.0,1.0,0.0,,
2022-07-04 02:00:00,20236.71,20750.0,19304.4,20175.83,96041.13756,7.251e-05,14,0.0,0.0,unknown,,836.5549177208901,0.0,0.0,,,836.5549177208901,0.0,unknown,0.0,{},,95,,,,,,,837.0818418915638,0.0,0.0,0.0,837.0818418915638,0.0,0.0,0.0,0.0,0.0,1.0,0.0,,
2022-07-05 02:00:00,20175.84,20675.22,19761.25,20564.51,82439.5808,5.291e-05,19,0.0,0.0,unknown,,836.5549177208901,0.0,0.0,,,836.5549177208901,0.0,unknown,0.0,{},,96,,,,,,,837.0818418915638,0.0,0.0,0.0,837.0818418915638,0.0,0.0,0.0,0.0,0.0,1.0,0.0,,
2022-07-06 02:00:00,20564.51,21838.1,20251.68,21624.98,85014.58261,1.2e-06,18,0.0,0.0,unknown,,836.5549177208901,0.0,0.0,,,836.5549177208901,0.0,unknown,0.0,{},,97,,,,,,,837.0818418915638,0.0,0.0,0.0,837.0818418915638,0.0,0.0,0.0,0.0,0.0,1.0,0.0,,
2022-07-07 02:00:00,21624.99,22527.37,21189.26,21594.75,403081.57349,8.373e-05,18,0.0,0.0,unknown,,836.5549177208901,0.0,0.0,,,836.5549177208901,0.0,unknown,0.0,{},,98,,,,,,,837.0818418915638,0.0,0.0,0.0,837.0818418915638,0.0,0.0,0.0,0.0,0.0,1.0,0.0,,
2022-07-08 02:00:00,21594.75,21980.0,21322.12,21591.83,178417.84468,0.0001,20,0.0,0.0,unknown,,836.5549177208901,0.0,0.0,,,836.5549177208901,0.0,unknown,0.0,{},,99,,,,,,,837.0818418915638,0.0,0.0,0.0,837.0818418915638,0.0,0.0,0.0,0.0,0.0,1.0,0.0,,
2022-07-09 02:00:00,21592.15,21607.65,20655.0,20862.47,192188.21556,0.0001,24,0.0,0.0,unknown,,836.5549177208901,0.0,0.0,,,836.5549177208901,0.0,unknown,0.0,{},,100,,,,,,,837.0818418915638,0.0,0.0,0.0,837.0818418915638,0.0,0.0,0.0,0.0,0.0,1.0,0.0,,
2022-07-10 02:00:00,20861.11,20868.48,19875.23,19963.61,137535.40724,6.143e-05,24,0.0,0.0,unknown,,836.5549177208901,0.0,0.0,,,836.5549177208901,0.0,unknown,0.0,{},,101,,,,,,,837.0818418915638,0.0,0.0,0.0,837.0818418915638,0.0,0.0,0.0,0.0,0.0,1.0,0.0,,
2022-07-11 02:00:00,19963.61,20059.42,19240.0,19328.75,139506.45862,4.543e-05,22,0.0,0.0,unknown,,836.5549177208901,0.0,0.0,,,836.5549177208901,0.0,unknown,0.0,{},,102,,,,,,,837.0818418915638,0.0,0.0,0.0,837.0818418915638,0.0,0.0,0.0,0.0,0.0,1.0,0.0,,
2022-07-12 02:00:00,19331.28,20366.61,18910.94,20234.87,209250.24888,8.003e-05,16,0.0,0.0,unknown,,836.5549177208901,0.0,0.0,,,836.5549177208901,0.0,unknown,0.0,{},,103,,,,,,,837.0818418915638,0.0,0.0,0.0,837.0818418915638,0.0,0.0,0.0,0.0,0.0,1.0,0.0,,
2022-07-13 02:00:00,20234.87,20900.0,19616.07,20588.84,174809.21696,2.667e-05,15,0.0,0.0,unknown,,836.5549177208901,0.0,0.0,,,836.5549177208901,0.0,unknown,0.0,{},,104,,,,,,,837.0818418915638,0.0,0.0,0.0,837.0818418915638,0.0,0.0,0.0,0.0,0.0,1.0,0.0,,
2022-07-14 02:00:00,20588.84,21200.0,20382.29,20830.04,143343.3049,-1.218e-05,18,0.0,0.0,unknown,,836.5549177208901,0.0,0.0,,,836.5549177208901,0.0,unknown,0.0,{},,105,,,,,,,837.0818418915638,0.0,0.0,0.0,837.0818418915638,0.0,0.0,0.0,0.0,0.0,1.0,0.0,,
2022-07-15 02:00:00,20830.04,21588.94,20478.61,21195.6,121011.67393,3.451e-05,15,0.0,0.0,unknown,,836.5549177208901,0.0,0.0,,,836.5549177208901,0.0,unknown,0.0,{},,106,,,,,,,837.0818418915638,0.0,0.0,0.0,837.0818418915638,0.0,0.0,0.0,0.0,0.0,1.0,0.0,,
2022-07-16 02:00:00,21195.6,21684.54,20750.01,20798.16,118229.4525,1.601e-05,21,0.0,0.0,unknown,,836.5549177208901,0.0,0.0,,,836.5549177208901,0.0,unknown,0.0,{},,107,,,,,,,837.0818418915638,0.0,0.0,0.0,837.0818418915638,0.0,0.0,0.0,0.0,0.0,1.0,0.0,,
2022-07-17 02:00:00,20799.58,22777.63,20762.45,22432.58,239942.73132,8.038e-05,24,0.0,0.0,unknown,,836.5549177208901,0.0,0.0,,,836.5549177208901,0.0,unknown,0.0,{},,108,,,,,,,837.0818418915638,0.0,0.0,0.0,837.0818418915638,0.0,0.0,0.0,0.0,0.0,1.0,0.0,,
2022-07-18 02:00:00,22432.58,23800.0,21579.54,23396.62,263770.76574,8.709e-05,20,0.0,0.0,unknown,,836.5549177208901,0.0,0.0,,,836.5549177208901,0.0,unknown,0.0,{},,109,,,,,,,837.0818418915638,0.0,0.0,0.0,837.0818418915638,0.0,0.0,0.0,0.0,0.0,1.0,0.0,,
2022-07-19 02:00:00,23398.48,24276.74,22906.19,23223.3,238762.17094,0.0001,30,0.0,0.0,unknown,,836.5549177208901,0.0,0.0,,,836.5549177208901,0.0,unknown,0.0,{},,110,,,,,,,837.0818418915638,0.0,0.0,0.0,837.0818418915638,0.0,0.0,0.0,0.0,0.0,1.0,0.0,,
2022-07-20 02:00:00,23223.3,23442.77,22341.46,23152.19,184817.68191,0.0001,31,0.0,0.0,unknown,,836.5549177208901,0.0,0.0,,,836.5549177208901,0.0,unknown,0.0,{},,111,,,,,,,837.0818418915638,0.0,0.0,0.0,837.0818418915638,0.0,0.0,0.0,0.0,0.0,1.0,0.0,,
2022-07-21 02:00:00,23152.19,23756.49,22500.0,22684.83,171598.43966,0.0001,34,0.0,0.0,unknown,,836.5549177208901,0.0,0.0,,,836.5549177208901,0.0,unknown,0.0,{},,112,,,,,,,837.0818418915638,0.0,0.0,0.0,837.0818418915638,0.0,0.0,0.0,0.0,0.0,1.0,0.0,,
2022-07-22 02:00:00,22684.83,23000.77,21934.57,22451.07,122137.77375,0.0001,33,0.0,0.0,unknown,,836.5549177208901,0.0,0.0,,,836.5549177208901,0.0,unknown,0.0,{},,113,,,,,,,837.0818418915638,0.0,0.0,0.0,837.0818418915638,0.0,0.0,0.0,0.0,0.0,1.0,0.0,,
2022-07-23 02:00:00,22448.58,23014.64,22257.15,22579.68,115189.67277,5.172e-05,31,0.0,0.0,unknown,,836.5549177208901,0.0,0.0,,,836.5549177208901,0.0,unknown,0.0,{},,114,,,,,,,837.0818418915638,0.0,0.0,0.0,837.0818418915638,0.0,0.0,0.0,0.0,0.0,1.0,0.0,,
2022-07-24 02:00:00,22577.13,22666.0,21250.0,21310.9,180344.76643,3.77e-05,30,0.0,0.0,unknown,,836.5549177208901,0.0,0.0,,,836.5549177208901,0.0,unknown,0.0,{},,115,,,,,,,837.0818418915638,0.0,0.0,0.0,837.0818418915638,0.0,0.0,0.0,0.0,0.0,1.0,0.0,,
2022-07-25 02:00:00,21310.9,21347.82,20706.5,21254.67,177817.24326,0.0001,30,0.0,0.0,unknown,,836.5549177208901,0.0,0.0,,,836.5549177208901,0.0,unknown,0.0,{},,116,,,,,,,837.0818418915638,0.0,0.0,0.0,837.0818418915638,0.0,0.0,0.0,0.0,0.0,1.0,0.0,,
2022-07-26 02:00:00,21254.67,23112.63,21042.53,22952.45,210971.19796,2.319e-05,26,0.0,0.0,unknown,,836.5549177208901,0.0,0.0,,,836.5549177208901,0.0,unknown,0.0,{},,117,,,,,,,837.0818418915638,0.0,0.0,0.0,837.0818418915638,0.0,0.0,0.0,0.0,0.0,1.0,0.0,,
2022-07-27 02:00:00,22954.31,24199.72,22582.13,23842.93,236029.0741,8.659e-05,28,0.0,0.0,unknown,,836.5549177208901,0.0,0.0,,,836.5549177208901,0.0,unknown,0.0,{},,118,,,,,,,837.0818418915638,0.0,0.0,0.0,837.0818418915638,0.0,0.0,0.0,0.0,0.0,1.0,0.0,,
2022-07-28 02:00:00,23845.25,24442.66,23414.03,23773.75,198298.50623,2.951e-05,32,0.0,0.0,unknown,,836.5549177208901,0.0,0.0,,,836.5549177208901,0.0,unknown,0.0,{},,119,,,,,,,837.0818418915638,0.0,0.0,0.0,837.0818418915638,0.0,0.0,0.0,0.0,0.0,1.0,0.0,,
2022-07-29 02:00:00,23777.28,24668.0,23502.25,23643.51,151060.13211,0.0001,39,0.0,0.0,unknown,,836.5549177208901,0.0,0.0,,,836.5549177208901,0.0,unknown,0.0,{},,120,,,,,,,837.0818418915638,0.0,0.0,0.0,837.0818418915638,0.0,0.0,0.0,0.0,0.0,1.0,0.0,,
2022-07-30 02:00:00,23644.64,24194.82,23227.31,23293.32,127743.32483,0.0001,42,0.0,0.0,unknown,,836.5549177208901,0.0,0.0,,,836.5549177208901,0.0,unknown,0.0,{},,121,,,,,,,837.0818418915638,0.0,0.0,0.0,837.0818418915638,0.0,0.0,0.0,0.0,0.0,1.0,0.0,,
2022-07-31 02:00:00,23296.36,23509.68,22850.0,23268.01,144210.16219,0.0001,39,0.0,0.0,unknown,,836.5549177208901,0.0,0.0,,,836.5549177208901,0.0,unknown,0.0,{},,122,,,,,,,837.0818418915638,0.0,0.0,0.0,837.0818418915638,0.0,0.0,0.0,0.0,0.0,1.0,0.0,,
2022-08-01 02:00:00,23266.9,23459.89,22654.37,22987.79,158073.28225,6.281e-05,33,0.0,0.0,unknown,,836.5549177208901,0.0,0.0,,,836.5549177208901,0.0,unknown,0.0,{},,123,,,,,,,837.0818418915638,0.0,0.0,0.0,837.0818418915638,0.0,0.0,0.0,0.0,0.0,1.0,0.0,,
2022-08-02 02:00:00,22985.93,23647.68,22681.22,22818.37,145948.80995,0.0001,31,0.0,0.0,unknown,,836.5549177208901,0.0,0.0,,,836.5549177208901,0.0,unknown,0.0,{},,124,,,,,,,837.0818418915638,0.0,0.0,0.0,837.0818418915638,0.0,0.0,0.0,0.0,0.0,1.0,0.0,,
2022-08-03 02:00:00,22816.91,23223.32,22400.0,22622.98,154854.67016,5.885e-05,34,0.0,0.0,unknown,,836.5549177208901,0.0,0.0,,,836.5549177208901,0.0,unknown,0.0,{},,125,,,,,,,837.0818418915638,0.0,0.0,0.0,837.0818418915638,0.0,0.0,0.0,0.0,0.0,1.0,0.0,,
2022-08-04 02:00:00,22622.41,23472.86,22586.95,23312.42,175251.69749,4.382e-05,30,0.0,0.0,unknown,,836.5549177208901,0.0,0.0,,,836.5549177208901,0.0,unknown,0.0,{},,126,,,,,,,837.0818418915638,0.0,0.0,0.0,837.0818418915638,0.0,0.0,0.0,0.0,0.0,1.0,0.0,,
2022-08-05 02:00:00,23313.56,23354.36,22909.52,22954.21,83911.80307,1.436e-05,31,0.0,0.0,unknown,,836.5549177208901,0.0,0.0,,,836.5549177208901,0.0,unknown,0.0,{},,127,,,,,,,837.0818418915638,0.0,0.0,0.0,837.0818418915638,0.0,0.0,0.0,0.0,0.0,1.0,0.0,,
2022-08-06 02:00:00,22954.21,23402.0,22844.62,23174.39,88890.00877,2.115e-05,31,0.0,0.0,unknown,,836.5549177208901,0.0,0.0,,,836.5549177208901,0.0,unknown,0.0,{},,128,,,,,,,837.0818418915638,0.0,0.0,0.0,837.0818418915638,0.0,0.0,0.0,0.0,0.0,1.0,0.0,,
2022-08-07 02:00:00,23174.39,24245.0,23154.25,23810.0,170958.44152,0.0001,30,0.0,0.0,unknown,,836.5549177208901,0.0,0.0,,,836.5549177208901,0.0,unknown,0.0,{},,129,,,,,,,837.0818418915638,0.0,0.0,0.0,837.0818418915638,0.0,0.0,0.0,0.0,0.0,1.0,0.0,,
2022-08-08 02:00:00,23810.98,23933.25,22865.0,23149.95,143182.50858,2.401e-05,30,0.0,0.0,unknown,,836.5549177208901,0.0,0.0,,,836.5549177208901,0.0,unknown,0.0,{},,130,,,,,,,837.0818418915638,0.0,0.0,0.0,837.0818418915638,0.0,0.0,0.0,0.0,0.0,1.0,0.0,,
2022-08-09 02:00:00,23151.32,24226.0,22664.69,23954.05,208916.54953,0.0001,42,0.0,0.0,unknown,,836.5549177208901,0.0,0.0,,,836.5549177208901,0.0,unknown,0.0,{},,131,,,,,,,837.0818418915638,0.0,0.0,0.0,837.0818418915638,0.0,0.0,0.0,0.0,0.0,1.0,0.0,,
2022-08-10 02:00:00,23954.05,24918.54,23852.13,23934.39,249759.79557,-1.314e-05,31,0.0,0.0,unknown,,836.5549177208901,0.0,0.0,,,836.5549177208901,0.0,unknown,0.0,{},,132,,,,,,,837.0818418915638,0.0,0.0,0.0,837.0818418915638,0.0,0.0,0.0,0.0,0.0,1.0,0.0,,
2022-08-11 02:00:00,23933.09,24456.5,23583.0,24403.68,174207.5704,9.44e-05,41,0.0,0.0,unknown,,836.5549177208901,0.0,0.0,,,836.5549177208901,0.0,unknown,0.0,{},,133,,,,,,,837.0818418915638,0.0,0.0,0.0,837.0818418915638,0.0,0.0,0.0,0.0,0.0,1.0,0.0,,
2022-08-12 02:00:00,24401.7,24888.0,24291.22,24441.38,152852.25435,4.911e-05,42,0.0,0.0,unknown,,836.5549177208901,0.0,0.0,,,836.5549177208901,0.0,unknown,0.0,{},,134,,,,,,,837.0818418915638,0.0,0.0,0.0,837.0818418915638,0.0,0.0,0.0,0.0,0.0,1.0,0.0,,
2022-08-13 02:00:00,24443.06,25047.56,24144.0,24305.24,151206.14473,-3.384e-05,46,0.0,0.0,unknown,,836.5549177208901,0.0,0.0,,,836.5549177208901,0.0,unknown,0.0,{},,135,,,,,,,837.0818418915638,0.0,0.0,0.0,837.0818418915638,0.0,0.0,0.0,0.0,0.0,1.0,0.0,,
2022-08-14 02:00:00,24305.25,25211.32,23773.22,24094.82,242539.54758,2.396e-05,47,0.0,0.0,unknown,,836.5549177208901,0.0,0.0,,,836.5549177208901,0.0,unknown,0.0,{},,136,,,,,,,837.0818418915638,0.0,0.0,0.0,837.0818418915638,0.0,0.0,0.0,0.0,0.0,1.0,0.0,,
2022-08-15 02:00:00,24093.04,24247.49,23671.22,23854.74,179324.94821,1.239e-05,45,0.0,0.0,unknown,,836.5549177208901,0.0,0.0,,,836.5549177208901,0.0,unknown,0.0,{},,137,,,,,,,837.0818418915638,0.0,0.0,0.0,837.0818418915638,0.0,0.0,0.0,0.0,0.0,1.0,0.0,,
2022-08-16 02:00:00,23856.15,24446.71,23180.4,23342.66,210668.68766,-1.339e-05,44,0.0,0.0,unknown,,836.5549177208901,0.0,0.0,,,836.5549177208901,0.0,unknown,0.0,{},,138,,,,,,,837.0818418915638,0.0,0.0,0.0,837.0818418915638,0.0,0.0,0.0,0.0,0.0,1.0,0.0,,
2022-08-17 02:00:00,23342.66,23600.0,23111.04,23191.2,144185.97011,2.87e-05,41,0.0,0.0,unknown,,836.5549177208901,0.0,0.0,,,836.5549177208901,0.0,unknown,0.0,{},,139,,,,,,,837.0818418915638,0.0,0.0,0.0,837.0818418915638,0.0,0.0,0.0,0.0,0.0,1.0,0.0,,
2022-08-18 02:00:00,23191.45,23208.67,20783.57,20834.39,283995.87747,9.364e-05,30,0.0,0.0,unknown,,836.5549177208901,0.0,0.0,,,836.5549177208901,0.0,unknown,0.0,{},,140,,,,,,,837.0818418915638,0.0,0.0,0.0,837.0818418915638,0.0,0.0,0.0,0.0,0.0,1.0,0.0,,
2022-08-19 02:00:00,20834.39,21382.85,20761.9,21140.07,183041.68363,0.0001,33,0.0,0.0,unknown,,836.5549177208901,0.0,0.0,,,836.5549177208901,0.0,unknown,0.0,{},,141,,,,,,,837.0818418915638,0.0,0.0,0.0,837.0818418915638,0.0,0.0,0.0,0.0,0.0,1.0,0.0,,
2022-08-20 02:00:00,21140.07,21800.0,21069.11,21515.61,159200.6841,1.07e-05,29,0.0,0.0,unknown,,836.5549177208901,0.0,0.0,,,836.5549177208901,0.0,unknown,0.0,{},,142,,,,,,,837.0818418915638,0.0,0.0,0.0,837.0818418915638,0.0,0.0,0.0,0.0,0.0,1.0,0.0,,
2022-08-21 02:00:00,21516.7,21548.71,20890.18,21399.83,222222.04526,-4.567e-05,27,0.0,0.0,unknown,,836.5549177208901,0.0,0.0,,,836.5549177208901,0.0,unknown,0.0,{},,143,,,,,,,837.0818418915638,0.0,0.0,0.0,837.0818418915638,0.0,0.0,0.0,0.0,0.0,1.0,0.0,,
2022-08-22 02:00:00,21400.75,21684.87,20890.14,21529.12,200967.77164,-3.234e-05,29,0.0,0.0,unknown,,836.5549177208901,0.0,0.0,,,836.5549177208901,0.0,unknown,0.0,{},,144,,,,,,,837.0818418915638,0.0,0.0,0.0,837.0818418915638,0.0,0.0,0.0,0.0,0.0,1.0,0.0,,
2022-08-23 02:00:00,21529.11,21900.0,21145.0,21368.08,174383.22046,-3.345e-05,28,0.0,0.0,unknown,,836.5549177208901,0.0,0.0,,,836.5549177208901,0.0,unknown,0.0,{},,145,,,,,,,837.0818418915638,0.0,0.0,0.0,837.0818418915638,0.0,0.0,0.0,0.0,0.0,1.0,0.0,,
2022-08-24 02:00:00,21368.05,21819.88,21310.15,21559.04,169915.78301,8.46e-06,25,0.0,0.0,unknown,,836.5549177208901,0.0,0.0,,,836.5549177208901,0.0,unknown,0.0,{},,146,,,,,,,837.0818418915638,0.0,0.0,0.0,837.0818418915638,0.0,0.0,0.0,0.0,0.0,1.0,0.0,,
2022-08-25 02:00:00,21559.04,21886.77,20107.9,20241.05,273811.61955,-3.538e-05,25,0.0,0.0,unknown,,836.5549177208901,0.0,0.0,,,836.5549177208901,0.0,unknown,0.0,{},,147,,,,,,,837.0818418915638,0.0,0.0,0.0,837.0818418915638,0.0,0.0,0.0,0.0,0.0,1.0,0.0,,
2022-08-26 02:00:00,20239.14,20402.93,19800.0,20037.6,162582.46032,4.481e-05,27,0.0,0.0,unknown,,836.5549177208901,0.0,0.0,,,836.5549177208901,0.0,unknown,0.0,{},,148,,,,,,,837.0818418915638,0.0,0.0,0.0,837.0818418915638,0.0,0.0,0.0,0.0,0.0,1.0,0.0,,
2022-08-27 02:00:00,20037.6,20171.18,19520.0,19555.61,139307.95976,2.599e-05,28,0.0,0.0,unknown,,836.5549177208901,0.0,0.0,,,836.5549177208901,0.0,unknown,0.0,{},,149,,,,,,,837.0818418915638,0.0,0.0,0.0,837.0818418915638,0.0,0.0,0.0,0.0,0.0,1.0,0.0,,
2022-08-28 02:00:00,19555.61,20433.62,19550.79,20285.73,210509.49545,-4.396e-05,28,0.0,0.0,unknown,,836.5549177208901,0.0,0.0,,,836.5549177208901,0.0,unknown,0.0,{},,150,,,,,,,837.0818418915638,0.0,0.0,0.0,837.0818418915638,0.0,0.0,0.0,0.0,0.0,1.0,0.0,,
2022-08-29 02:00:00,20287.2,20576.25,19540.0,19811.66,256634.35529,-0.00013623,24,0.0,0.0,unknown,,836.5549177208901,0.0,0.0,,,836.5549177208901,0.0,unknown,0.0,{},,151,,,,,,,837.0818418915638,0.0,0.0,0.0,837.0818418915638,0.0,0.0,0.0,0.0,0.0,1.0,0.0,,
2022-08-30 02:00:00,19813.03,20490.0,19797.94,20050.02,276946.60765,-6.193e-05,27,0.0,0.0,unknown,,836.5549177208901,0.0,0.0,,,836.5549177208901,0.0,unknown,0.0,{},,152,,,,,,,837.0818418915638,0.0,0.0,0.0,837.0818418915638,0.0,0.0,0.0,0.0,0.0,1.0,0.0,,
2022-08-31 02:00:00,20048.44,20208.37,19565.66,20131.46,245289.97263,-2.089e-05,23,0.0,0.0,unknown,,836.5549177208901,0.0,0.0,,,836.5549177208901,0.0,unknown,0.0,{},,153,,,,,,,837.0818418915638,0.0,0.0,0.0,837.0818418915638,0.0,0.0,0.0,0.0,0.0,1.0,0.0,,
2022-09-01 02:00:00,20132.64,20441.26,19755.29,19951.86,245986.6033,4.95e-05,20,0.0,0.0,unknown,,836.5549177208901,0.0,0.0,,,836.5549177208901,0.0,unknown,0.0,{},,154,,,,,,,837.0818418915638,0.0,0.0,0.0,837.0818418915638,0.0,0.0,0.0,0.0,0.0,1.0,0.0,,
2022-09-02 02:00:00,19950.98,20055.93,19652.72,19831.9,146639.03204,3.63e-05,25,0.0,0.0,unknown,,836.5549177208901,0.0,0.0,,,836.5549177208901,0.0,unknown,0.0,{},,155,,,,,,,837.0818418915638,0.0,0.0,0.0,837.0818418915638,0.0,0.0,0.0,0.0,0.0,1.0,0.0,,
2022-09-03 02:00:00,19832.45,20029.23,19583.1,20000.3,145588.77893,-1.99e-06,21,0.0,0.0,unknown,,836.5549177208901,0.0,0.0,,,836.5549177208901,0.0,unknown,0.0,{},,156,,,,,,,837.0818418915638,0.0,0.0,0.0,837.0818418915638,0.0,0.0,0.0,0.0,0.0,1.0,0.0,,
2022-09-04 02:00:00,20000.3,20057.27,19633.83,19796.84,222543.01057,1.115e-05,20,0.0,0.0,unknown,,836.5549177208901,0.0,0.0,,,836.5549177208901,0.0,unknown,0.0,{},,157,,,,,,,837.0818418915638,0.0,0.0,0.0,837.0818418915638,0.0,0.0,0.0,0.0,0.0,1.0,0.0,,
2022-09-05 02:00:00,19795.34,20180.0,18649.51,18790.61,356315.05718,2.119e-05,23,0.0,0.0,unknown,,836.5549177208901,0.0,0.0,,,836.5549177208901,0.0,unknown,0.0,{},,158,,,,,,,837.0818418915638,0.0,0.0,0.0,837.0818418915638,0.0,0.0,0.0,0.0,0.0,1.0,0.0,,
2022-09-06 02:00:00,18790.61,19464.06,18510.77,19292.84,287394.7788,4.712e-05,22,0.0,0.0,unknown,,836.5549177208901,0.0,0.0,,,836.5549177208901,0.0,unknown,0.0,{},,159,,,,,,,837.0818418915638,0.0,0.0,0.0,837.0818418915638,0.0,0.0,0.0,0.0,0.0,1.0,0.0,,
2022-09-07 02:00:00,19292.85,19458.25,19012.0,19319.77,262813.28273,3.473e-05,24,0.0,0.0,unknown,,836.5549177208901,0.0,0.0,,,836.5549177208901,0.0,unknown,0.0,{},,160,,,,,,,837.0818418915638,0.0,0.0,0.0,837.0818418915638,0.0,0.0,0.0,0.0,0.0,1.0,0.0,,
2022-09-08 02:00:00,19320.54,21597.22,19291.75,21360.11,428919.74652,-3.48e-05,20,0.0,0.0,unknown,,836.5549177208901,0.0,0.0,,,836.5549177208901,0.0,unknown,0.0,{},,161,,,,,,,837.0818418915638,0.0,0.0,0.0,837.0818418915638,0.0,0.0,0.0,0.0,0.0,1.0,0.0,,
2022-09-09 02:00:00,21361.62,21810.8,21111.13,21648.34,307997.33504,5.667e-05,22,0.0,0.0,unknown,,836.5549177208901,0.0,0.0,,,836.5549177208901,0.0,unknown,0.0,{},,162,,,,,,,837.0818418915638,0.0,0.0,0.0,837.0818418915638,0.0,0.0,0.0,0.0,0.0,1.0,0.0,,
2022-09-10 02:00:00,21647.21,21860.0,21350.0,21826.87,280702.55149,0.0001,28,0.0,0.0,unknown,,836.5549177208901,0.0,0.0,,,836.5549177208901,0.0,unknown,0.0,{},,163,,,,,,,837.0818418915638,0.0,0.0,0.0,837.0818418915638,0.0,0.0,0.0,0.0,0.0,1.0,0.0,,
2022-09-11 02:00:00,21826.87,22488.0,21538.51,22395.74,395395.61828,0.0001,26,0.0,0.0,unknown,,836.5549177208901,0.0,0.0,,,836.5549177208901,0.0,unknown,0.0,{},,164,,,,,,,837.0818418915638,0.0,0.0,0.0,837.0818418915638,0.0,0.0,0.0,0.0,0.0,1.0,0.0,,
2022-09-12 02:00:00,22395.44,22799.0,19860.0,20173.57,431915.03333,6.712e-05,25,10.0,0.0,unknown,,836.5549177208901,0.0,1.0,True,True,835.7183628031693,1.0,unknown,10.0,{},,165,BTCUSDT,2022-09-12 02:00:00,BTCUSDT,20173.57,0.041467867002265346,LONG,837.0818418915638,0.0,0.0,0.0,837.0818418915638,0.0,0.0,0.0,10.0,10.0,1.0,10.0,True,True
2022-09-13 02:00:00,20173.62,20541.48,19617.62,20226.71,340826.40151,0.0001,34,0.0,0.0,unknown,,837.919761653217,1.0,-1.0,True,True,837.0818418915638,0.0,unknown,-10.0,{},,166,BTCUSDT,2022-09-13 02:00:00,BTCUSDT,20226.71,0.04142639913526308,CLOSE,837.0818418915638,0.0,0.0,0.0,837.0818418915638,0.0,0.0,0.0,0.0,0.0,1.0,0.0,True,True
2022-09-14 02:00:00,20227.17,20330.24,19497.0,19701.88,333069.76076,-3.953e-05,27,0.0,0.0,unknown,,837.0818418915638,0.0,0.0,,,837.0818418915638,0.0,unknown,0.0,{},,167,,,,,,,837.0818418915638,0.0,0.0,0.0,837.0818418915638,0.0,0.0,0.0,0.0,0.0,1.0,0.0,,
2022-09-15 02:00:00,19701.88,19890.0,19320.01,19803.3,283791.07064,1.004e-05,28,0.0,0.0,unknown,,837.0818418915638,0.0,0.0,,,837.0818418915638,0.0,unknown,0.0,{},,168,,,,,,,837.0818418915638,0.0,0.0,0.0,837.0818418915638,0.0,0.0,0.0,0.0,0.0,1.0,0.0,,
2022-09-16 02:00:00,19803.3,20189.0,19748.08,20113.62,179350.24338,8.055e-05,20,0.0,0.0,unknown,,837.0818418915638,0.0,0.0,,,837.0818418915638,0.0,unknown,0.0,{},,169,,,,,,,837.0818418915638,0.0,0.0,0.0,837.0818418915638,0.0,0.0,0.0,0.0,0.0,1.0,0.0,,
2022-09-17 02:00:00,20112.61,20117.26,19335.62,19416.18,254217.46904,3.024e-05,22,0.0,0.0,unknown,,837.0818418915638,0.0,0.0,,,837.0818418915638,0.0,unknown,0.0,{},,170,,,,,,,837.0818418915638,0.0,0.0,0.0,837.0818418915638,0.0,0.0,0.0,0.0,0.0,1.0,0.0,,
2022-09-18 02:00:00,19417.45,19686.2,18232.56,19537.02,380512.40306,6.428e-05,27,0.0,0.0,unknown,,837.0818418915638,0.0,0.0,,,837.0818418915638,0.0,unknown,0.0,{},,171,,,,,,,837.0818418915638,0.0,0.0,0.0,837.0818418915638,0.0,0.0,0.0,0.0,0.0,1.0,0.0,,
2022-09-19 02:00:00,19537.02,19634.62,18711.87,18875.0,324098.3286,3.564e-05,21,0.0,0.0,unknown,,837.0818418915638,0.0,0.0,,,837.0818418915638,0.0,unknown,0.0,{},,172,,,,,,,837.0818418915638,0.0,0.0,0.0,837.0818418915638,0.0,0.0,0.0,0.0,0.0,1.0,0.0,,
2022-09-20 02:00:00,18874.31,19956.0,18125.98,18461.36,385034.10021,6e-06,23,0.0,0.0,unknown,,837.0818418915638,0.0,0.0,,,837.0818418915638,0.0,unknown,0.0,{},,173,,,,,,,837.0818418915638,0.0,0.0,0.0,837.0818418915638,0.0,0.0,0.0,0.0,0.0,1.0,0.0,,
2022-09-21 02:00:00,18461.36,19550.17,18356.39,19401.63,379321.72111,1.721e-05,23,0.0,0.0,unknown,,837.0818418915638,0.0,0.0,,,837.0818418915638,0.0,unknown,0.0,{},,174,,,,,,,837.0818418915638,0.0,0.0,0.0,837.0818418915638,0.0,0.0,0.0,0.0,0.0,1.0,0.0,,
2022-09-22 02:00:00,19401.63,19500.0,18531.42,19289.91,385886.91829,-0.00011779,22,0.0,0.0,unknown,,837.0818418915638,0.0,0.0,,,837.0818418915638,0.0,unknown,0.0,{},,175,,,,,,,837.0818418915638,0.0,0.0,0.0,837.0818418915638,0.0,0.0,0.0,0.0,0.0,1.0,0.0,,
2022-09-23 02:00:00,19288.57,19316.14,18805.34,18920.5,239496.56746,7.743e-05,20,0.0,0.0,unknown,,837.0818418915638,0.0,0.0,,,837.0818418915638,0.0,unknown,0.0,{},,176,,,,,,,837.0818418915638,0.0,0.0,0.0,837.0818418915638,0.0,0.0,0.0,0.0,0.0,1.0,0.0,,
2022-09-24 02:00:00,18921.99,19180.21,18629.2,18807.38,191191.4492,2.947e-05,24,0.0,0.0,unknown,,837.0818418915638,0.0,0.0,,,837.0818418915638,0.0,unknown,0.0,{},,177,,,,,,,837.0818418915638,0.0,0.0,0.0,837.0818418915638,0.0,0.0,0.0,0.0,0.0,1.0,0.0,,
2022-09-25 02:00:00,18809.13,19318.96,18680.72,19227.82,439239.21943,5.345e-05,24,0.0,0.0,unknown,,837.0818418915638,0.0,0.0,,,837.0818418915638,0.0,unknown,0.0,{},,178,,,,,,,837.0818418915638,0.0,0.0,0.0,837.0818418915638,0.0,0.0,0.0,0.0,0.0,1.0,0.0,,
2022-09-26 02:00:00,19226.68,20385.86,18816.32,19079.13,593260.74161,2.593e-05,21,0.0,0.0,unknown,,837.0818418915638,0.0,0.0,,,837.0818418915638,0.0,unknown,0.0,{},,179,,,,,,,837.0818418915638,0.0,0.0,0.0,837.0818418915638,0.0,0.0,0.0,0.0,0.0,1.0,0.0,,
2022-09-27 02:00:00,19078.1,19790.0,18471.28,19412.82,521385.45547,4.497e-05,20,0.0,0.0,unknown,,837.0818418915638,0.0,0.0,,,837.0818418915638,0.0,unknown,0.0,{},,180,,,,,,,837.0818418915638,0.0,0.0,0.0,837.0818418915638,0.0,0.0,0.0,0.0,0.0,1.0,0.0,,
2022-09-28 02:00:00,19412.82,19645.52,18843.01,19591.51,406424.93256,8.538e-05,20,0.0,0.0,unknown,,837.0818418915638,0.0,0.0,,,837.0818418915638,0.0,unknown,0.0,{},,181,,,,,,,837.0818418915638,0.0,0.0,0.0,837.0818418915638,0.0,0.0,0.0,0.0,0.0,1.0,0.0,,
