timestamp,open,high,low,close,volume,funding_rate,fear_greed,forecast,confidence,regime,strategy,total_portfolio_value,previous_allocation,allocation_change,approved_rebalance,debug_approve_allocation_change,succcess_execute_portfolio_rebalance,debug_execute_portfolio_rebalance,postRebalance_total_value,postRebalance_current_allocation,portfolio_value,debug_info.regime,debug_info.forecast_delta,debug_info.regime_scores,debug_info.regime_margin,debug_info.bars_in_regime,balances.USDT.free,balances.USDT.locked,postRebalance_balances.USDT.free,postRebalance_balances.USDT.locked,debug_info.components.sma_trend.last_history_value,debug_info.components.sma_trend.post_pipeline_value,debug_info.components.sma_trend.weight_normalized,debug_info.components.sma_trend.weighted_contribution
2024-10-01 02:00:00,2447.78,2499.0,2352.0,2364.1,317484.735,0.0001,50,0.0,0.0,unknown,,1000.0,0.0,0.0,,{},,{},1000.0,0.0,1000.0,unknown,0.0,{},,1,1000,0,1000,0,0.0,0.0,1.0,0.0
2024-10-02 02:00:00,2364.09,2403.38,2310.0,2349.8,314635.9263,0.0001,42,0.0,0.0,unknown,,1000.0,0.0,0.0,,{},,{},1000.0,0.0,1000.0,unknown,0.0,{},,2,1000,0,1000,0,0.0,0.0,1.0,0.0
2024-10-03 02:00:00,2349.8,2441.64,2339.15,2414.41,239383.017,2.4e-05,37,0.0,0.0,unknown,,1000.0,0.0,0.0,,{},,{},1000.0,0.0,1000.0,unknown,0.0,{},,3,1000,0,1000,0,0.0,0.0,1.0,0.0
2024-10-04 02:00:00,2414.41,2428.23,2390.05,2414.66,103740.2316,5.1e-05,41,0.0,0.0,unknown,,1000.0,0.0,0.0,,{},,{},1000.0,0.0,1000.0,unknown,0.0,{},,4,1000,0,1000,0,0.0,0.0,1.0,0.0
2024-10-05 02:00:00,2414.66,2457.8,2407.0,2440.03,105752.7096,0.0001,49,0.0,0.0,unknown,,1000.0,0.0,0.0,,{},,{},1000.0,0.0,1000.0,unknown,0.0,{},,5,1000,0,1000,0,0.0,0.0,1.0,0.0
2024-10-06 02:00:00,2440.02,2521.0,2403.0,2422.71,300459.5407,9.1e-05,50,0.0,0.0,unknown,,1000.0,0.0,0.0,,{},,{},1000.0,0.0,1000.0,unknown,0.0,{},,6,1000,0,1000,0,0.0,0.0,1.0,0.0
2024-10-07 02:00:00,2422.7,2466.66,2401.18,2440.89,201358.3312,3.4e-05,50,0.0,0.0,unknown,,1000.0,0.0,0.0,,{},,{},1000.0,0.0,1000.0,unknown,0.0,{},,7,1000,0,1000,0,0.0,0.0,1.0,0.0
2024-10-08 02:00:00,2440.88,2473.61,2351.42,2370.47,242082.2725,6.6e-05,49,0.0,0.0,unknown,,1000.0,0.0,0.0,,{},,{},1000.0,0.0,1000.0,unknown,0.0,{},,8,1000,0,1000,0,0.0,0.0,1.0,0.0
2024-10-09 02:00:00,2370.47,2421.36,2330.66,2386.49,257862.9619,0.0001,49,0.0,0.0,unknown,,1000.0,0.0,0.0,,{},,{},1000.0,0.0,1000.0,unknown,0.0,{},,9,1000,0,1000,0,0.0,0.0,1.0,0.0
2024-10-10 02:00:00,2386.49,2471.45,2381.86,2439.5,235441.2197,6.7e-05,39,0.0,0.0,unknown,,1000.0,0.0,0.0,,{},,{},1000.0,0.0,1000.0,unknown,0.0,{},,10,1000,0,1000,0,0.0,0.0,1.0,0.0
2024-10-11 02:00:00,2439.49,2490.51,2434.35,2476.4,139637.5062,0.0001,32,0.0,0.0,unknown,,1000.0,0.0,0.0,,{},,{},1000.0,0.0,1000.0,unknown,0.0,{},,11,1000,0,1000,0,0.0,0.0,1.0,0.0
2024-10-12 02:00:00,2476.4,2484.92,2436.4,2468.91,120022.8179,4.4e-05,49,0.0,0.0,unknown,,1000.0,0.0,0.0,,{},,{},1000.0,0.0,1000.0,unknown,0.0,{},,12,1000,0,1000,0,0.0,0.0,1.0,0.0
2024-10-13 02:00:00,2468.92,2654.0,2443.39,2629.79,435900.1619,7.9e-05,50,0.0,0.0,unknown,,1000.0,0.0,0.0,,{},,{},1000.0,0.0,1000.0,unknown,0.0,{},,13,1000,0,1000,0,0.0,0.0,1.0,0.0
2024-10-14 02:00:00,2629.79,2688.6,2537.36,2607.41,416285.6663,6.6e-05,48,0.0,0.0,unknown,,1000.0,0.0,0.0,,{},,{},1000.0,0.0,1000.0,unknown,0.0,{},,14,1000,0,1000,0,0.0,0.0,1.0,0.0
2024-10-15 02:00:00,2607.41,2647.79,2588.67,2611.1,260322.4242,0.0001,65,0.0,0.0,unknown,,1000.0,0.0,0.0,,{},,{},1000.0,0.0,1000.0,unknown,0.0,{},,15,1000,0,1000,0,0.0,0.0,1.0,0.0
2024-10-16 02:00:00,2611.1,2648.37,2575.4,2605.8,221624.5434,0.0001,73,0.0,0.0,unknown,,1000.0,0.0,0.0,,{},,{},1000.0,0.0,1000.0,unknown,0.0,{},,16,1000,0,1000,0,0.0,0.0,1.0,0.0
2024-10-17 02:00:00,2605.79,2675.58,2596.49,2642.17,292444.1153,0.0001,71,0.0,0.0,unknown,,1000.0,0.0,0.0,,{},,{},1000.0,0.0,1000.0,unknown,0.0,{},,17,1000,0,1000,0,0.0,0.0,1.0,0.0
2024-10-18 02:00:00,2642.17,2663.49,2631.02,2648.2,105413.7646,0.0001,73,0.0,0.0,unknown,,1000.0,0.0,0.0,,{},,{},1000.0,0.0,1000.0,unknown,0.0,{},,18,1000,0,1000,0,0.0,0.0,1.0,0.0
2024-10-19 02:00:00,2648.2,2759.0,2635.54,2746.91,256910.7448,0.0001,72,0.0,0.0,unknown,,1000.0,0.0,0.0,,{},,{},1000.0,0.0,1000.0,unknown,0.0,{},,19,1000,0,1000,0,0.0,0.0,1.0,0.0
2024-10-20 02:00:00,2746.91,2769.48,2655.01,2666.7,310674.7232,0.0001,73,0.0,0.0,unknown,,1000.0,0.0,0.0,,{},,{},1000.0,0.0,1000.0,unknown,0.0,{},,20,1000,0,1000,0,0.0,0.0,1.0,0.0
2024-10-21 02:00:00,2666.71,2671.92,2606.56,2622.81,265747.713,0.0001,72,0.0,0.0,unknown,,1000.0,0.0,0.0,,{},,{},1000.0,0.0,1000.0,unknown,0.0,{},,21,1000,0,1000,0,0.0,0.0,1.0,0.0
2024-10-22 02:00:00,2622.81,2628.2,2450.0,2524.61,352647.7086,0.0001,70,0.0,0.0,unknown,,1000.0,0.0,0.0,,{},,{},1000.0,0.0,1000.0,unknown,0.0,{},,22,1000,0,1000,0,0.0,0.0,1.0,0.0
2024-10-23 02:00:00,2524.6,2562.65,2507.31,2535.82,290851.7842,0.0001,71,0.0,0.0,unknown,,1000.0,0.0,0.0,,{},,{},1000.0,0.0,1000.0,unknown,0.0,{},,23,1000,0,1000,0,0.0,0.0,1.0,0.0
2024-10-24 02:00:00,2535.82,2566.33,2382.59,2440.62,514799.8822,0.0001,69,0.0,0.0,unknown,,1000.0,0.0,0.0,,{},,{},1000.0,0.0,1000.0,unknown,0.0,{},,24,1000,0,1000,0,0.0,0.0,1.0,0.0
2024-10-25 02:00:00,2440.63,2508.0,2430.12,2482.51,248724.8313,0.0001,72,0.0,0.0,unknown,,1000.0,0.0,0.0,,{},,{},1000.0,0.0,1000.0,unknown,0.0,{},,25,1000,0,1000,0,0.0,0.0,1.0,0.0
2024-10-26 02:00:00,2482.51,2527.99,2464.13,2507.8,137580.8836,0.0001,72,0.0,0.0,unknown,,1000.0,0.0,0.0,,{},,{},1000.0,0.0,1000.0,unknown,0.0,{},,26,1000,0,1000,0,0.0,0.0,1.0,0.0
2024-10-27 02:00:00,2507.8,2589.67,2471.67,2567.48,360605.327,0.0001,74,0.0,0.0,unknown,,1000.0,0.0,0.0,,{},,{},1000.0,0.0,1000.0,unknown,0.0,{},,27,1000,0,1000,0,0.0,0.0,1.0,0.0
2024-10-28 01:00:00,2567.49,2681.86,2561.2,2638.8,451915.7025,0.0001,72,0.0,0.0,unknown,,1000.0,0.0,0.0,,{},,{},1000.0,0.0,1000.0,unknown,0.0,{},,28,1000,0,1000,0,0.0,0.0,1.0,0.0
2024-10-29 01:00:00,2638.8,2722.3,2599.66,2659.19,460627.126,0.0001,72,0.0,0.0,unknown,,1000.0,0.0,0.0,,{},,{},1000.0,0.0,1000.0,unknown,0.0,{},,29,1000,0,1000,0,0.0,0.0,1.0,0.0
2024-10-30 01:00:00,2659.19,2669.0,2503.0,2518.61,403427.2017,0.0001,77,0.0,0.0,unknown,,1000.0,0.0,0.0,,{},,{},1000.0,0.0,1000.0,unknown,0.0,{},,30,1000,0,1000,0,0.0,0.0,1.0,0.0
2024-10-31 01:00:00,2518.61,2586.8,2467.67,2511.49,430249.1073,0.0001,77,0.0,0.0,unknown,,1000.0,0.0,0.0,,{},,{},1000.0,0.0,1000.0,unknown,0.0,{},,31,1000,0,1000,0,0.0,0.0,1.0,0.0
2024-11-01 01:00:00,2511.49,2523.45,2470.0,2494.23,145961.13,0.0001,75,0.0,0.0,unknown,,1000.0,0.0,0.0,,{},,{},1000.0,0.0,1000.0,unknown,0.0,{},,32,1000,0,1000,0,0.0,0.0,1.0,0.0
2024-11-02 01:00:00,2494.23,2496.39,2411.0,2457.73,276009.1197,0.0001,72,0.0,0.0,unknown,,1000.0,0.0,0.0,,{},,{},1000.0,0.0,1000.0,unknown,0.0,{},,33,1000,0,1000,0,0.0,0.0,1.0,0.0
2024-11-03 01:00:00,2457.73,2491.39,2357.59,2398.21,306316.9645,0.0001,74,0.0,0.0,unknown,,1000.0,0.0,0.0,,{},,{},1000.0,0.0,1000.0,unknown,0.0,{},,34,1000,0,1000,0,0.0,0.0,1.0,0.0
2024-11-04 01:00:00,2398.21,2480.0,2380.74,2422.55,331619.2545,0.0001,70,0.0,0.0,unknown,,1000.0,0.0,0.0,,{},,{},1000.0,0.0,1000.0,unknown,0.0,{},,35,1000,0,1000,0,0.0,0.0,1.0,0.0
2024-11-05 01:00:00,2422.6,2744.7,2420.3,2721.87,1002141.3618,0.0001,70,0.0,0.0,unknown,,1000.0,0.0,0.0,,{},,{},1000.0,0.0,1000.0,unknown,0.0,{},,36,1000,0,1000,0,0.0,0.0,1.0,0.0
2024-11-06 01:00:00,2721.88,2916.11,2699.49,2895.47,730845.9524,9.5e-05,70,0.0,0.0,unknown,,1000.0,0.0,0.0,,{},,{},1000.0,0.0,1000.0,unknown,0.0,{},,37,1000,0,1000,0,0.0,0.0,1.0,0.0
2024-11-07 01:00:00,2895.47,2981.69,2886.4,2961.75,568864.435,0.0001,77,0.0,0.0,unknown,,1000.0,0.0,0.0,,{},,{},1000.0,0.0,1000.0,unknown,0.0,{},,38,1000,0,1000,0,0.0,0.0,1.0,0.0
2024-11-08 01:00:00,2961.75,3157.4,2953.71,3126.21,526719.4212,0.0001,75,0.0,0.0,unknown,,1000.0,0.0,0.0,,{},,{},1000.0,0.0,1000.0,unknown,0.0,{},,39,1000,0,1000,0,0.0,0.0,1.0,0.0
2024-11-09 01:00:00,3126.2,3248.52,3069.0,3183.21,865536.7322,0.0001,75,0.0,0.0,unknown,,1000.0,0.0,0.0,,{},,{},1000.0,0.0,1000.0,unknown,0.0,{},,40,1000,0,1000,0,0.0,0.0,1.0,0.0
2024-11-10 01:00:00,3183.2,3387.61,3105.0,3371.59,1000093.9664,0.0001,78,0.0,0.0,unknown,,1000.0,0.0,0.0,,{},,{},1000.0,0.0,1000.0,unknown,0.0,{},,41,1000,0,1000,0,0.0,0.0,1.0,0.0
2024-11-11 01:00:00,3371.59,3442.5,3207.67,3243.8,973215.7285,0.000267,76,0.0,0.0,unknown,,1000.0,0.0,0.0,,{},,{},1000.0,0.0,1000.0,unknown,0.0,{},,42,1000,0,1000,0,0.0,0.0,1.0,0.0
2024-11-12 01:00:00,3243.79,3331.0,3116.69,3187.16,919686.3747,0.000173,80,0.0,0.0,unknown,,1000.0,0.0,0.0,,{},,{},1000.0,0.0,1000.0,unknown,0.0,{},,43,1000,0,1000,0,0.0,0.0,1.0,0.0
2024-11-13 01:00:00,3187.16,3240.4,3028.56,3058.82,605780.6662,0.000136,84,0.0,0.0,unknown,,1000.0,0.0,0.0,,{},,{},1000.0,0.0,1000.0,unknown,0.0,{},,44,1000,0,1000,0,0.0,0.0,1.0,0.0
2024-11-14 01:00:00,3058.81,3131.06,3014.5,3090.01,519623.6317,0.000129,88,0.0,0.0,unknown,,1000.0,0.0,0.0,,{},,{},1000.0,0.0,1000.0,unknown,0.0,{},,45,1000,0,1000,0,0.0,0.0,1.0,0.0
2024-11-15 01:00:00,3090.01,3219.97,3072.0,3132.87,423639.1573,0.000131,80,0.0,0.0,unknown,,1000.0,0.0,0.0,,{},,{},1000.0,0.0,1000.0,unknown,0.0,{},,46,1000,0,1000,0,0.0,0.0,1.0,0.0
2024-11-16 01:00:00,3132.88,3162.11,3034.99,3076.0,449818.9575,0.0001,86,0.0,0.0,unknown,,1000.0,0.0,0.0,,{},,{},1000.0,0.0,1000.0,unknown,0.0,{},,47,1000,0,1000,0,0.0,0.0,1.0,0.0
2024-11-17 01:00:00,3075.99,3224.94,3050.01,3207.8,640658.4357,0.0001,90,0.0,0.0,unknown,,1000.0,0.0,0.0,,{},,{},1000.0,0.0,1000.0,unknown,0.0,{},,48,1000,0,1000,0,0.0,0.0,1.0,0.0
2024-11-18 01:00:00,3207.81,3221.2,3065.4,3107.44,500112.0194,0.000199,83,0.0,0.0,unknown,,1000.0,0.0,0.0,,{},,{},1000.0,0.0,1000.0,unknown,0.0,{},,49,1000,0,1000,0,0.0,0.0,1.0,0.0
2024-11-19 01:00:00,3107.45,3159.2,3029.41,3069.97,503607.8336,0.000405,90,0.0,0.0,unknown,,1000.0,0.0,0.0,,{},,{},1000.0,0.0,1000.0,unknown,0.0,{},,50,1000,0,1000,0,0.0,0.0,1.0,0.0
2024-11-20 01:00:00,3069.97,3386.73,3032.59,3355.81,974923.3035,0.000154,83,0.0,0.0,unknown,,1000.0,0.0,0.0,,{},,{},1000.0,0.0,1000.0,unknown,0.0,{},,51,1000,0,1000,0,0.0,0.0,1.0,0.0
2024-11-21 01:00:00,3355.88,3425.92,3257.54,3327.78,603273.7093,0.000136,82,0.0,0.0,unknown,,1000.0,0.0,0.0,,{},,{},1000.0,0.0,1000.0,unknown,0.0,{},,52,1000,0,1000,0,0.0,0.0,1.0,0.0
2024-11-22 01:00:00,3327.78,3497.51,3312.72,3393.91,721024.0009,0.000342,94,0.0,0.0,unknown,,1000.0,0.0,0.0,,{},,{},1000.0,0.0,1000.0,unknown,0.0,{},,53,1000,0,1000,0,0.0,0.0,1.0,0.0
2024-11-23 01:00:00,3393.91,3450.0,3281.4,3361.2,479098.0921,0.000151,93,0.0,0.0,unknown,,1000.0,0.0,0.0,,{},,{},1000.0,0.0,1000.0,unknown,0.0,{},,54,1000,0,1000,0,0.0,0.0,1.0,0.0
2024-11-24 01:00:00,3361.21,3546.66,3300.01,3414.49,949330.37,0.00037,80,0.0,0.0,unknown,,1000.0,0.0,0.0,,{},,{},1000.0,0.0,1000.0,unknown,0.0,{},,55,1000,0,1000,0,0.0,0.0,1.0,0.0
2024-11-25 01:00:00,3414.49,3462.49,3252.0,3324.73,672367.1503,0.000173,82,0.0,0.0,unknown,,1000.0,0.0,0.0,,{},,{},1000.0,0.0,1000.0,unknown,0.0,{},,56,1000,0,1000,0,0.0,0.0,1.0,0.0
2024-11-26 01:00:00,3324.74,3684.92,3302.4,3653.28,754573.6485,0.000245,79,0.0,0.0,unknown,,1000.0,0.0,0.0,,{},,{},1000.0,0.0,1000.0,unknown,0.0,{},,57,1000,0,1000,0,0.0,0.0,1.0,0.0
2024-11-27 01:00:00,3653.27,3661.92,3529.76,3578.79,560976.425,0.000211,75,0.0,0.0,unknown,,1000.0,0.0,0.0,,{},,{},1000.0,0.0,1000.0,unknown,0.0,{},,58,1000,0,1000,0,0.0,0.0,1.0,0.0
2024-11-28 01:00:00,3578.8,3647.98,3534.28,3592.21,425493.2449,0.000159,77,0.0,0.0,unknown,,1000.0,0.0,0.0,,{},,{},1000.0,0.0,1000.0,unknown,0.0,{},,59,1000,0,1000,0,0.0,0.0,1.0,0.0
2024-11-29 01:00:00,3592.22,3738.98,3568.4,3703.6,503684.7485,0.0001,78,0.0,0.0,unknown,,1000.0,0.0,0.0,,{},,{},1000.0,0.0,1000.0,unknown,0.0,{},,60,1000,0,1000,0,0.0,0.0,1.0,0.0
2024-11-30 01:00:00,3703.59,3746.8,3659.2,3707.61,429089.2633,0.000171,84,0.0,0.0,unknown,,1000.0,0.0,0.0,,{},,{},1000.0,0.0,1000.0,unknown,0.0,{},,61,1000,0,1000,0,0.0,0.0,1.0,0.0
2024-12-01 01:00:00,3707.61,3760.0,3554.32,3643.42,737130.569,0.000119,81,0.0,0.0,unknown,,1000.0,0.0,0.0,,{},,{},1000.0,0.0,1000.0,unknown,0.0,{},,62,1000,0,1000,0,0.0,0.0,1.0,0.0
2024-12-02 01:00:00,3643.43,3670.0,3500.0,3614.51,678400.2032,0.000151,80,0.0,0.0,unknown,,1000.0,0.0,0.0,,{},,{},1000.0,0.0,1000.0,unknown,0.0,{},,63,1000,0,1000,0,0.0,0.0,1.0,0.0
2024-12-03 01:00:00,3614.51,3887.24,3614.51,3837.8,968744.0399,0.000265,76,0.0,0.0,unknown,,1000.0,0.0,0.0,,{},,{},1000.0,0.0,1000.0,unknown,0.0,{},,64,1000,0,1000,0,0.0,0.0,1.0,0.0
2024-12-04 01:00:00,3837.8,3956.0,3677.0,3785.2,946493.276,0.000187,78,0.0,0.0,unknown,,1000.0,0.0,0.0,,{},,{},1000.0,0.0,1000.0,unknown,0.0,{},,65,1000,0,1000,0,0.0,0.0,1.0,0.0
2024-12-05 01:00:00,3785.21,4087.73,3777.26,3998.87,803855.1146,0.000198,84,0.0,0.0,unknown,,1000.0,0.0,0.0,,{},,{},1000.0,0.0,1000.0,unknown,0.0,{},,66,1000,0,1000,0,0.0,0.0,1.0,0.0
2024-12-06 01:00:00,3998.87,4024.46,3968.0,3996.22,283920.02,0.000143,72,0.0,0.0,unknown,,1000.0,0.0,0.0,,{},,{},1000.0,0.0,1000.0,unknown,0.0,{},,67,1000,0,1000,0,0.0,0.0,1.0,0.0
2024-12-07 01:00:00,3996.22,4015.58,3923.5,4004.15,251362.1685,0.000306,75,0.0,0.0,unknown,,1000.0,0.0,0.0,,{},,{},1000.0,0.0,1000.0,unknown,0.0,{},,68,1000,0,1000,0,0.0,0.0,1.0,0.0
2024-12-08 01:00:00,4004.15,4006.17,3509.0,3712.0,939642.2001,0.000209,79,0.0,0.0,unknown,,1000.0,0.0,0.0,,{},,{},1000.0,0.0,1000.0,unknown,0.0,{},,69,1000,0,1000,0,0.0,0.0,1.0,0.0
2024-12-09 01:00:00,3712.0,3780.76,3515.89,3628.25,942206.0337,0.000203,78,0.0,0.0,unknown,,1000.0,0.0,0.0,,{},,{},1000.0,0.0,1000.0,unknown,0.0,{},,70,1000,0,1000,0,0.0,0.0,1.0,0.0
2024-12-10 01:00:00,3628.24,3848.64,3562.34,3831.81,461818.7801,0.000134,78,0.0,0.0,unknown,,1000.0,0.0,0.0,,{},,{},1000.0,0.0,1000.0,unknown,0.0,{},,71,1000,0,1000,0,0.0,0.0,1.0,0.0
2024-12-11 01:00:00,3831.82,3987.41,3796.8,3881.61,572098.6343,0.0001,74,0.0,0.0,unknown,,1000.0,0.0,0.0,,{},,{},1000.0,0.0,1000.0,unknown,0.0,{},,72,1000,0,1000,0,0.0,0.0,1.0,0.0
2024-12-12 01:00:00,3881.6,3968.47,3852.94,3906.8,387765.6873,0.0001,83,0.0,0.0,unknown,,1000.0,0.0,0.0,,{},,{},1000.0,0.0,1000.0,unknown,0.0,{},,73,1000,0,1000,0,0.0,0.0,1.0,0.0
2024-12-13 01:00:00,3906.8,3945.0,3825.03,3870.29,265538.9479,0.0001,76,0.0,0.0,unknown,,1000.0,0.0,0.0,,{},,{},1000.0,0.0,1000.0,unknown,0.0,{},,74,1000,0,1000,0,0.0,0.0,1.0,0.0
2024-12-14 01:00:00,3870.3,3974.61,3831.5,3959.09,253833.2141,0.0001,83,0.0,0.0,unknown,,1000.0,0.0,0.0,,{},,{},1000.0,0.0,1000.0,unknown,0.0,{},,75,1000,0,1000,0,0.0,0.0,1.0,0.0
2024-12-15 01:00:00,3959.09,4107.8,3884.0,3986.24,673351.0723,0.0001,80,0.0,0.0,unknown,,1000.0,0.0,0.0,,{},,{},1000.0,0.0,1000.0,unknown,0.0,{},,76,1000,0,1000,0,0.0,0.0,1.0,0.0
2024-12-16 01:00:00,3986.24,4041.82,3847.96,3893.01,450825.9861,8.7e-05,83,0.0,0.0,unknown,,1000.0,0.0,0.0,,{},,{},1000.0,0.0,1000.0,unknown,0.0,{},,77,1000,0,1000,0,0.0,0.0,1.0,0.0
2024-12-17 01:00:00,3893.01,3907.19,3617.42,3626.8,722505.0618,0.0001,87,0.0,0.0,unknown,,1000.0,0.0,0.0,,{},,{},1000.0,0.0,1000.0,unknown,0.0,{},,78,1000,0,1000,0,0.0,0.0,1.0,0.0
2024-12-18 01:00:00,3626.8,3720.0,3326.8,3417.01,1078153.4851,8e-05,81,0.0,0.0,unknown,,1000.0,0.0,0.0,,{},,{},1000.0,0.0,1000.0,unknown,0.0,{},,79,1000,0,1000,0,0.0,0.0,1.0,0.0
2024-12-19 01:00:00,3417.01,3497.84,3101.9,3472.21,1332783.731,6.1e-05,75,0.0,0.0,unknown,,1000.0,0.0,0.0,,{},,{},1000.0,0.0,1000.0,unknown,0.0,{},,80,1000,0,1000,0,0.0,0.0,1.0,0.0
2024-12-20 01:00:00,3472.2,3555.18,3293.11,3338.92,475275.82,0.0001,74,0.0,0.0,unknown,,1000.0,0.0,0.0,,{},,{},1000.0,0.0,1000.0,unknown,0.0,{},,81,1000,0,1000,0,0.0,0.0,1.0,0.0
2024-12-21 01:00:00,3338.92,3403.0,3221.1,3281.83,361920.2495,6.4e-05,73,0.0,0.0,unknown,,1000.0,0.0,0.0,,{},,{},1000.0,0.0,1000.0,unknown,0.0,{},,82,1000,0,1000,0,0.0,0.0,1.0,0.0
2024-12-22 01:00:00,3281.83,3466.99,3216.97,3422.53,488253.41,0.0001,73,0.0,0.0,unknown,,1000.0,0.0,0.0,,{},,{},1000.0,0.0,1000.0,unknown,0.0,{},,83,1000,0,1000,0,0.0,0.0,1.0,0.0
2024-12-23 01:00:00,3422.53,3539.65,3358.19,3493.18,315723.6763,5.7e-05,70,0.0,0.0,unknown,,1000.0,0.0,0.0,,{},,{},1000.0,0.0,1000.0,unknown,0.0,{},,84,1000,0,1000,0,0.0,0.0,1.0,0.0
2024-12-24 01:00:00,3493.17,3547.95,3440.93,3497.0,219846.0452,0.0001,73,0.0,0.0,unknown,,1000.0,0.0,0.0,,{},,{},1000.0,0.0,1000.0,unknown,0.0,{},,85,1000,0,1000,0,0.0,0.0,1.0,0.0
2024-12-25 01:00:00,3497.0,3514.94,3304.63,3335.05,310170.1719,2.8e-05,73,0.0,0.0,unknown,,1000.0,0.0,0.0,,{},,{},1000.0,0.0,1000.0,unknown,0.0,{},,86,1000,0,1000,0,0.0,0.0,1.0,0.0
2024-12-26 01:00:00,3335.04,3444.16,3306.6,3333.51,342529.6038,0.0001,79,0.0,0.0,unknown,,1000.0,0.0,0.0,,{},,{},1000.0,0.0,1000.0,unknown,0.0,{},,87,1000,0,1000,0,0.0,0.0,1.0,0.0
2024-12-27 01:00:00,3333.51,3428.68,3322.23,3404.0,175963.613,0.0001,74,0.0,0.0,unknown,,1000.0,0.0,0.0,,{},,{},1000.0,0.0,1000.0,unknown,0.0,{},,88,1000,0,1000,0,0.0,0.0,1.0,0.0
2024-12-28 01:00:00,3404.01,3413.78,3326.17,3356.48,156256.8819,5.3e-05,72,0.0,0.0,unknown,,1000.0,0.0,0.0,,{},,{},1000.0,0.0,1000.0,unknown,0.0,{},,89,1000,0,1000,0,0.0,0.0,1.0,0.0
2024-12-29 01:00:00,3356.48,3437.59,3305.0,3361.84,420794.6476,5.9e-05,73,0.0,0.0,unknown,,1000.0,0.0,0.0,,{},,{},1000.0,0.0,1000.0,unknown,0.0,{},,90,1000,0,1000,0,0.0,0.0,1.0,0.0
2024-12-30 01:00:00,3361.83,3451.0,3315.59,3337.78,303053.1685,0.0001,65,0.0,0.0,unknown,,1000.0,0.0,0.0,,{},,{},1000.0,0.0,1000.0,unknown,0.0,{},,91,1000,0,1000,0,0.0,0.0,1.0,0.0
2024-12-31 01:00:00,3337.78,3374.85,3313.88,3360.38,190238.5861,0.0001,64,0.0,0.0,unknown,,1000.0,0.0,0.0,,{},,{},1000.0,0.0,1000.0,unknown,0.0,{},,92,1000,0,1000,0,0.0,0.0,1.0,0.0
2025-01-01 01:00:00,3360.39,3509.99,3354.5,3455.67,338632.8874,0.0001,66,0.0,0.0,unknown,,1000.0,0.0,0.0,,{},,{},1000.0,0.0,1000.0,unknown,0.0,{},,93,1000,0,1000,0,0.0,0.0,1.0,0.0
2025-01-02 01:00:00,3455.68,3630.0,3423.44,3609.01,334041.0604,0.0001,70,0.0,0.0,unknown,,1000.0,0.0,0.0,,{},,{},1000.0,0.0,1000.0,unknown,0.0,{},,94,1000,0,1000,0,0.0,0.0,1.0,0.0
2025-01-03 01:00:00,3609.0,3671.6,3572.42,3656.88,229266.3133,0.0001,74,0.0,0.0,unknown,,1000.0,0.0,0.0,,{},,{},1000.0,0.0,1000.0,unknown,0.0,{},,95,1000,0,1000,0,0.0,0.0,1.0,0.0
2025-01-04 01:00:00,3656.88,3675.25,3593.7,3635.99,155444.1741,0.0001,73,0.0,0.0,unknown,,1000.0,0.0,0.0,,{},,{},1000.0,0.0,1000.0,unknown,0.0,{},,96,1000,0,1000,0,0.0,0.0,1.0,0.0
2025-01-05 01:00:00,3636.0,3744.83,3610.63,3687.45,329642.3648,0.0001,72,0.0,0.0,unknown,,1000.0,0.0,0.0,,{},,{},1000.0,0.0,1000.0,unknown,0.0,{},,97,1000,0,1000,0,0.0,0.0,1.0,0.0
2025-01-06 01:00:00,3687.44,3700.86,3356.31,3381.31,541543.2874,0.0001,76,0.0,0.0,unknown,,1000.0,0.0,0.0,,{},,{},1000.0,0.0,1000.0,unknown,0.0,{},,98,1000,0,1000,0,0.0,0.0,1.0,0.0
2025-01-07 01:00:00,3381.31,3415.1,3208.2,3327.29,584749.9627,0.0001,78,0.0,0.0,unknown,,1000.0,0.0,0.0,,{},,{},1000.0,0.0,1000.0,unknown,0.0,{},,99,1000,0,1000,0,0.0,0.0,1.0,0.0
2025-01-08 01:00:00,3327.29,3357.27,3158.0,3219.2,501818.4247,0.0001,70,0.0,0.0,unknown,,1000.0,0.0,0.0,,{},,{},1000.0,0.0,1000.0,unknown,0.0,{},,100,1000,0,1000,0,0.0,0.0,1.0,0.0
2025-01-09 01:00:00,3219.2,3322.49,3193.97,3267.04,454142.1333,6.6e-05,69,0.0,0.0,unknown,,1000.0,0.0,0.0,,{},,{},1000.0,0.0,1000.0,unknown,0.0,{},,101,1000,0,1000,0,0.0,0.0,1.0,0.0
2025-01-10 01:00:00,3267.05,3320.18,3217.56,3282.83,151679.7487,7.6e-05,50,0.0,0.0,unknown,,1000.0,0.0,0.0,,{},,{},1000.0,0.0,1000.0,unknown,0.0,{},,102,1000,0,1000,0,0.0,0.0,1.0,0.0
2025-01-11 01:00:00,3282.83,3300.0,3224.49,3267.3,164879.9709,6.6e-05,69,0.0,0.0,unknown,,1000.0,0.0,0.0,,{},,{},1000.0,0.0,1000.0,unknown,0.0,{},,103,1000,0,1000,0,0.0,0.0,1.0,0.0
2025-01-12 01:00:00,3267.3,3339.0,2920.0,3137.51,845907.5669,0.0001,62,0.0,0.0,unknown,,1000.0,0.0,0.0,,{},,{},1000.0,0.0,1000.0,unknown,0.0,{},,104,1000,0,1000,0,0.0,0.0,1.0,0.0
2025-01-13 01:00:00,3137.51,3256.67,3125.65,3225.63,374308.4517,0.0001,61,0.0,0.0,unknown,,1000.0,0.0,0.0,,{},,{},1000.0,0.0,1000.0,unknown,0.0,{},,105,1000,0,1000,0,0.0,0.0,1.0,0.0
2025-01-14 01:00:00,3225.63,3473.75,3186.36,3451.52,464188.034,5.4e-05,63,0.0,0.0,unknown,,1000.0,0.0,0.0,,{},,{},1000.0,0.0,1000.0,unknown,0.0,{},,106,1000,0,1000,0,0.0,0.0,1.0,0.0
2025-01-15 01:00:00,3451.51,3460.79,3265.44,3308.05,471282.6787,4.5e-05,70,0.0,0.0,unknown,,1000.0,0.0,0.0,,{},,{},1000.0,0.0,1000.0,unknown,0.0,{},,107,1000,0,1000,0,0.0,0.0,1.0,0.0
2025-01-16 01:00:00,3308.04,3525.72,3307.5,3473.63,518550.1813,0.0001,75,0.0,0.0,unknown,,1000.0,0.0,0.0,,{},,{},1000.0,0.0,1000.0,unknown,0.0,{},,108,1000,0,1000,0,0.0,0.0,1.0,0.0
2025-01-17 01:00:00,3473.64,3494.39,3227.0,3307.71,634197.1281,5.3e-05,75,0.0,0.0,unknown,,1000.0,0.0,0.0,,{},,{},1000.0,0.0,1000.0,unknown,0.0,{},,109,1000,0,1000,0,0.0,0.0,1.0,0.0
2025-01-18 01:00:00,3307.71,3448.99,3130.48,3215.12,1342301.5217,0.0001,77,0.0,0.0,unknown,,1000.0,0.0,0.0,,{},,{},1000.0,0.0,1000.0,unknown,0.0,{},,110,1000,0,1000,0,0.0,0.0,1.0,0.0
2025-01-19 01:00:00,3215.2,3453.69,3142.78,3284.0,1158354.7814,0.0001,77,0.0,0.0,unknown,,1000.0,0.0,0.0,,{},,{},1000.0,0.0,1000.0,unknown,0.0,{},,111,1000,0,1000,0,0.0,0.0,1.0,0.0
2025-01-20 01:00:00,3283.99,3368.0,3204.6,3327.54,548706.0513,0.0001,76,0.0,0.0,unknown,,1000.0,0.0,0.0,,{},,{},1000.0,0.0,1000.0,unknown,0.0,{},,112,1000,0,1000,0,0.0,0.0,1.0,0.0
2025-01-21 01:00:00,3327.55,3365.99,3222.85,3242.6,349240.7498,0.0001,76,0.0,0.0,unknown,,1000.0,0.0,0.0,,{},,{},1000.0,0.0,1000.0,unknown,0.0,{},,113,1000,0,1000,0,0.0,0.0,1.0,0.0
2025-01-22 01:00:00,3242.61,3347.97,3185.0,3338.21,605592.7225,0.0001,84,0.0,0.0,unknown,,1000.0,0.0,0.0,,{},,{},1000.0,0.0,1000.0,unknown,0.0,{},,114,1000,0,1000,0,0.0,0.0,1.0,0.0
2025-01-23 01:00:00,3338.22,3428.0,3275.9,3310.09,451524.2752,0.0001,75,0.0,0.0,unknown,,1000.0,0.0,0.0,,{},,{},1000.0,0.0,1000.0,unknown,0.0,{},,115,1000,0,1000,0,0.0,0.0,1.0,0.0
2025-01-24 01:00:00,3310.1,3350.68,3268.66,3318.77,208559.0415,0.0001,75,0.0,0.0,unknown,,1000.0,0.0,0.0,,{},,{},1000.0,0.0,1000.0,unknown,0.0,{},,116,1000,0,1000,0,0.0,0.0,1.0,0.0
2025-01-25 01:00:00,3318.76,3362.0,3230.0,3232.61,272165.469,6.9e-05,75,0.0,0.0,unknown,,1000.0,0.0,0.0,,{},,{},1000.0,0.0,1000.0,unknown,0.0,{},,117,1000,0,1000,0,0.0,0.0,1.0,0.0
2025-01-26 01:00:00,3232.61,3253.91,3020.01,3182.44,753004.7529,9.7e-05,73,0.0,0.0,unknown,,1000.0,0.0,0.0,,{},,{},1000.0,0.0,1000.0,unknown,0.0,{},,118,1000,0,1000,0,0.0,0.0,1.0,0.0
2025-01-27 01:00:00,3182.44,3223.01,3040.03,3077.72,350959.7173,-3e-06,71,0.0,0.0,unknown,,1000.0,0.0,0.0,,{},,{},1000.0,0.0,1000.0,unknown,0.0,{},,119,1000,0,1000,0,0.0,0.0,1.0,0.0
2025-01-28 01:00:00,3077.72,3182.52,3054.06,3113.9,409737.2576,0.0001,72,0.0,0.0,unknown,,1000.0,0.0,0.0,,{},,{},1000.0,0.0,1000.0,unknown,0.0,{},,120,1000,0,1000,0,0.0,0.0,1.0,0.0
2025-01-29 01:00:00,3113.9,3283.43,3091.06,3247.39,350639.4823,0.0001,72,0.0,0.0,unknown,,1000.0,0.0,0.0,,{},,{},1000.0,0.0,1000.0,unknown,0.0,{},,121,1000,0,1000,0,0.0,0.0,1.0,0.0
2025-01-30 01:00:00,3247.38,3437.31,3213.8,3300.99,648681.6561,2.3e-05,70,0.0,0.0,unknown,,1000.0,0.0,0.0,,{},,{},1000.0,0.0,1000.0,unknown,0.0,{},,122,1000,0,1000,0,0.0,0.0,1.0,0.0
2025-01-31 01:00:00,3300.99,3331.98,3101.7,3117.54,354065.2525,9.4e-05,76,0.0,0.0,unknown,,1000.0,0.0,0.0,,{},,{},1000.0,0.0,1000.0,unknown,0.0,{},,123,1000,0,1000,0,0.0,0.0,1.0,0.0
2025-02-01 01:00:00,3117.54,3163.2,2750.71,2869.68,1050805.93,8.4e-05,68,0.0,0.0,unknown,,1000.0,0.0,0.0,,{},,{},1000.0,0.0,1000.0,unknown,0.0,{},,124,1000,0,1000,0,0.0,0.0,1.0,0.0
2025-02-02 01:00:00,2869.68,2921.0,2125.01,2879.9,2807979.021,3.6e-05,60,0.0,0.0,unknown,,1000.0,0.0,0.0,,{},,{},1000.0,0.0,1000.0,unknown,0.0,{},,125,1000,0,1000,0,0.0,0.0,1.0,0.0
2025-02-03 01:00:00,2879.89,2888.5,2632.6,2731.19,1259594.3919,3.2e-05,44,0.0,0.0,unknown,,1000.0,0.0,0.0,,{},,{},1000.0,0.0,1000.0,unknown,0.0,{},,126,1000,0,1000,0,0.0,0.0,1.0,0.0
2025-02-04 01:00:00,2731.19,2826.95,2699.13,2788.25,686593.0429,-0.000107,72,0.0,0.0,unknown,,1000.0,0.0,0.0,,{},,{},1000.0,0.0,1000.0,unknown,0.0,{},,127,1000,0,1000,0,0.0,0.0,1.0,0.0
2025-02-05 01:00:00,2788.25,2857.64,2655.28,2686.64,719459.9571,-8.2e-05,54,0.0,0.0,unknown,,1000.0,0.0,0.0,,{},,{},1000.0,0.0,1000.0,unknown,0.0,{},,128,1000,0,1000,0,0.0,0.0,1.0,0.0
2025-02-06 01:00:00,2686.63,2797.5,2562.51,2622.1,695467.3612,-2.4e-05,49,0.0,0.0,unknown,,1000.0,0.0,0.0,,{},,{},1000.0,0.0,1000.0,unknown,0.0,{},,129,1000,0,1000,0,0.0,0.0,1.0,0.0
2025-02-07 01:00:00,2622.11,2667.3,2588.8,2632.46,379685.1509,2.4e-05,44,0.0,0.0,unknown,,1000.0,0.0,0.0,,{},,{},1000.0,0.0,1000.0,unknown,0.0,{},,130,1000,0,1000,0,0.0,0.0,1.0,0.0
2025-02-08 01:00:00,2632.46,2698.9,2520.02,2627.18,387166.7911,-1.9e-05,44,0.0,0.0,unknown,,1000.0,0.0,0.0,,{},,{},1000.0,0.0,1000.0,unknown,0.0,{},,131,1000,0,1000,0,0.0,0.0,1.0,0.0
2025-02-09 01:00:00,2627.18,2693.79,2559.85,2661.19,398173.2716,-4e-06,46,0.0,0.0,unknown,,1000.0,0.0,0.0,,{},,{},1000.0,0.0,1000.0,unknown,0.0,{},,132,1000,0,1000,0,0.0,0.0,1.0,0.0
2025-02-10 01:00:00,2661.19,2725.04,2558.24,2602.59,484196.1435,9e-06,43,0.0,0.0,unknown,,1000.0,0.0,0.0,,{},,{},1000.0,0.0,1000.0,unknown,0.0,{},,133,1000,0,1000,0,0.0,0.0,1.0,0.0
2025-02-11 01:00:00,2602.59,2795.45,2546.92,2738.27,646295.8959,-6e-06,47,0.0,0.0,unknown,,1000.0,0.0,0.0,,{},,{},1000.0,0.0,1000.0,unknown,0.0,{},,134,1000,0,1000,0,0.0,0.0,1.0,0.0
2025-02-12 01:00:00,2738.27,2757.28,2612.76,2675.87,443769.2853,6.2e-05,46,0.0,0.0,unknown,,1000.0,0.0,0.0,,{},,{},1000.0,0.0,1000.0,unknown,0.0,{},,135,1000,0,1000,0,0.0,0.0,1.0,0.0
2025-02-13 01:00:00,2675.87,2791.78,2664.46,2725.95,419895.7862,8.4e-05,50,0.0,0.0,unknown,,1000.0,0.0,0.0,,{},,{},1000.0,0.0,1000.0,unknown,0.0,{},,136,1000,0,1000,0,0.0,0.0,1.0,0.0
2025-02-14 01:00:00,2725.95,2739.0,2662.28,2693.04,202971.4295,2e-06,48,0.0,0.0,unknown,,1000.0,0.0,0.0,,{},,{},1000.0,0.0,1000.0,unknown,0.0,{},,137,1000,0,1000,0,0.0,0.0,1.0,0.0
2025-02-15 01:00:00,2693.04,2727.31,2651.26,2661.41,191231.5314,4.4e-05,50,0.0,0.0,unknown,,1000.0,0.0,0.0,,{},,{},1000.0,0.0,1000.0,unknown,0.0,{},,138,1000,0,1000,0,0.0,0.0,1.0,0.0
2025-02-16 01:00:00,2661.41,2849.7,2637.71,2744.05,639739.8197,3.9e-05,54,0.0,0.0,unknown,,1000.0,0.0,0.0,,{},,{},1000.0,0.0,1000.0,unknown,0.0,{},,139,1000,0,1000,0,0.0,0.0,1.0,0.0
2025-02-17 01:00:00,2744.05,2756.93,2605.44,2671.99,604863.8737,3.6e-05,51,0.0,0.0,unknown,,1000.0,0.0,0.0,,{},,{},1000.0,0.0,1000.0,unknown,0.0,{},,140,1000,0,1000,0,0.0,0.0,1.0,0.0
2025-02-18 01:00:00,2672.0,2736.7,2656.03,2715.5,326154.0202,4.7e-05,47,0.0,0.0,unknown,,1000.0,0.0,0.0,,{},,{},1000.0,0.0,1000.0,unknown,0.0,{},,141,1000,0,1000,0,0.0,0.0,1.0,0.0
2025-02-19 01:00:00,2715.51,2770.59,2707.18,2738.04,336735.2544,5e-05,44,0.0,0.0,unknown,,1000.0,0.0,0.0,,{},,{},1000.0,0.0,1000.0,unknown,0.0,{},,142,1000,0,1000,0,0.0,0.0,1.0,0.0
2025-02-20 01:00:00,2738.04,2845.32,2616.72,2663.0,890440.0604,-2e-06,49,0.0,0.0,unknown,,1000.0,0.0,0.0,,{},,{},1000.0,0.0,1000.0,unknown,0.0,{},,143,1000,0,1000,0,0.0,0.0,1.0,0.0
2025-02-21 01:00:00,2663.0,2798.07,2653.33,2763.22,444989.6669,6.4e-05,55,0.0,0.0,unknown,,1000.0,0.0,0.0,,{},,{},1000.0,0.0,1000.0,unknown,0.0,{},,144,1000,0,1000,0,0.0,0.0,1.0,0.0
2025-02-22 01:00:00,2763.23,2857.34,2745.41,2819.69,611002.1222,3.3e-05,49,0.0,0.0,unknown,,1000.0,0.0,0.0,,{},,{},1000.0,0.0,1000.0,unknown,0.0,{},,145,1000,0,1000,0,0.0,0.0,1.0,0.0
2025-02-23 01:00:00,2819.7,2839.95,2470.33,2513.52,876876.3707,9.7e-05,50,0.0,0.0,unknown,,1000.0,0.0,0.0,,{},,{},1000.0,0.0,1000.0,unknown,0.0,{},,146,1000,0,1000,0,0.0,0.0,1.0,0.0
2025-02-24 01:00:00,2513.52,2533.49,2313.49,2495.7,1322016.8718,7.1e-05,49,0.0,0.0,unknown,,1000.0,0.0,0.0,,{},,{},1000.0,0.0,1000.0,unknown,0.0,{},,147,1000,0,1000,0,0.0,0.0,1.0,0.0
2025-02-25 01:00:00,2495.69,2507.5,2253.77,2336.37,863087.2133,-3.6e-05,25,0.0,0.0,unknown,,1000.0,0.0,0.0,,{},,{},1000.0,0.0,1000.0,unknown,0.0,{},,148,1000,0,1000,0,0.0,0.0,1.0,0.0
2025-02-26 01:00:00,2336.38,2381.6,2230.57,2307.72,637583.9106,1.9e-05,21,0.0,0.0,unknown,,1000.0,0.0,0.0,,{},,{},1000.0,0.0,1000.0,unknown,0.0,{},,149,1000,0,1000,0,0.0,0.0,1.0,0.0
2025-02-27 01:00:00,2307.72,2314.18,2076.26,2237.59,1291539.0557,3.4e-05,10,0.0,0.0,unknown,,1000.0,0.0,0.0,,{},,{},1000.0,0.0,1000.0,unknown,0.0,{},,150,1000,0,1000,0,0.0,0.0,1.0,0.0
2025-02-28 01:00:00,2237.59,2281.14,2142.73,2217.39,446430.7271,5e-05,16,0.0,0.0,unknown,,1000.0,0.0,0.0,,{},,{},1000.0,0.0,1000.0,unknown,0.0,{},,151,1000,0,1000,0,0.0,0.0,1.0,0.0
2025-03-01 01:00:00,2217.4,2550.58,2172.04,2518.11,1266684.7748,4.9e-05,20,0.0,0.0,unknown,,1000.0,0.0,0.0,,{},,{},1000.0,0.0,1000.0,unknown,0.0,{},,152,1000,0,1000,0,0.0,0.0,1.0,0.0
2025-03-02 01:00:00,2518.12,2523.56,2097.91,2149.01,1109565.2003,3.2e-05,26,0.0,0.0,unknown,,1000.0,0.0,0.0,,{},,{},1000.0,0.0,1000.0,unknown,0.0,{},,153,1000,0,1000,0,0.0,0.0,1.0,0.0
2025-03-03 01:00:00,2149.02,2221.88,1993.2,2171.51,1257822.3372,6.1e-05,33,0.0,0.0,unknown,,1000.0,0.0,0.0,,{},,{},1000.0,0.0,1000.0,unknown,0.0,{},,154,1000,0,1000,0,0.0,0.0,1.0,0.0
2025-03-04 01:00:00,2171.5,2273.51,2155.03,2241.59,687130.7897,6e-06,15,0.0,0.0,unknown,,1000.0,0.0,0.0,,{},,{},1000.0,0.0,1000.0,unknown,0.0,{},,155,1000,0,1000,0,0.0,0.0,1.0,0.0
2025-03-05 01:00:00,2241.59,2319.99,2176.9,2202.2,596908.3935,6.4e-05,20,0.0,0.0,unknown,,1000.0,0.0,0.0,,{},,{},1000.0,0.0,1000.0,unknown,0.0,{},,156,1000,0,1000,0,0.0,0.0,1.0,0.0
2025-03-06 01:00:00,2202.21,2258.47,2101.82,2141.6,782387.2606,-1e-05,25,0.0,0.0,unknown,,1000.0,0.0,0.0,,{},,{},1000.0,0.0,1000.0,unknown,0.0,{},,157,1000,0,1000,0,0.0,0.0,1.0,0.0
2025-03-07 01:00:00,2141.6,2234.93,2105.06,2203.58,328793.0979,-2.5e-05,34,0.0,0.0,unknown,,1000.0,0.0,0.0,,{},,{},1000.0,0.0,1000.0,unknown,0.0,{},,158,1000,0,1000,0,0.0,0.0,1.0,0.0
2025-03-08 01:00:00,2203.57,2212.0,1989.66,2020.41,601671.5882,3.1e-05,28,0.0,0.0,unknown,,1000.0,0.0,0.0,,{},,{},1000.0,0.0,1000.0,unknown,0.0,{},,159,1000,0,1000,0,0.0,0.0,1.0,0.0
2025-03-09 01:00:00,2020.43,2152.4,1810.01,1865.1,1248745.3514,6.8e-05,27,0.0,0.0,unknown,,1000.0,0.0,0.0,,{},,{},1000.0,0.0,1000.0,unknown,0.0,{},,160,1000,0,1000,0,0.0,0.0,1.0,0.0
2025-03-10 01:00:00,1865.11,1963.2,1754.28,1923.43,1171427.9995,-4.2e-05,20,0.0,0.0,unknown,,1000.0,0.0,0.0,,{},,{},1000.0,0.0,1000.0,unknown,0.0,{},,161,1000,0,1000,0,0.0,0.0,1.0,0.0
2025-03-11 01:00:00,1923.42,1960.0,1829.72,1908.2,788739.6763,-4e-05,24,0.0,0.0,unknown,,1000.0,0.0,0.0,,{},,{},1000.0,0.0,1000.0,unknown,0.0,{},,162,1000,0,1000,0,0.0,0.0,1.0,0.0
2025-03-12 01:00:00,1908.2,1923.09,1821.81,1864.59,569537.2622,1.7e-05,34,0.0,0.0,unknown,,1000.0,0.0,0.0,,{},,{},1000.0,0.0,1000.0,unknown,0.0,{},,163,1000,0,1000,0,0.0,0.0,1.0,0.0
2025-03-13 01:00:00,1864.59,1945.64,1861.31,1911.65,375805.7355,2.9e-05,45,0.0,0.0,unknown,,1000.0,0.0,0.0,,{},,{},1000.0,0.0,1000.0,unknown,0.0,{},,164,1000,0,1000,0,0.0,0.0,1.0,0.0
2025-03-14 01:00:00,1911.64,1957.19,1903.75,1937.17,209545.8675,2.7e-05,27,0.0,0.0,unknown,,1000.0,0.0,0.0,,{},,{},1000.0,0.0,1000.0,unknown,0.0,{},,165,1000,0,1000,0,0.0,0.0,1.0,0.0
2025-03-15 01:00:00,1937.18,1940.87,1860.38,1887.0,324766.6564,2.9e-05,46,0.0,0.0,unknown,,1000.0,0.0,0.0,,{},,{},1000.0,0.0,1000.0,unknown,0.0,{},,166,1000,0,1000,0,0.0,0.0,1.0,0.0
2025-03-16 01:00:00,1887.01,1952.4,1879.98,1926.31,334840.4877,-3e-05,30,0.0,0.0,unknown,,1000.0,0.0,0.0,,{},,{},1000.0,0.0,1000.0,unknown,0.0,{},,167,1000,0,1000,0,0.0,0.0,1.0,0.0
2025-03-17 01:00:00,1926.3,1936.2,1872.31,1931.54,332896.0155,2.1e-05,32,0.0,0.0,unknown,,1000.0,0.0,0.0,,{},,{},1000.0,0.0,1000.0,unknown,0.0,{},,168,1000,0,1000,0,0.0,0.0,1.0,0.0
2025-03-18 01:00:00,1931.54,2069.9,1927.58,2056.06,691809.5034,5.3e-05,34,0.0,0.0,unknown,,1000.0,0.0,0.0,,{},,{},1000.0,0.0,1000.0,unknown,0.0,{},,169,1000,0,1000,0,0.0,0.0,1.0,0.0
2025-03-19 01:00:00,2056.05,2067.9,1952.17,1983.79,401518.9282,6e-05,32,0.0,0.0,unknown,,1000.0,0.0,0.0,,{},,{},1000.0,0.0,1000.0,unknown,0.0,{},,170,1000,0,1000,0,0.0,0.0,1.0,0.0
2025-03-20 01:00:00,1983.79,1996.73,1937.1,1965.75,262641.659,-1.7e-05,49,0.0,0.0,unknown,,1000.0,0.0,0.0,,{},,{},1000.0,0.0,1000.0,unknown,0.0,{},,171,1000,0,1000,0,0.0,0.0,1.0,0.0
2025-03-21 01:00:00,1965.74,2006.61,1964.34,1980.69,170782.9574,5.2e-05,31,0.0,0.0,unknown,,1000.0,0.0,0.0,,{},,{},1000.0,0.0,1000.0,unknown,0.0,{},,172,1000,0,1000,0,0.0,0.0,1.0,0.0
2025-03-22 01:00:00,1980.68,2020.74,1976.81,2005.99,268707.5233,-1.4e-05,32,0.0,0.0,unknown,,1000.0,0.0,0.0,,{},,{},1000.0,0.0,1000.0,unknown,0.0,{},,173,1000,0,1000,0,0.0,0.0,1.0,0.0
2025-03-23 01:00:00,2005.99,2104.11,1977.67,2081.2,477912.8154,1.6e-05,30,0.0,0.0,unknown,,1000.0,0.0,0.0,,{},,{},1000.0,0.0,1000.0,unknown,0.0,{},,174,1000,0,1000,0,0.0,0.0,1.0,0.0
2025-03-24 01:00:00,2081.2,2097.7,2037.08,2066.15,328765.3292,-1.3e-05,45,0.0,0.0,unknown,,1000.0,0.0,0.0,,{},,{},1000.0,0.0,1000.0,unknown,0.0,{},,175,1000,0,1000,0,0.0,0.0,1.0,0.0
2025-03-25 01:00:00,2066.16,2079.21,1981.6,2009.52,428975.3286,3.1e-05,46,0.0,0.0,unknown,,1000.0,0.0,0.0,,{},,{},1000.0,0.0,1000.0,unknown,0.0,{},,176,1000,0,1000,0,0.0,0.0,1.0,0.0
2025-03-26 01:00:00,2009.52,2037.38,1987.06,2003.66,360634.8383,3e-05,47,0.0,0.0,unknown,,1000.0,0.0,0.0,,{},,{},1000.0,0.0,1000.0,unknown,0.0,{},,177,1000,0,1000,0,0.0,0.0,1.0,0.0
2025-03-27 01:00:00,2003.67,2015.93,1860.0,1896.9,626167.5832,-2.2e-05,40,0.0,0.0,unknown,,1000.0,0.0,0.0,,{},,{},1000.0,0.0,1000.0,unknown,0.0,{},,178,1000,0,1000,0,0.0,0.0,1.0,0.0
2025-03-28 01:00:00,1896.9,1913.6,1797.2,1828.08,409769.7555,3.1e-05,44,0.0,0.0,unknown,,1000.0,0.0,0.0,,{},,{},1000.0,0.0,1000.0,unknown,0.0,{},,179,1000,0,1000,0,0.0,0.0,1.0,0.0
2025-03-29 01:00:00,1828.09,1849.01,1767.69,1807.74,327843.4476,4e-06,26,0.0,0.0,unknown,,1000.0,0.0,0.0,,{},,{},1000.0,0.0,1000.0,unknown,0.0,{},,180,1000,0,1000,0,0.0,0.0,1.0,0.0
