timestamp,open,high,low,close,volume,funding_rate,fear_greed,forecast,confidence,regime,strategy,total_portfolio_value,previous_allocation,allocation_change,approved_rebalance,debug_approve_allocation_change,succcess_execute_portfolio_rebalance,debug_execute_portfolio_rebalance,postRebalance_total_value,postRebalance_current_allocation,portfolio_value,debug_info.regime,debug_info.forecast_delta,debug_info.regime_margin,debug_info.bars_in_regime,debug_info.components,debug_info.regime_scores.trending,balances.USDT.free,balances.USDT.locked,postRebalance_balances.USDT.free,postRebalance_balances.USDT.locked
2024-08-01 00:00:00,171.7,172.91,168.52,168.62,760011.128,9.3e-05,52,0.0,0.0,unknown,,1000.0,0.0,0.0,,{},,{},1000.0,0.0,1000.0,unknown,0.0,1.0,1,{},0.1139,1000,0,1000,0
2024-08-01 04:00:00,168.63,169.74,166.0,168.23,816652.984,9.3e-05,52,0.0,0.0,unknown,,1000.0,0.0,0.0,,{},,{},1000.0,0.0,1000.0,unknown,0.0,1.0,2,{},0.1419,1000,0,1000,0
2024-08-01 08:00:00,168.23,169.94,168.01,169.69,507949.121,0.0001,52,0.0,0.0,unknown,,1000.0,0.0,0.0,,{},,{},1000.0,0.0,1000.0,unknown,0.0,1.0,3,{},0.1611,1000,0,1000,0
2024-08-01 12:00:00,169.69,171.46,161.25,162.67,1311560.649,0.0001,52,0.0,0.0,unknown,,1000.0,0.0,0.0,,{},,{},1000.0,0.0,1000.0,unknown,0.0,1.0,4,{},0.1832,1000,0,1000,0
2024-08-01 16:00:00,162.68,162.91,157.91,162.4,1299028.95,0.0001,52,0.0,0.0,unknown,,1000.0,0.0,0.0,,{},,{},1000.0,0.0,1000.0,unknown,0.0,1.0,5,{},0.2089,1000,0,1000,0
2024-08-01 20:00:00,162.39,168.48,161.2,167.37,828294.783,0.0001,52,0.0,0.0,unknown,,1000.0,0.0,0.0,,{},,{},1000.0,0.0,1000.0,unknown,0.0,1.0,6,{},0.1951,1000,0,1000,0
2024-08-02 00:00:00,167.37,169.43,161.52,164.32,569896.964,3.6e-05,57,0.0,0.0,unknown,,1000.0,0.0,0.0,,{},,{},1000.0,0.0,1000.0,unknown,0.0,1.0,7,{},0.2307,1000,0,1000,0
2024-08-02 04:00:00,164.31,165.32,159.06,161.44,587759.321,3.6e-05,57,0.0,0.0,unknown,,1000.0,0.0,0.0,,{},,{},1000.0,0.0,1000.0,unknown,0.0,1.0,8,{},0.2654,1000,0,1000,0
2024-08-02 08:00:00,161.43,165.42,160.41,164.37,571993.561,3.6e-05,57,0.0,0.0,unknown,,1000.0,0.0,0.0,,{},,{},1000.0,0.0,1000.0,unknown,0.0,1.0,9,{},0.2634,1000,0,1000,0
2024-08-02 12:00:00,164.36,167.65,152.8,156.76,1872429.405,0.0001,57,0.0,0.0,unknown,,1000.0,0.0,0.0,,{},,{},1000.0,0.0,1000.0,unknown,0.0,1.0,10,{},0.2485,1000,0,1000,0
2024-08-02 16:00:00,156.76,157.46,150.01,151.3,900783.174,0.0001,57,0.0,0.0,unknown,,1000.0,0.0,0.0,,{},,{},1000.0,0.0,1000.0,unknown,0.0,1.0,11,{},0.2647,1000,0,1000,0
2024-08-02 20:00:00,151.29,155.06,150.0,152.77,1050155.509,0.0001,57,0.0,0.0,unknown,,1000.0,0.0,0.0,,{},,{},1000.0,0.0,1000.0,unknown,0.0,1.0,12,{},0.2689,1000,0,1000,0
2024-08-03 00:00:00,152.78,154.05,148.62,153.56,1008143.72,9.8e-05,37,0.0,0.0,unknown,,1000.0,0.0,0.0,,{},,{},1000.0,0.0,1000.0,unknown,0.0,1.0,13,{},0.267,1000,0,1000,0
2024-08-03 04:00:00,153.56,153.56,151.18,151.64,496917.129,9.8e-05,37,0.0,0.0,unknown,,1000.0,0.0,0.0,,{},,{},1000.0,0.0,1000.0,unknown,0.0,1.0,14,{},0.278,1000,0,1000,0
2024-08-03 08:00:00,151.64,152.58,148.35,152.38,654037.996,0.0001,37,0.0,0.0,unknown,,1000.0,0.0,0.0,,{},,{},1000.0,0.0,1000.0,unknown,0.0,1.0,15,{},0.2723,1000,0,1000,0
2024-08-03 12:00:00,152.38,153.59,146.02,146.2,859088.183,0.0001,37,0.0,0.0,unknown,,1000.0,0.0,0.0,,{},,{},1000.0,0.0,1000.0,unknown,0.0,1.0,16,{},0.2605,1000,0,1000,0
2024-08-03 16:00:00,146.19,147.61,140.0,140.42,1656324.11,0.0001,37,0.0,0.0,unknown,,1000.0,0.0,0.0,,{},,{},1000.0,0.0,1000.0,unknown,0.0,1.0,17,{},0.2688,1000,0,1000,0
2024-08-03 20:00:00,140.42,143.97,140.07,142.52,770443.555,8.1e-05,37,0.0,0.0,unknown,,1000.0,0.0,0.0,,{},,{},1000.0,0.0,1000.0,unknown,0.0,1.0,18,{},0.2761,1000,0,1000,0
2024-08-04 00:00:00,142.53,146.08,141.81,144.32,653389.135,-1.7e-05,34,0.0,0.0,unknown,,1000.0,0.0,0.0,,{},,{},1000.0,0.0,1000.0,unknown,0.0,1.0,19,{},0.2785,1000,0,1000,0
2024-08-04 04:00:00,144.31,144.48,140.57,140.82,446692.187,-1.7e-05,34,0.0,0.0,unknown,,1000.0,0.0,0.0,,{},,{},1000.0,0.0,1000.0,unknown,0.0,1.0,20,{},0.2992,1000,0,1000,0
2024-08-04 08:00:00,140.83,144.52,139.4,143.51,593549.302,8.9e-05,34,0.0,0.0,unknown,,1000.0,0.0,0.0,,{},,{},1000.0,0.0,1000.0,unknown,0.0,1.0,21,{},0.2924,1000,0,1000,0
2024-08-04 12:00:00,143.5,145.12,135.0,135.19,1396293.139,8.9e-05,34,0.0,0.0,unknown,,1000.0,0.0,0.0,,{},,{},1000.0,0.0,1000.0,unknown,0.0,1.0,22,{},0.2699,1000,0,1000,0
2024-08-04 16:00:00,135.19,143.0,131.22,142.0,2960801.969,4.2e-05,34,0.0,0.0,unknown,,1000.0,0.0,0.0,,{},,{},1000.0,0.0,1000.0,unknown,0.0,1.0,23,{},0.2317,1000,0,1000,0
2024-08-04 20:00:00,141.99,143.93,137.35,138.33,986989.553,4.2e-05,34,0.0,0.0,unknown,,1000.0,0.0,0.0,,{},,{},1000.0,0.0,1000.0,unknown,0.0,1.0,24,{},0.2149,1000,0,1000,0
2024-08-05 00:00:00,138.32,139.37,121.93,126.14,4875818.79,6.2e-05,26,0.0,0.0,unknown,,1000.0,0.0,0.0,,{},,{},1000.0,0.0,1000.0,unknown,0.0,1.0,25,{},0.1834,1000,0,1000,0
2024-08-05 04:00:00,126.13,130.13,110.0,122.9,7364427.947,6.2e-05,26,0.0,0.0,unknown,,1000.0,0.0,0.0,,{},,{},1000.0,0.0,1000.0,unknown,0.0,1.0,26,{},0.2061,1000,0,1000,0
2024-08-05 08:00:00,122.91,123.9,110.56,115.96,2953604.585,-8e-06,26,0.0,0.0,unknown,,1000.0,0.0,0.0,,{},,{},1000.0,0.0,1000.0,unknown,0.0,1.0,27,{},0.2176,1000,0,1000,0
2024-08-05 12:00:00,115.97,132.65,110.03,130.44,5592308.081,-8e-06,26,0.0,0.0,unknown,,1000.0,0.0,0.0,,{},,{},1000.0,0.0,1000.0,unknown,0.0,1.0,28,{},0.1441,1000,0,1000,0
2024-08-05 16:00:00,130.45,135.53,126.7,128.76,2324503.279,5e-06,26,0.0,0.0,unknown,,1000.0,0.0,0.0,,{},,{},1000.0,0.0,1000.0,unknown,0.0,1.0,29,{},0.1302,1000,0,1000,0
2024-08-05 20:00:00,128.76,135.1,128.33,129.78,1156895.137,5e-06,26,0.0,0.0,unknown,,1000.0,0.0,0.0,,{},,{},1000.0,0.0,1000.0,unknown,0.0,1.0,30,{},0.1263,1000,0,1000,0
2024-08-06 00:00:00,129.79,141.1,129.4,138.62,1712722.807,8e-05,17,0.0,0.0,unknown,,1000.0,0.0,0.0,,{},,{},1000.0,0.0,1000.0,unknown,0.0,1.0,31,{},0.1112,1000,0,1000,0
2024-08-06 04:00:00,138.63,144.0,137.5,141.98,1135041.577,8e-05,17,0.0,0.0,unknown,,1000.0,0.0,0.0,,{},,{},1000.0,0.0,1000.0,unknown,0.0,1.0,32,{},0.1124,1000,0,1000,0
2024-08-06 08:00:00,141.98,142.11,136.34,139.47,1354575.129,-5.3e-05,17,0.0,0.0,unknown,,1000.0,0.0,0.0,,{},,{},1000.0,0.0,1000.0,unknown,0.0,1.0,33,{},0.1076,1000,0,1000,0
2024-08-06 12:00:00,139.46,146.37,136.11,145.9,1979241.765,-5.3e-05,17,0.0,0.0,unknown,,1000.0,0.0,0.0,,{},,{},1000.0,0.0,1000.0,unknown,0.0,1.0,34,{},0.0879,1000,0,1000,0
2024-08-06 16:00:00,145.9,148.45,144.97,146.33,1157598.21,-3e-06,17,0.0,0.0,unknown,,1000.0,0.0,0.0,,{},,{},1000.0,0.0,1000.0,unknown,0.0,1.0,35,{},0.0688,1000,0,1000,0
2024-08-06 20:00:00,146.33,149.59,143.25,144.4,1023464.146,-3e-06,17,0.0,0.0,unknown,,1000.0,0.0,0.0,,{},,{},1000.0,0.0,1000.0,unknown,0.0,1.0,36,{},0.0581,1000,0,1000,0
2024-08-07 00:00:00,144.4,151.78,142.33,151.62,1519113.543,2.3e-05,29,0.0,0.0,unknown,,1000.0,0.0,0.0,,{},,{},1000.0,0.0,1000.0,unknown,0.0,1.0,37,{},0.0403,1000,0,1000,0
2024-08-07 04:00:00,151.63,155.0,150.0,152.46,1391114.126,2.3e-05,29,0.0,0.0,unknown,,1000.0,0.0,0.0,,{},,{},1000.0,0.0,1000.0,unknown,0.0,1.0,38,{},0.0288,1000,0,1000,0
2024-08-07 08:00:00,152.46,154.92,150.65,151.61,1114660.331,2.3e-05,29,0.0,0.0,unknown,,1000.0,0.0,0.0,,{},,{},1000.0,0.0,1000.0,unknown,0.0,1.0,39,{},0.0205,1000,0,1000,0
2024-08-07 12:00:00,151.61,154.52,146.24,148.46,2098382.063,-8.1e-05,29,0.0,0.0,unknown,,1000.0,0.0,0.0,,{},,{},1000.0,0.0,1000.0,unknown,0.0,1.0,40,{},0.0169,1000,0,1000,0
2024-08-07 16:00:00,148.45,149.45,142.35,143.16,1269386.659,1.7e-05,29,0.0,0.0,unknown,,1000.0,0.0,0.0,,{},,{},1000.0,0.0,1000.0,unknown,0.0,1.0,41,{},0.0149,1000,0,1000,0
2024-08-07 20:00:00,143.16,147.54,142.21,144.77,979650.865,1.7e-05,29,0.0,0.0,unknown,,1000.0,0.0,0.0,,{},,{},1000.0,0.0,1000.0,unknown,0.0,1.0,42,{},0.0128,1000,0,1000,0
2024-08-08 00:00:00,144.78,156.38,141.4,153.09,1677591.963,1.7e-05,20,0.0,0.0,unknown,,1000.0,0.0,0.0,,{},,{},1000.0,0.0,1000.0,unknown,0.0,1.0,43,{},0.0191,1000,0,1000,0
2024-08-08 04:00:00,153.09,155.53,151.44,153.65,775602.045,7.1e-05,20,0.0,0.0,unknown,,1000.0,0.0,0.0,,{},,{},1000.0,0.0,1000.0,unknown,0.0,1.0,44,{},0.0293,1000,0,1000,0
2024-08-08 08:00:00,153.66,155.72,152.97,154.12,634580.568,2.5e-05,20,0.0,0.0,unknown,,1000.0,0.0,0.0,,{},,{},1000.0,0.0,1000.0,unknown,0.0,1.0,45,{},0.0338,1000,0,1000,0
2024-08-08 12:00:00,154.13,160.76,152.5,160.6,1897336.179,2.5e-05,20,0.0,0.0,unknown,,1000.0,0.0,0.0,,{},,{},1000.0,0.0,1000.0,unknown,0.0,1.0,46,{},0.0584,1000,0,1000,0
2024-08-08 16:00:00,160.6,162.82,155.18,155.81,1102402.691,-2.9e-05,20,0.0,0.0,unknown,,1000.0,0.0,0.0,,{},,{},1000.0,0.0,1000.0,unknown,0.0,1.0,47,{},0.059,1000,0,1000,0
2024-08-08 20:00:00,155.8,163.7,155.36,163.13,1215620.514,-2.9e-05,20,0.0,0.0,unknown,,1000.0,0.0,0.0,,{},,{},1000.0,0.0,1000.0,unknown,0.0,1.0,48,{},0.0726,1000,0,1000,0
2024-08-09 00:00:00,163.12,163.54,158.23,158.94,789470.253,3.1e-05,48,0.0,0.0,unknown,,1000.0,0.0,0.0,,{},,{},1000.0,0.0,1000.0,unknown,0.0,1.0,49,{},0.0961,1000,0,1000,0
2024-08-09 04:00:00,158.94,159.12,155.68,157.92,601792.028,3.1e-05,48,0.0,0.0,unknown,,1000.0,0.0,0.0,,{},,{},1000.0,0.0,1000.0,unknown,0.0,1.0,50,{},0.1165,1000,0,1000,0
2024-08-09 08:00:00,157.91,159.69,155.32,156.62,486896.796,1.6e-05,48,0.0,0.0,unknown,,1000.0,0.0,0.0,,{},,{},1000.0,0.0,1000.0,unknown,0.0,1.0,51,{},0.1429,1000,0,1000,0
2024-08-09 12:00:00,156.63,157.37,151.11,151.13,1073969.175,1.6e-05,48,0.0,0.0,unknown,,1000.0,0.0,0.0,,{},,{},1000.0,0.0,1000.0,unknown,0.0,1.0,52,{},0.1297,1000,0,1000,0
2024-08-09 16:00:00,151.12,154.25,150.72,153.6,498646.758,2.6e-05,48,0.0,0.0,unknown,,1000.0,0.0,0.0,,{},,{},1000.0,0.0,1000.0,unknown,0.0,1.0,53,{},0.1298,1000,0,1000,0
2024-08-09 20:00:00,153.61,157.36,151.5,156.28,647960.223,2.6e-05,48,0.0,0.0,unknown,,1000.0,0.0,0.0,,{},,{},1000.0,0.0,1000.0,unknown,0.0,1.0,54,{},0.131,1000,0,1000,0
2024-08-10 00:00:00,156.29,158.75,153.27,154.17,539441.409,-6.6e-05,40,0.0,0.0,unknown,,1000.0,0.0,0.0,,{},,{},1000.0,0.0,1000.0,unknown,0.0,1.0,55,{},0.1163,1000,0,1000,0
2024-08-10 04:00:00,154.17,155.44,152.54,155.43,257080.066,-6.6e-05,40,0.0,0.0,unknown,,1000.0,0.0,0.0,,{},,{},1000.0,0.0,1000.0,unknown,0.0,1.0,56,{},0.1023,1000,0,1000,0
2024-08-10 08:00:00,155.42,155.9,153.6,154.85,285896.71,4.3e-05,40,0.0,0.0,unknown,,1000.0,0.0,0.0,,{},,{},1000.0,0.0,1000.0,unknown,0.0,1.0,57,{},0.0978,1000,0,1000,0
2024-08-10 12:00:00,154.86,155.23,152.8,153.96,306125.587,4.3e-05,40,0.0,0.0,unknown,,1000.0,0.0,0.0,,{},,{},1000.0,0.0,1000.0,unknown,0.0,1.0,58,{},0.0817,1000,0,1000,0
2024-08-10 16:00:00,153.97,155.36,153.0,154.51,334625.776,5.1e-05,40,0.0,0.0,unknown,,1000.0,0.0,0.0,,{},,{},1000.0,0.0,1000.0,unknown,0.0,1.0,59,{},0.0729,1000,0,1000,0
2024-08-10 20:00:00,154.51,155.15,153.65,154.01,162669.685,5.1e-05,40,0.0,0.0,unknown,,1000.0,0.0,0.0,,{},,{},1000.0,0.0,1000.0,unknown,0.0,1.0,60,{},0.0691,1000,0,1000,0
2024-08-11 00:00:00,154.01,157.05,153.65,155.69,305350.519,-3.9e-05,39,0.0,0.0,unknown,,1000.0,0.0,0.0,,{},,{},1000.0,0.0,1000.0,unknown,0.0,1.0,61,{},0.055,1000,0,1000,0
2024-08-11 04:00:00,155.7,156.85,154.8,156.69,240837.454,-3.9e-05,39,0.0,0.0,unknown,,1000.0,0.0,0.0,,{},,{},1000.0,0.0,1000.0,unknown,0.0,1.0,62,{},0.0463,1000,0,1000,0
2024-08-11 08:00:00,156.69,158.0,153.03,153.66,433119.6,-1.6e-05,39,0.0,0.0,unknown,,1000.0,0.0,0.0,,{},,{},1000.0,0.0,1000.0,unknown,0.0,1.0,63,{},0.0352,1000,0,1000,0
2024-08-11 12:00:00,153.65,153.8,148.03,148.73,874422.829,-1.6e-05,39,0.0,0.0,unknown,,1000.0,0.0,0.0,,{},,{},1000.0,0.0,1000.0,unknown,0.0,1.0,64,{},0.024,1000,0,1000,0
2024-08-11 16:00:00,148.73,149.75,145.63,145.78,570357.267,-1.6e-05,39,0.0,0.0,unknown,,1000.0,0.0,0.0,,{},,{},1000.0,0.0,1000.0,unknown,0.0,1.0,65,{},0.022,1000,0,1000,0
2024-08-11 20:00:00,145.78,145.86,141.2,141.57,1044226.586,2.9e-05,39,0.0,0.0,unknown,,1000.0,0.0,0.0,,{},,{},1000.0,0.0,1000.0,unknown,0.0,1.0,66,{},0.0214,1000,0,1000,0
2024-08-12 00:00:00,141.56,144.84,141.2,143.92,642700.767,9.9e-05,25,0.0,0.0,unknown,,1000.0,0.0,0.0,,{},,{},1000.0,0.0,1000.0,unknown,0.0,1.0,67,{},0.0361,1000,0,1000,0
2024-08-12 04:00:00,143.91,146.77,142.21,145.94,637838.061,9.9e-05,25,0.0,0.0,unknown,,1000.0,0.0,0.0,,{},,{},1000.0,0.0,1000.0,unknown,0.0,1.0,68,{},0.0413,1000,0,1000,0
2024-08-12 08:00:00,145.94,150.79,143.58,150.25,1123595.082,7e-06,25,0.0,0.0,unknown,,1000.0,0.0,0.0,,{},,{},1000.0,0.0,1000.0,unknown,0.0,1.0,69,{},0.0348,1000,0,1000,0
2024-08-12 12:00:00,150.26,150.51,143.01,147.58,1428232.394,7e-06,25,0.0,0.0,unknown,,1000.0,0.0,0.0,,{},,{},1000.0,0.0,1000.0,unknown,0.0,1.0,70,{},0.0516,1000,0,1000,0
2024-08-12 16:00:00,147.58,148.26,142.94,143.75,563823.407,-9e-06,25,0.0,0.0,unknown,,1000.0,0.0,0.0,,{},,{},1000.0,0.0,1000.0,unknown,0.0,1.0,71,{},0.0607,1000,0,1000,0
2024-08-12 20:00:00,143.75,147.53,141.84,146.29,550755.528,-9e-06,25,0.0,0.0,unknown,,1000.0,0.0,0.0,,{},,{},1000.0,0.0,1000.0,unknown,0.0,1.0,72,{},0.0802,1000,0,1000,0
2024-08-13 00:00:00,146.29,147.36,142.92,143.66,571580.082,-6e-06,31,0.0,0.0,unknown,,1000.0,0.0,0.0,,{},,{},1000.0,0.0,1000.0,unknown,0.0,1.0,73,{},0.0902,1000,0,1000,0
2024-08-13 04:00:00,143.66,147.04,142.96,145.99,338497.037,-6e-06,31,0.0,0.0,unknown,,1000.0,0.0,0.0,,{},,{},1000.0,0.0,1000.0,unknown,0.0,1.0,74,{},0.0883,1000,0,1000,0
2024-08-13 08:00:00,145.99,146.38,143.24,145.88,389080.239,5.5e-05,31,0.0,0.0,unknown,,1000.0,0.0,0.0,,{},,{},1000.0,0.0,1000.0,unknown,0.0,1.0,75,{},0.0847,1000,0,1000,0
2024-08-13 12:00:00,145.87,147.67,144.66,146.08,573081.756,5.5e-05,31,0.0,0.0,unknown,,1000.0,0.0,0.0,,{},,{},1000.0,0.0,1000.0,unknown,0.0,1.0,76,{},0.0702,1000,0,1000,0
2024-08-13 16:00:00,146.08,149.82,144.88,146.55,725839.961,8.4e-05,31,0.0,0.0,unknown,,1000.0,0.0,0.0,,{},,{},1000.0,0.0,1000.0,unknown,0.0,1.0,77,{},0.0664,1000,0,1000,0
2024-08-13 20:00:00,146.54,147.89,145.72,146.65,267576.348,8.4e-05,31,0.0,0.0,unknown,,1000.0,0.0,0.0,,{},,{},1000.0,0.0,1000.0,unknown,0.0,1.0,78,{},0.0727,1000,0,1000,0
2024-08-14 00:00:00,146.65,147.27,143.58,145.14,472220.864,-0.0,30,0.0,0.0,unknown,,1000.0,0.0,0.0,,{},,{},1000.0,0.0,1000.0,unknown,0.0,1.0,79,{},0.0753,1000,0,1000,0
2024-08-14 04:00:00,145.15,145.73,144.09,145.73,349703.151,-0.0,30,0.0,0.0,unknown,,1000.0,0.0,0.0,,{},,{},1000.0,0.0,1000.0,unknown,0.0,1.0,80,{},0.0794,1000,0,1000,0
2024-08-14 08:00:00,145.73,149.04,144.83,148.01,502402.34,2.6e-05,30,0.0,0.0,unknown,,1000.0,0.0,0.0,,{},,{},1000.0,0.0,1000.0,unknown,0.0,1.0,81,{},0.0727,1000,0,1000,0
2024-08-14 12:00:00,148.02,152.18,144.5,146.7,1737243.494,2.6e-05,30,0.0,0.0,unknown,,1000.0,0.0,0.0,,{},,{},1000.0,0.0,1000.0,unknown,0.0,1.0,82,{},0.0693,1000,0,1000,0
2024-08-14 16:00:00,146.71,147.24,143.76,144.24,552718.507,8e-06,30,0.0,0.0,unknown,,1000.0,0.0,0.0,,{},,{},1000.0,0.0,1000.0,unknown,0.0,1.0,83,{},0.0752,1000,0,1000,0
2024-08-14 20:00:00,144.24,144.7,142.36,143.71,312860.291,8e-06,30,0.0,0.0,unknown,,1000.0,0.0,0.0,,{},,{},1000.0,0.0,1000.0,unknown,0.0,1.0,84,{},0.0784,1000,0,1000,0
2024-08-15 00:00:00,143.7,145.4,143.17,144.7,363414.779,6e-06,29,0.0,0.0,unknown,,1000.0,0.0,0.0,,{},,{},1000.0,0.0,1000.0,unknown,0.0,1.0,85,{},0.0824,1000,0,1000,0
2024-08-15 04:00:00,144.71,144.88,141.04,142.51,494293.133,6e-06,29,0.0,0.0,unknown,,1000.0,0.0,0.0,,{},,{},1000.0,0.0,1000.0,unknown,0.0,1.0,86,{},0.0937,1000,0,1000,0
2024-08-15 08:00:00,142.51,143.52,141.29,143.13,384782.119,4.4e-05,29,0.0,0.0,unknown,,1000.0,0.0,0.0,,{},,{},1000.0,0.0,1000.0,unknown,0.0,1.0,87,{},0.0924,1000,0,1000,0
2024-08-15 12:00:00,143.13,146.6,142.05,145.95,853657.213,4.4e-05,29,0.0,0.0,unknown,,1000.0,0.0,0.0,,{},,{},1000.0,0.0,1000.0,unknown,0.0,1.0,88,{},0.0696,1000,0,1000,0
2024-08-15 16:00:00,145.95,147.64,137.78,139.99,1407053.887,-2.8e-05,29,0.0,0.0,unknown,,1000.0,0.0,0.0,,{},,{},1000.0,0.0,1000.0,unknown,0.0,1.0,89,{},0.0611,1000,0,1000,0
2024-08-15 20:00:00,139.99,144.92,138.7,142.58,725837.685,-2.8e-05,29,0.0,0.0,unknown,,1000.0,0.0,0.0,,{},,{},1000.0,0.0,1000.0,unknown,0.0,1.0,90,{},0.0431,1000,0,1000,0
2024-08-16 00:00:00,142.58,144.43,140.74,141.99,549226.593,-6.6e-05,27,0.0,0.0,unknown,,1000.0,0.0,0.0,,{},,{},1000.0,0.0,1000.0,unknown,0.0,1.0,91,{},0.0343,1000,0,1000,0
2024-08-16 04:00:00,141.99,144.82,141.6,144.53,398509.224,-6.6e-05,27,0.0,0.0,unknown,,1000.0,0.0,0.0,,{},,{},1000.0,0.0,1000.0,unknown,0.0,1.0,92,{},0.0269,1000,0,1000,0
2024-08-16 08:00:00,144.53,144.88,141.71,141.97,468558.923,2.6e-05,27,0.0,0.0,unknown,,1000.0,0.0,0.0,,{},,{},1000.0,0.0,1000.0,unknown,0.0,1.0,93,{},0.0425,1000,0,1000,0
2024-08-16 12:00:00,141.98,142.63,136.3,137.91,1164412.479,2.6e-05,27,0.0,0.0,unknown,,1000.0,0.0,0.0,,{},,{},1000.0,0.0,1000.0,unknown,0.0,1.0,94,{},0.0557,1000,0,1000,0
2024-08-16 16:00:00,137.91,141.45,136.1,140.94,1129523.219,-3.4e-05,27,0.0,0.0,unknown,,1000.0,0.0,0.0,,{},,{},1000.0,0.0,1000.0,unknown,0.0,1.0,95,{},0.045,1000,0,1000,0
2024-08-16 20:00:00,140.95,141.93,139.0,139.04,325090.167,-3.4e-05,27,0.0,0.0,unknown,,1000.0,0.0,0.0,,{},,{},1000.0,0.0,1000.0,unknown,0.0,1.0,96,{},0.0512,1000,0,1000,0
2024-08-17 00:00:00,139.04,140.3,137.61,138.89,336457.036,2e-05,25,0.0,0.0,unknown,,1000.0,0.0,0.0,,{},,{},1000.0,0.0,1000.0,unknown,0.0,1.0,97,{},0.0491,1000,0,1000,0
2024-08-17 04:00:00,138.89,139.73,138.62,139.45,153552.675,2e-05,25,0.0,0.0,unknown,,1000.0,0.0,0.0,,{},,{},1000.0,0.0,1000.0,unknown,0.0,1.0,98,{},0.0538,1000,0,1000,0
2024-08-17 08:00:00,139.45,140.17,138.12,139.12,280709.719,-1.3e-05,25,0.0,0.0,unknown,,1000.0,0.0,0.0,,{},,{},1000.0,0.0,1000.0,unknown,0.0,1.0,99,{},0.058,1000,0,1000,0
2024-08-17 12:00:00,139.11,141.85,138.94,140.18,417691.902,-1.3e-05,25,0.0,0.0,unknown,,1000.0,0.0,0.0,,{},,{},1000.0,0.0,1000.0,unknown,0.0,1.0,100,{},0.0575,1000,0,1000,0
2024-08-17 16:00:00,140.18,141.65,140.1,141.11,229458.066,-7e-06,25,0.0,0.0,unknown,,1000.0,0.0,0.0,,{},,{},1000.0,0.0,1000.0,unknown,0.0,1.0,101,{},0.0548,1000,0,1000,0
2024-08-17 20:00:00,141.11,141.99,140.68,141.93,143724.705,-7e-06,25,0.0,0.0,unknown,,1000.0,0.0,0.0,,{},,{},1000.0,0.0,1000.0,unknown,0.0,1.0,102,{},0.0502,1000,0,1000,0
2024-08-18 00:00:00,141.92,143.31,141.0,141.17,343882.71,5e-06,31,0.0,0.0,unknown,,1000.0,0.0,0.0,,{},,{},1000.0,0.0,1000.0,unknown,0.0,1.0,103,{},0.0455,1000,0,1000,0
2024-08-18 04:00:00,141.16,142.0,140.56,141.55,159697.699,5e-06,31,0.0,0.0,unknown,,1000.0,0.0,0.0,,{},,{},1000.0,0.0,1000.0,unknown,0.0,1.0,104,{},0.0433,1000,0,1000,0
2024-08-18 08:00:00,141.55,147.31,141.3,144.62,618589.536,-2e-05,31,0.0,0.0,unknown,,1000.0,0.0,0.0,,{},,{},1000.0,0.0,1000.0,unknown,0.0,1.0,105,{},0.0388,1000,0,1000,0
2024-08-18 12:00:00,144.62,146.69,144.0,145.8,559253.861,-2e-05,31,0.0,0.0,unknown,,1000.0,0.0,0.0,,{},,{},1000.0,0.0,1000.0,unknown,0.0,1.0,106,{},0.0291,1000,0,1000,0
2024-08-18 16:00:00,145.79,146.61,144.09,146.44,319602.163,-0.000103,31,0.0,0.0,unknown,,1000.0,0.0,0.0,,{},,{},1000.0,0.0,1000.0,unknown,0.0,1.0,107,{},0.0268,1000,0,1000,0
2024-08-18 20:00:00,146.44,147.07,142.28,142.42,351020.774,-0.000103,31,0.0,0.0,unknown,,1000.0,0.0,0.0,,{},,{},1000.0,0.0,1000.0,unknown,0.0,1.0,108,{},0.0215,1000,0,1000,0
2024-08-19 00:00:00,142.42,143.47,141.59,143.23,440968.92,1.9e-05,28,0.0,0.0,unknown,,1000.0,0.0,0.0,,{},,{},1000.0,0.0,1000.0,unknown,0.0,1.0,109,{},0.0186,1000,0,1000,0
2024-08-19 04:00:00,143.23,143.51,141.91,142.3,371127.413,1.9e-05,28,0.0,0.0,unknown,,1000.0,0.0,0.0,,{},,{},1000.0,0.0,1000.0,unknown,0.0,1.0,110,{},0.0135,1000,0,1000,0
2024-08-19 08:00:00,142.31,143.35,140.33,142.33,477455.399,-9e-06,28,0.0,0.0,unknown,,1000.0,0.0,0.0,,{},,{},1000.0,0.0,1000.0,unknown,0.0,1.0,111,{},0.0113,1000,0,1000,0
2024-08-19 12:00:00,142.33,144.66,141.67,143.86,637842.393,-9e-06,28,0.0,0.0,unknown,,1000.0,0.0,0.0,,{},,{},1000.0,0.0,1000.0,unknown,0.0,1.0,112,{},0.0141,1000,0,1000,0
2024-08-19 16:00:00,143.87,146.19,142.6,142.95,566771.705,-9e-06,28,0.0,0.0,unknown,,1000.0,0.0,0.0,,{},,{},1000.0,0.0,1000.0,unknown,0.0,1.0,113,{},0.02,1000,0,1000,0
2024-08-19 20:00:00,142.95,144.54,142.63,144.29,446192.123,5.9e-05,28,0.0,0.0,unknown,,1000.0,0.0,0.0,,{},,{},1000.0,0.0,1000.0,unknown,0.0,1.0,114,{},0.0193,1000,0,1000,0
2024-08-20 00:00:00,144.28,147.9,143.36,145.58,585218.75,3.8e-05,30,0.0,0.0,unknown,,1000.0,0.0,0.0,,{},,{},1000.0,0.0,1000.0,unknown,0.0,1.0,115,{},0.0258,1000,0,1000,0
2024-08-20 04:00:00,145.58,148.83,145.4,147.47,552787.108,3.8e-05,30,0.0,0.0,unknown,,1000.0,0.0,0.0,,{},,{},1000.0,0.0,1000.0,unknown,0.0,1.0,116,{},0.0285,1000,0,1000,0
2024-08-20 08:00:00,147.48,147.71,145.17,145.4,397066.922,-3e-05,30,0.0,0.0,unknown,,1000.0,0.0,0.0,,{},,{},1000.0,0.0,1000.0,unknown,0.0,1.0,117,{},0.0319,1000,0,1000,0
2024-08-20 12:00:00,145.4,146.43,141.0,142.16,844334.156,-3e-05,30,0.0,0.0,unknown,,1000.0,0.0,0.0,,{},,{},1000.0,0.0,1000.0,unknown,0.0,1.0,118,{},0.0368,1000,0,1000,0
2024-08-20 16:00:00,142.16,144.3,141.63,144.02,374493.53,-3e-05,30,0.0,0.0,unknown,,1000.0,0.0,0.0,,{},,{},1000.0,0.0,1000.0,unknown,0.0,1.0,119,{},0.0363,1000,0,1000,0
2024-08-20 20:00:00,144.02,144.55,142.22,142.27,267567.13,-3.8e-05,30,0.0,0.0,unknown,,1000.0,0.0,0.0,,{},,{},1000.0,0.0,1000.0,unknown,0.0,1.0,120,{},0.0362,1000,0,1000,0
2024-08-21 00:00:00,142.27,143.1,141.55,142.53,237964.103,-3.8e-05,26,0.0,0.0,unknown,,1000.0,0.0,0.0,,{},,{},1000.0,0.0,1000.0,unknown,0.0,1.0,121,{},0.0384,1000,0,1000,0
2024-08-21 04:00:00,142.54,143.83,142.23,143.18,221892.062,2.7e-05,26,0.0,0.0,unknown,,1000.0,0.0,0.0,,{},,{},1000.0,0.0,1000.0,unknown,0.0,1.0,122,{},0.0419,1000,0,1000,0
2024-08-21 08:00:00,143.18,143.54,140.93,141.31,327767.853,9e-06,26,0.0,0.0,unknown,,1000.0,0.0,0.0,,{},,{},1000.0,0.0,1000.0,unknown,0.0,1.0,123,{},0.0376,1000,0,1000,0
2024-08-21 12:00:00,141.3,142.52,138.7,140.36,778075.938,9e-06,26,0.0,0.0,unknown,,1000.0,0.0,0.0,,{},,{},1000.0,0.0,1000.0,unknown,0.0,1.0,124,{},0.0259,1000,0,1000,0
2024-08-21 16:00:00,140.36,143.66,139.67,143.43,495266.718,9e-06,26,0.0,0.0,unknown,,1000.0,0.0,0.0,,{},,{},1000.0,0.0,1000.0,unknown,0.0,1.0,125,{},0.0284,1000,0,1000,0
2024-08-21 20:00:00,143.43,144.42,142.09,142.79,458615.185,-1.6e-05,26,0.0,0.0,unknown,,1000.0,0.0,0.0,,{},,{},1000.0,0.0,1000.0,unknown,0.0,1.0,126,{},0.0205,1000,0,1000,0
2024-08-22 00:00:00,142.78,143.25,140.63,141.73,367535.696,6e-06,39,0.0,0.0,unknown,,1000.0,0.0,0.0,,{},,{},1000.0,0.0,1000.0,unknown,0.0,1.0,127,{},0.015,1000,0,1000,0
2024-08-22 04:00:00,141.73,143.69,141.43,143.33,215092.605,6e-06,39,0.0,0.0,unknown,,1000.0,0.0,0.0,,{},,{},1000.0,0.0,1000.0,unknown,0.0,1.0,128,{},0.0207,1000,0,1000,0
2024-08-22 08:00:00,143.34,144.83,142.62,144.53,412878.815,6.8e-05,39,0.0,0.0,unknown,,1000.0,0.0,0.0,,{},,{},1000.0,0.0,1000.0,unknown,0.0,1.0,129,{},0.0139,1000,0,1000,0
2024-08-22 12:00:00,144.53,144.88,142.0,142.63,459225.955,6.8e-05,39,0.0,0.0,unknown,,1000.0,0.0,0.0,,{},,{},1000.0,0.0,1000.0,unknown,0.0,1.0,130,{},0.0232,1000,0,1000,0
2024-08-22 16:00:00,142.64,143.6,142.4,142.74,194277.906,6.8e-05,39,0.0,0.0,unknown,,1000.0,0.0,0.0,,{},,{},1000.0,0.0,1000.0,unknown,0.0,1.0,131,{},0.0335,1000,0,1000,0
2024-08-22 20:00:00,142.74,143.74,142.68,143.22,176391.741,2.9e-05,39,0.0,0.0,unknown,,1000.0,0.0,0.0,,{},,{},1000.0,0.0,1000.0,unknown,0.0,1.0,132,{},0.0207,1000,0,1000,0
2024-08-23 00:00:00,143.23,145.73,143.19,144.48,394577.656,4.6e-05,34,0.0,0.0,unknown,,1000.0,0.0,0.0,,{},,{},1000.0,0.0,1000.0,unknown,0.0,1.0,133,{},0.0183,1000,0,1000,0
2024-08-23 04:00:00,144.47,145.93,144.38,145.15,290473.643,4.6e-05,34,0.0,0.0,unknown,,1000.0,0.0,0.0,,{},,{},1000.0,0.0,1000.0,unknown,0.0,1.0,134,{},0.0219,1000,0,1000,0
2024-08-23 08:00:00,145.15,145.49,143.4,143.49,258500.997,4e-05,34,0.0,0.0,unknown,,1000.0,0.0,0.0,,{},,{},1000.0,0.0,1000.0,unknown,0.0,1.0,135,{},0.0162,1000,0,1000,0
2024-08-23 12:00:00,143.5,147.1,142.68,144.4,794478.983,4e-05,34,0.0,0.0,unknown,,1000.0,0.0,0.0,,{},,{},1000.0,0.0,1000.0,unknown,0.0,1.0,136,{},0.0124,1000,0,1000,0
2024-08-23 16:00:00,144.4,150.2,144.07,149.7,1140217.992,-4.6e-05,34,0.0,0.0,unknown,,1000.0,0.0,0.0,,{},,{},1000.0,0.0,1000.0,unknown,0.0,1.0,137,{},0.0267,1000,0,1000,0
2024-08-23 20:00:00,149.7,154.08,149.68,153.26,902840.891,-4.6e-05,34,0.0,0.0,unknown,,1000.0,0.0,0.0,,{},,{},1000.0,0.0,1000.0,unknown,0.0,1.0,138,{},0.0382,1000,0,1000,0
2024-08-24 00:00:00,153.27,154.67,151.97,153.25,682026.849,7.1e-05,56,0.0,0.0,unknown,,1000.0,0.0,0.0,,{},,{},1000.0,0.0,1000.0,unknown,0.0,1.0,139,{},0.0454,1000,0,1000,0
2024-08-24 04:00:00,153.25,155.39,153.15,154.61,469237.757,7.1e-05,56,0.0,0.0,unknown,,1000.0,0.0,0.0,,{},,{},1000.0,0.0,1000.0,unknown,0.0,1.0,140,{},0.0521,1000,0,1000,0
2024-08-24 08:00:00,154.62,158.74,154.34,157.34,674573.856,7.1e-05,56,0.0,0.0,unknown,,1000.0,0.0,0.0,,{},,{},1000.0,0.0,1000.0,unknown,0.0,1.0,141,{},0.0749,1000,0,1000,0
2024-08-24 12:00:00,157.33,159.78,156.97,159.46,473152.892,2e-05,56,0.0,0.0,unknown,,1000.0,0.0,0.0,,{},,{},1000.0,0.0,1000.0,unknown,0.0,1.0,142,{},0.1051,1000,0,1000,0
2024-08-24 16:00:00,159.45,162.3,159.26,160.57,847811.757,6.2e-05,56,0.0,0.0,unknown,,1000.0,0.0,0.0,,{},,{},1000.0,0.0,1000.0,unknown,0.0,1.0,143,{},0.1399,1000,0,1000,0
2024-08-24 20:00:00,160.57,161.16,157.28,160.67,592283.838,6.2e-05,56,0.0,0.0,unknown,,1000.0,0.0,0.0,,{},,{},1000.0,0.0,1000.0,unknown,0.0,1.0,144,{},0.1667,1000,0,1000,0
2024-08-25 00:00:00,160.67,160.76,157.36,158.3,453547.492,9.8e-05,54,0.0,0.0,unknown,,1000.0,0.0,0.0,,{},,{},1000.0,0.0,1000.0,unknown,0.0,1.0,145,{},0.1664,1000,0,1000,0
2024-08-25 04:00:00,158.3,159.05,155.25,156.12,515774.129,9.8e-05,54,0.0,0.0,unknown,,1000.0,0.0,0.0,,{},,{},1000.0,0.0,1000.0,unknown,0.0,1.0,146,{},0.1455,1000,0,1000,0
2024-08-25 08:00:00,156.12,158.7,155.8,157.28,400078.004,0.0001,54,0.0,0.0,unknown,,1000.0,0.0,0.0,,{},,{},1000.0,0.0,1000.0,unknown,0.0,1.0,147,{},0.1468,1000,0,1000,0
2024-08-25 12:00:00,157.27,159.92,156.93,159.35,442477.253,0.0001,54,0.0,0.0,unknown,,1000.0,0.0,0.0,,{},,{},1000.0,0.0,1000.0,unknown,0.0,1.0,148,{},0.1638,1000,0,1000,0
2024-08-25 16:00:00,159.36,160.32,158.48,159.1,321078.043,-1.3e-05,54,0.0,0.0,unknown,,1000.0,0.0,0.0,,{},,{},1000.0,0.0,1000.0,unknown,0.0,1.0,149,{},0.1673,1000,0,1000,0
2024-08-25 20:00:00,159.11,162.0,158.41,158.92,496128.782,-1.3e-05,54,0.0,0.0,unknown,,1000.0,0.0,0.0,,{},,{},1000.0,0.0,1000.0,unknown,0.0,1.0,150,{},0.1693,1000,0,1000,0
2024-08-26 00:00:00,158.92,160.16,157.38,160.11,355285.264,1e-05,55,0.0,0.0,unknown,,1000.0,0.0,0.0,,{},,{},1000.0,0.0,1000.0,unknown,0.0,1.0,151,{},0.1794,1000,0,1000,0
2024-08-26 04:00:00,160.12,161.12,158.34,159.11,415355.927,1e-05,55,0.0,0.0,unknown,,1000.0,0.0,0.0,,{},,{},1000.0,0.0,1000.0,unknown,0.0,1.0,152,{},0.1866,1000,0,1000,0
2024-08-26 08:00:00,159.12,162.0,158.46,160.38,537114.893,1e-05,55,0.0,0.0,unknown,,1000.0,0.0,0.0,,{},,{},1000.0,0.0,1000.0,unknown,0.0,1.0,153,{},0.1787,1000,0,1000,0
2024-08-26 12:00:00,160.37,161.71,155.95,157.64,986703.849,0.0001,55,0.0,0.0,unknown,,1000.0,0.0,0.0,,{},,{},1000.0,0.0,1000.0,unknown,0.0,1.0,154,{},0.1729,1000,0,1000,0
2024-08-26 16:00:00,157.63,159.4,155.53,158.0,632485.003,2.1e-05,55,0.0,0.0,unknown,,1000.0,0.0,0.0,,{},,{},1000.0,0.0,1000.0,unknown,0.0,1.0,155,{},0.1703,1000,0,1000,0
2024-08-26 20:00:00,158.0,159.28,156.4,157.12,391453.105,2.1e-05,55,0.0,0.0,unknown,,1000.0,0.0,0.0,,{},,{},1000.0,0.0,1000.0,unknown,0.0,1.0,156,{},0.164,1000,0,1000,0
2024-08-27 00:00:00,157.12,159.0,157.04,158.53,305926.513,2.1e-05,48,0.0,0.0,unknown,,1000.0,0.0,0.0,,{},,{},1000.0,0.0,1000.0,unknown,0.0,1.0,157,{},0.1577,1000,0,1000,0
2024-08-27 04:00:00,158.54,159.69,157.25,157.72,349204.724,0.0001,48,0.0,0.0,unknown,,1000.0,0.0,0.0,,{},,{},1000.0,0.0,1000.0,unknown,0.0,1.0,158,{},0.15,1000,0,1000,0
2024-08-27 08:00:00,157.73,158.03,153.33,154.26,623715.154,4.4e-05,48,0.0,0.0,unknown,,1000.0,0.0,0.0,,{},,{},1000.0,0.0,1000.0,unknown,0.0,1.0,159,{},0.1335,1000,0,1000,0
2024-08-27 12:00:00,154.26,155.82,152.67,153.75,729614.03,4.4e-05,48,0.0,0.0,unknown,,1000.0,0.0,0.0,,{},,{},1000.0,0.0,1000.0,unknown,0.0,1.0,160,{},0.1212,1000,0,1000,0
2024-08-27 16:00:00,153.75,155.55,153.25,154.98,381663.758,5.9e-05,48,0.0,0.0,unknown,,1000.0,0.0,0.0,,{},,{},1000.0,0.0,1000.0,unknown,0.0,1.0,161,{},0.1013,1000,0,1000,0
2024-08-27 20:00:00,154.98,155.06,145.03,146.79,1260251.587,5.9e-05,48,0.0,0.0,unknown,,1000.0,0.0,0.0,,{},,{},1000.0,0.0,1000.0,unknown,0.0,1.0,162,{},0.0839,1000,0,1000,0
2024-08-28 00:00:00,146.78,148.32,145.37,148.17,498076.761,-1.8e-05,30,0.0,0.0,unknown,,1000.0,0.0,0.0,,{},,{},1000.0,0.0,1000.0,unknown,0.0,1.0,163,{},0.0753,1000,0,1000,0
2024-08-28 04:00:00,148.17,149.3,143.73,143.97,714595.854,-1.8e-05,30,0.0,0.0,unknown,,1000.0,0.0,0.0,,{},,{},1000.0,0.0,1000.0,unknown,0.0,1.0,164,{},0.0859,1000,0,1000,0
2024-08-28 08:00:00,143.97,148.1,142.72,147.16,773723.574,1.8e-05,30,0.0,0.0,unknown,,1000.0,0.0,0.0,,{},,{},1000.0,0.0,1000.0,unknown,0.0,1.0,165,{},0.0875,1000,0,1000,0
2024-08-28 12:00:00,147.15,148.54,143.11,144.11,786781.233,1.8e-05,30,0.0,0.0,unknown,,1000.0,0.0,0.0,,{},,{},1000.0,0.0,1000.0,unknown,0.0,1.0,166,{},0.1017,1000,0,1000,0
2024-08-28 16:00:00,144.11,145.63,140.53,144.26,1020666.907,1.8e-05,30,0.0,0.0,unknown,,1000.0,0.0,0.0,,{},,{},1000.0,0.0,1000.0,unknown,0.0,1.0,167,{},0.1086,1000,0,1000,0
2024-08-28 20:00:00,144.26,146.37,141.6,143.95,477022.705,2.7e-05,30,0.0,0.0,unknown,,1000.0,0.0,0.0,,{},,{},1000.0,0.0,1000.0,unknown,0.0,1.0,168,{},0.1169,1000,0,1000,0
2024-08-29 00:00:00,143.96,145.02,142.94,143.32,292776.969,-1.7e-05,29,0.0,0.0,unknown,,1000.0,0.0,0.0,,{},,{},1000.0,0.0,1000.0,unknown,0.0,1.0,169,{},0.1252,1000,0,1000,0
2024-08-29 04:00:00,143.33,145.38,143.16,144.66,408471.103,-1.7e-05,29,0.0,0.0,unknown,,1000.0,0.0,0.0,,{},,{},1000.0,0.0,1000.0,unknown,0.0,1.0,170,{},0.1194,1000,0,1000,0
2024-08-29 08:00:00,144.66,146.85,144.38,145.63,393458.317,-1.7e-05,29,0.0,0.0,unknown,,1000.0,0.0,0.0,,{},,{},1000.0,0.0,1000.0,unknown,0.0,1.0,171,{},0.1187,1000,0,1000,0
2024-08-29 12:00:00,145.64,147.36,144.73,146.06,556821.085,-8.6e-05,29,0.0,0.0,unknown,,1000.0,0.0,0.0,,{},,{},1000.0,0.0,1000.0,unknown,0.0,1.0,172,{},0.1244,1000,0,1000,0
2024-08-29 16:00:00,146.06,146.8,138.57,140.28,852825.151,-9.7e-05,29,0.0,0.0,unknown,,1000.0,0.0,0.0,,{},,{},1000.0,0.0,1000.0,unknown,0.0,1.0,173,{},0.1301,1000,0,1000,0
2024-08-29 20:00:00,140.27,141.4,138.05,140.0,417464.204,-9.7e-05,29,0.0,0.0,unknown,,1000.0,0.0,0.0,,{},,{},1000.0,0.0,1000.0,unknown,0.0,1.0,174,{},0.14,1000,0,1000,0
2024-08-30 00:00:00,140.01,141.11,138.42,138.75,387340.997,-3.9e-05,34,0.0,0.0,unknown,,1000.0,0.0,0.0,,{},,{},1000.0,0.0,1000.0,unknown,0.0,1.0,175,{},0.1549,1000,0,1000,0
2024-08-30 04:00:00,138.75,139.92,137.15,139.02,540680.413,-3.9e-05,34,0.0,0.0,unknown,,1000.0,0.0,0.0,,{},,{},1000.0,0.0,1000.0,unknown,0.0,1.0,176,{},0.1642,1000,0,1000,0
2024-08-30 08:00:00,139.03,140.06,138.35,138.66,317539.056,3.1e-05,34,0.0,0.0,unknown,,1000.0,0.0,0.0,,{},,{},1000.0,0.0,1000.0,unknown,0.0,1.0,177,{},0.1797,1000,0,1000,0
2024-08-30 12:00:00,138.65,140.73,132.49,133.32,1341211.748,3.1e-05,34,0.0,0.0,unknown,,1000.0,0.0,0.0,,{},,{},1000.0,0.0,1000.0,unknown,0.0,1.0,178,{},0.1818,1000,0,1000,0
2024-08-30 16:00:00,133.33,137.91,132.04,135.98,1131431.907,-5.7e-05,34,0.0,0.0,unknown,,1000.0,0.0,0.0,,{},,{},1000.0,0.0,1000.0,unknown,0.0,1.0,179,{},0.1781,1000,0,1000,0
2024-08-30 20:00:00,135.98,138.48,135.65,137.99,320593.048,-5.7e-05,34,0.0,0.0,unknown,,1000.0,0.0,0.0,,{},,{},1000.0,0.0,1000.0,unknown,0.0,1.0,180,{},0.1662,1000,0,1000,0
2024-08-31 00:00:00,137.99,139.23,137.5,138.29,264961.297,-6.2e-05,29,0.0,0.0,unknown,,1000.0,0.0,0.0,,{},,{},1000.0,0.0,1000.0,unknown,0.0,1.0,181,{},0.1647,1000,0,1000,0
2024-08-31 04:00:00,138.29,138.77,137.38,137.59,130327.815,-6.2e-05,29,0.0,0.0,unknown,,1000.0,0.0,0.0,,{},,{},1000.0,0.0,1000.0,unknown,0.0,1.0,182,{},0.1629,1000,0,1000,0
2024-08-31 08:00:00,137.59,137.85,135.79,137.01,300188.45,4.9e-05,29,0.0,0.0,unknown,,1000.0,0.0,0.0,,{},,{},1000.0,0.0,1000.0,unknown,0.0,1.0,183,{},0.1599,1000,0,1000,0
2024-08-31 12:00:00,137.02,137.29,135.57,136.63,177030.014,4.9e-05,29,0.0,0.0,unknown,,1000.0,0.0,0.0,,{},,{},1000.0,0.0,1000.0,unknown,0.0,1.0,184,{},0.1556,1000,0,1000,0
2024-08-31 16:00:00,136.63,136.7,134.49,134.97,178614.814,1.9e-05,29,0.0,0.0,unknown,,1000.0,0.0,0.0,,{},,{},1000.0,0.0,1000.0,unknown,0.0,1.0,185,{},0.1605,1000,0,1000,0
2024-08-31 20:00:00,134.97,136.3,134.51,135.35,179088.355,1.9e-05,29,0.0,0.0,unknown,,1000.0,0.0,0.0,,{},,{},1000.0,0.0,1000.0,unknown,0.0,1.0,186,{},0.146,1000,0,1000,0
2024-09-01 00:00:00,135.35,135.62,132.88,134.07,279306.294,-1e-05,26,0.0,0.0,unknown,,1000.0,0.0,0.0,,{},,{},1000.0,0.0,1000.0,unknown,0.0,1.0,187,{},0.1455,1000,0,1000,0
2024-09-01 04:00:00,134.07,134.09,131.09,132.81,397081.784,-1e-05,26,0.0,0.0,unknown,,1000.0,0.0,0.0,,{},,{},1000.0,0.0,1000.0,unknown,0.0,1.0,188,{},0.1415,1000,0,1000,0
2024-09-01 08:00:00,132.81,132.84,130.18,131.91,436844.474,-1e-05,26,0.0,0.0,unknown,,1000.0,0.0,0.0,,{},,{},1000.0,0.0,1000.0,unknown,0.0,1.0,189,{},0.1698,1000,0,1000,0
2024-09-01 12:00:00,131.91,134.87,130.0,134.29,529518.341,-2.6e-05,26,0.0,0.0,unknown,,1000.0,0.0,0.0,,{},,{},1000.0,0.0,1000.0,unknown,0.0,1.0,190,{},0.1573,1000,0,1000,0
