timestamp,open,high,low,close,volume,funding_rate,fear_greed,forecast,confidence,regime,strategy,total_portfolio_value,previous_allocation,allocation_change,approved_rebalance,succcess_execute_portfolio_rebalance,postRebalance_total_value,postRebalance_current_allocation,debug_info.regime,debug_info.forecast_delta,debug_info.regime_margin,debug_info.bars_in_regime,debug_approve_allocation_change.symbol,debug_approve_allocation_change.time,debug_execute_portfolio_rebalance.symbol,debug_execute_portfolio_rebalance.price,debug_execute_portfolio_rebalance.quantity,debug_execute_portfolio_rebalance.trade_type,debug_info.regime_scores.trending,debug_info.regime_scores.mean_reversion,balances.USDT.free,balances.USDT.locked,balances.AVAXUSDT.free,balances.AVAXUSDT.locked,postRebalance_balances.USDT.free,postRebalance_balances.USDT.locked,postRebalance_balances.AVAXUSDT.free,postRebalance_balances.AVAXUSDT.locked,debug_info.components.keltner.last_history_value,debug_info.components.keltner.post_pipeline_value,debug_info.components.keltner.weight_normalized,debug_info.components.keltner.weighted_contribution,debug_approve_allocation_change.controls.max_allocation_change.passed,debug_approve_allocation_change.controls.min_allocation_change.passed
2024-10-01 00:00:00,27.71,28.42,27.6,28.4,224414.18,-1.538e-05,50,5.340267019797025,0.0,trending,,1000.0,0.0,0.5340267019797025,True,True,999.4659732980203,0.5337777268367756,trending,5.340267019797025,0.5619,1.0,AVAXUSDT,2024-10-01 00:00:00,AVAXUSDT,28.4,18.803757111961357,LONG,0.6571,0.0952,878.6478088982367,0.0,0.0,0.0,878.6478088982367,0.0,0.0,0.0,5.340267019797025,5.340267019797025,1.0,5.340267019797025,True,True
2024-10-01 04:00:00,28.4,28.73,28.31,28.59,181686.33,-1.538e-05,50,1.1308141003756047,0.0,trending,,1003.0351144354418,0.5354367047433124,-0.42235529470575195,True,True,1002.6114772440842,0.11312919075025966,trending,-4.2094529194214205,0.6857,2.0,AVAXUSDT,2024-10-01 04:00:00,AVAXUSDT,28.59,14.81767021187823,REDUCE_LONG,0.6857,0.0,878.6478088982367,0.0,0.0,0.0,878.6478088982367,0.0,0.0,0.0,1.1308141003756047,1.1308141003756047,1.0,1.1308141003756047,True,True
2024-10-01 08:00:00,28.59,28.89,28.57,28.66,169403.16,2.264e-05,50,-0.36681988957892514,0.0,trending,,1002.8891870640922,0.11337477394727077,-0.1500567629051633,False,,1002.8891870640922,0.11337477394727077,trending,-1.49763398995453,0.719,3.0,AVAXUSDT,2024-10-01 08:00:00,,,,,0.719,0.0,878.6478088982367,0.0,0.0,0.0,878.6478088982367,0.0,0.0,0.0,-0.36681988957892514,-0.36681988957892514,1.0,-0.36681988957892514,True,False
2024-10-01 12:00:00,28.66,28.75,25.98,26.69,1163101.82,2.264e-05,50,20.0,0.0,mean_reversion,,995.073639272439,0.106411006087269,1.893588993912731,True,True,993.18937878098,2.001897181475875,mean_reversion,20.366819889578924,0.1667,1.0,AVAXUSDT,2024-10-01 12:00:00,AVAXUSDT,26.69,70.59799518392572,LONG,0.5095,0.6762,878.6478088982367,0.0,0.0,0.0,878.6478088982367,0.0,0.0,0.0,24.0,24.0,1.0,24.0,True,True
2024-10-01 16:00:00,26.68,26.89,25.0,25.92,1260593.36,2.264e-05,50,20.0,0.0,mean_reversion,,935.8284749255611,2.0633077171023144,-0.06330771710231442,False,,935.8284749255611,2.0633077171023144,mean_reversion,0.0,0.1143,2.0,AVAXUSDT,2024-10-01 16:00:00,,,,,0.5619,0.6762,878.6478088982367,0.0,0.0,0.0,878.6478088982367,0.0,0.0,0.0,24.0,24.0,1.0,24.0,True,False
2024-10-01 20:00:00,25.91,26.24,25.4,25.82,529402.9,-8.854e-05,50,20.0,0.0,trending,,928.3790068923897,2.0718398756164245,-0.07183987561642446,False,,928.3790068923897,2.0718398756164245,trending,0.0,0.4476,1.0,AVAXUSDT,2024-10-01 20:00:00,,,,,0.8,0.3524,878.6478088982367,0.0,0.0,0.0,878.6478088982367,0.0,0.0,0.0,24.0,24.0,1.0,24.0,True,False
2024-10-02 00:00:00,25.82,26.49,25.61,26.38,282273.35,-9.911e-05,42,20.0,0.0,trending,,970.0960278781488,2.025747565886774,-0.02574756588677385,False,,970.0960278781488,2.025747565886774,trending,0.0,0.6238,2.0,AVAXUSDT,2024-10-02 00:00:00,,,,,0.8619,0.2381,878.6478088982367,0.0,0.0,0.0,878.6478088982367,0.0,0.0,0.0,24.0,24.0,1.0,24.0,True,False
2024-10-02 04:00:00,26.38,26.78,26.04,26.6,245535.53,-9.911e-05,42,18.206921394400453,0.0,trending,,986.484857551126,2.008706450641963,-0.1880143112019177,False,,986.484857551126,2.008706450641963,trending,-1.793078605599547,0.6857,3.0,AVAXUSDT,2024-10-02 04:00:00,,,,,0.8571,0.1714,878.6478088982367,0.0,0.0,0.0,878.6478088982367,0.0,0.0,0.0,18.206921394400453,18.206921394400453,1.0,18.206921394400453,True,False
2024-10-02 08:00:00,26.61,26.73,25.71,25.99,336794.01,-0.00013828,42,20.0,0.0,trending,,941.0431025487808,2.0574155812601127,-0.0574155812601127,False,,941.0431025487808,2.0574155812601127,trending,1.793078605599547,0.6333,4.0,AVAXUSDT,2024-10-02 08:00:00,,,,,0.8429,0.2095,878.6478088982367,0.0,0.0,0.0,878.6478088982367,0.0,0.0,0.0,24.0,24.0,1.0,24.0,True,False
2024-10-02 12:00:00,26.0,26.26,25.47,26.22,452884.43,-0.00013828,42,18.779009078526855,0.0,trending,,958.1768790250749,2.038507253780644,-0.16060634592795875,False,,958.1768790250749,2.038507253780644,trending,-1.2209909214731454,0.6095,5.0,AVAXUSDT,2024-10-02 12:00:00,,,,,0.819,0.2095,878.6478088982367,0.0,0.0,0.0,878.6478088982367,0.0,0.0,0.0,18.779009078526855,18.779009078526855,1.0,18.779009078526855,True,False
2024-10-02 16:00:00,26.22,26.47,25.03,25.23,524990.94,1.241e-05,42,20.0,0.0,trending,,884.427145496679,2.1251052665436028,-0.12510526654360277,False,,884.427145496679,2.1251052665436028,trending,1.2209909214731454,0.2095,6.0,AVAXUSDT,2024-10-02 16:00:00,,,,,0.6952,0.4857,878.6478088982367,0.0,0.0,0.0,878.6478088982367,0.0,0.0,0.0,24.0,24.0,1.0,24.0,True,False
2024-10-02 20:00:00,25.24,25.6,25.09,25.33,262032.57,1.241e-05,42,20.0,0.0,trending,,891.8766135298501,2.115707738242129,-0.11570773824212921,False,,891.8766135298501,2.115707738242129,trending,0.0,0.3381,7.0,AVAXUSDT,2024-10-02 20:00:00,,,,,0.7476,0.4095,878.6478088982367,0.0,0.0,0.0,878.6478088982367,0.0,0.0,0.0,24.0,24.0,1.0,24.0,True,False
2024-10-03 00:00:00,25.33,25.62,25.12,25.56,292273.02,-0.00011105,37,19.806378526772896,0.0,trending,,909.0103900061442,2.094677959913872,-0.1140401072365822,False,,909.0103900061442,2.094677959913872,trending,-0.193621473227104,0.3,8.0,AVAXUSDT,2024-10-03 00:00:00,,,,,0.7095,0.4095,878.6478088982367,0.0,0.0,0.0,878.6478088982367,0.0,0.0,0.0,19.806378526772896,19.806378526772896,1.0,19.806378526772896,True,False
2024-10-03 04:00:00,25.55,25.67,24.86,24.89,253998.1,-0.00011105,37,20.0,0.0,trending,,859.0989541838967,2.1582759290141516,-0.15827592901415155,False,,859.0989541838967,2.1582759290141516,trending,0.193621473227104,0.1762,9.0,AVAXUSDT,2024-10-03 04:00:00,,,,,0.6524,0.4762,878.6478088982367,0.0,0.0,0.0,878.6478088982367,0.0,0.0,0.0,24.0,24.0,1.0,24.0,True,False
2024-10-03 08:00:00,24.89,25.08,24.19,24.69,575462.24,-0.00014586,37,20.0,0.0,trending,,844.200018117554,2.1787178605981454,-0.17871786059814543,False,,844.200018117554,2.1787178605981454,trending,0.0,0.3095,10.0,AVAXUSDT,2024-10-03 08:00:00,,,,,0.7,0.3905,878.6478088982367,0.0,0.0,0.0,878.6478088982367,0.0,0.0,0.0,24.0,24.0,1.0,24.0,True,False
2024-10-03 12:00:00,24.69,24.79,23.9,24.37,701856.22,-0.00014586,37,20.0,0.0,trending,,820.3617204114059,2.2129693701132425,-0.21296937011324246,True,True,820.187008492545,2.000426029471454,trending,0.0,0.3857,11.0,AVAXUSDT,2024-10-03 12:00:00,AVAXUSDT,24.37,7.169139058721093,REDUCE_LONG,0.7667,0.381,878.6478088982367,0.0,0.0,0.0,878.6478088982367,0.0,0.0,0.0,24.0,24.0,1.0,24.0,True,True
2024-10-03 16:00:00,24.37,24.79,23.95,24.77,290743.18,-0.00020334,37,20.0,0.0,trending,,847.1172250017418,1.9686220609297371,0.03137793907026287,False,,847.1172250017418,1.9686220609297371,trending,0.0,0.3381,12.0,AVAXUSDT,2024-10-03 16:00:00,,,,,0.7571,0.419,878.6478088982367,0.0,0.0,0.0,878.6478088982367,0.0,0.0,0.0,20.403090820164284,20.403090820164284,1.0,20.403090820164284,True,False
2024-10-03 20:00:00,24.76,24.84,24.43,24.66,143535.75,-0.00020334,37,20.0,0.0,trending,,839.7114154617126,1.977164794025216,0.022835205974784056,False,,839.7114154617126,1.977164794025216,trending,0.0,0.4476,13.0,AVAXUSDT,2024-10-03 20:00:00,,,,,0.8,0.3524,878.6478088982367,0.0,0.0,0.0,878.6478088982367,0.0,0.0,0.0,20.184330631408265,20.184330631408265,1.0,20.184330631408265,True,False
2024-10-04 00:00:00,24.66,25.12,24.44,24.92,223363.06,-0.00041478,41,14.518642715459167,0.0,trending,,857.2160561926906,1.9572107596475319,-0.5053464881016152,True,True,856.7828650691494,1.452598337014149,trending,-5.481357284540833,0.3667,14.0,AVAXUSDT,2024-10-04 00:00:00,AVAXUSDT,24.92,17.383271410164248,REDUCE_LONG,0.7571,0.3905,878.6478088982367,0.0,0.0,0.0,878.6478088982367,0.0,0.0,0.0,14.518642715459167,14.518642715459167,1.0,14.518642715459167,True,True
2024-10-04 04:00:00,24.92,25.34,24.87,25.29,222419.73,-0.00041478,41,8.406208742944072,0.0,trending,,875.2615049183954,1.443043019410147,-0.6024221451157397,True,True,874.7342280050652,0.8411275881803949,trending,-6.112433972515095,0.3857,15.0,AVAXUSDT,2024-10-04 04:00:00,AVAXUSDT,25.29,20.84922551720721,REDUCE_LONG,0.7286,0.3429,878.6478088982367,0.0,0.0,0.0,878.6478088982367,0.0,0.0,0.0,8.406208742944072,8.406208742944072,1.0,8.406208742944072,True,True
2024-10-04 08:00:00,25.3,25.71,25.26,25.71,287394.09,-0.00029116,41,1.9951815070169903,0.0,trending,,886.9533066302259,0.8433162879426948,-0.6437981372409958,True,True,886.3822877435975,0.19964668286423334,trending,-6.411027235927081,0.4476,16.0,AVAXUSDT,2024-10-04 08:00:00,AVAXUSDT,25.71,22.20999170082774,REDUCE_LONG,0.7048,0.2571,878.6478088982367,0.0,0.0,0.0,878.6478088982367,0.0,0.0,0.0,1.9951815070169903,1.9951815070169903,1.0,1.9951815070169903,True,True
2024-10-04 12:00:00,25.7,26.15,25.3,26.14,551320.69,-0.00029116,41,-4.004855365670546,0.0,trending,,889.3420003808584,0.20231024291872973,-0.6027957794857843,True,True,888.8059087765092,-0.40072709316754174,trending,-6.000036872687536,0.4762,17.0,AVAXUSDT,2024-10-04 12:00:00,AVAXUSDT,26.14,13.625424950808945,SHORT,0.6857,0.2095,878.6478088982367,0.0,0.0,0.0,878.6478088982367,0.0,0.0,0.0,-4.004855365670546,-4.004855365670546,1.0,-4.004855365670546,True,True
2024-10-04 16:00:00,26.15,26.5,26.01,26.29,390589.03,-0.00029116,41,-5.582388333722967,0.0,trending,,886.7620950338878,-0.4039554960263361,-0.15428333734596061,False,,886.7620950338878,-0.4039554960263361,trending,-1.577532968052421,0.4952,18.0,AVAXUSDT,2024-10-04 16:00:00,,,,,0.6667,0.1714,878.6478088982367,0.0,0.0,0.0,878.6478088982367,0.0,0.0,0.0,-5.582388333722967,-5.582388333722967,1.0,-5.582388333722967,True,False
2024-10-04 20:00:00,26.29,26.41,26.12,26.27,129356.06,-0.00045387,41,-5.541830468016951,0.0,trending,,887.034603532904,-0.4035241827456773,-0.15065886405601775,False,,887.034603532904,-0.4035241827456773,trending,0.04055786570601683,0.5714,19.0,AVAXUSDT,2024-10-04 20:00:00,,,,,0.6667,0.0952,878.6478088982367,0.0,0.0,0.0,878.6478088982367,0.0,0.0,0.0,-5.541830468016951,-5.541830468016951,1.0,-5.541830468016951,True,False
2024-10-05 00:00:00,26.27,26.45,25.76,25.85,220420.55,-5.122e-05,49,1.5685933461500596,0.0,trending,,892.7572820122439,-0.39452742875927693,0.5513867633742828,True,True,892.2646748942316,0.15678898857280885,trending,7.11042381416701,0.4857,20.0,AVAXUSDT,2024-10-05 00:00:00,AVAXUSDT,25.85,5.417304186813996,LONG,0.6571,0.1714,878.6478088982367,0.0,0.0,0.0,878.6478088982367,0.0,0.0,0.0,1.5685933461500596,1.5685933461500596,1.0,1.5685933461500596,True,True
2024-10-05 04:00:00,25.85,26.32,25.8,26.01,199779.25,-5.122e-05,49,-1.274937001342162,0.0,trending,,893.1305767954518,0.15760649279547745,-0.28510019292969363,True,True,892.8759450956961,-0.1275300589786353,trending,-2.8435303474922216,0.4476,21.0,AVAXUSDT,2024-10-05 04:00:00,AVAXUSDT,26.01,4.377874738126062,SHORT,0.6476,0.2,878.6478088982367,0.0,0.0,0.0,878.6478088982367,0.0,0.0,0.0,-1.274937001342162,-1.274937001342162,1.0,-1.274937001342162,True,True
2024-10-05 08:00:00,26.02,26.13,25.82,25.86,157325.07,5.8e-06,49,1.4611267030320552,0.0,trending,,893.5326263064151,-0.1267014067476443,0.2728140770508498,True,True,893.2887447024884,0.14600640875428525,trending,2.7360637043742173,0.5429,22.0,AVAXUSDT,2024-10-05 08:00:00,AVAXUSDT,25.86,5.04858615748904,LONG,0.6857,0.1429,878.6478088982367,0.0,0.0,0.0,878.6478088982367,0.0,0.0,0.0,1.4611267030320552,1.4611267030320552,1.0,1.4611267030320552,True,True
2024-10-05 12:00:00,25.86,25.96,25.56,25.73,160776.18,5.8e-06,49,3.7230698762605923,0.0,trending,,892.6330848182154,0.1453791304820261,0.22692785714403313,True,True,892.4305215050617,0.3721645142646423,trending,2.261943173228537,0.6952,23.0,AVAXUSDT,2024-10-05 12:00:00,AVAXUSDT,25.73,7.872651113628666,LONG,0.6952,0.0,878.6478088982367,0.0,0.0,0.0,878.6478088982367,0.0,0.0,0.0,3.7230698762605923,3.7230698762605923,1.0,3.7230698762605923,True,True
2024-10-05 16:00:00,25.74,25.75,25.42,25.46,158904.32,-3.097e-05,49,8.740077492760147,0.0,trending,,888.945276175923,0.36970298963228293,0.5043047596437318,True,True,888.4969768420848,0.873944178725365,trending,5.017007616499555,0.6,24.0,AVAXUSDT,2024-10-05 16:00:00,AVAXUSDT,25.46,17.607986403705013,LONG,0.6,0.0,878.6478088982367,0.0,0.0,0.0,878.6478088982367,0.0,0.0,0.0,8.740077492760147,8.740077492760147,1.0,8.740077492760147,True,True
2024-10-05 20:00:00,25.46,25.74,25.1,25.67,157158.09,-3.097e-05,49,3.920540607990344,0.0,trending,,894.901702676826,0.8748463481733862,-0.4827922873743518,True,True,894.4696510368153,0.39224343290321334,trending,-4.819536884769803,0.5381,25.0,AVAXUSDT,2024-10-05 20:00:00,AVAXUSDT,25.67,16.830994936133497,REDUCE_LONG,0.5571,0.019,878.6478088982367,0.0,0.0,0.0,878.6478088982367,0.0,0.0,0.0,3.920540607990344,3.920540607990344,1.0,3.920540607990344,True,True
2024-10-06 00:00:00,25.67,25.88,25.49,25.63,126742.18,-9.697e-05,50,4.724559605036652,0.0,mean_reversion,,893.9229430562148,0.39187173938301095,0.08058422112065428,False,,893.9229430562148,0.39187173938301095,mean_reversion,0.8040189970463079,0.0619,1.0,AVAXUSDT,2024-10-06 00:00:00,,,,,0.3571,0.419,878.6478088982367,0.0,0.0,0.0,878.6478088982367,0.0,0.0,0.0,4.724559605036652,4.724559605036652,1.0,4.724559605036652,True,False
2024-10-06 04:00:00,25.63,26.28,25.63,26.2,166646.5,-9.697e-05,50,-7.736029219179135,0.0,mean_reversion,,901.7135317797729,0.39712582175248445,-1.170728743670398,True,True,900.6578698295617,-0.7745096626422192,mean_reversion,-12.460588824215787,0.8905,2.0,AVAXUSDT,2024-10-06 04:00:00,AVAXUSDT,26.2,26.624741332738687,SHORT,0.0714,0.9619,878.6478088982367,0.0,0.0,0.0,878.6478088982367,0.0,0.0,0.0,-7.736029219179135,-7.736029219179135,1.0,-7.736029219179135,True,True
2024-10-06 08:00:00,26.21,26.36,26.04,26.35,149257.19,-9.697e-05,50,-10.307598772763718,0.0,mean_reversion,,896.6641586296508,-0.7824132674042016,-0.24834660987217017,True,True,896.4414751256613,-1.0310159265864636,mean_reversion,-2.5715695535845837,0.919,3.0,AVAXUSDT,2024-10-06 08:00:00,AVAXUSDT,26.35,8.450986868673835,SHORT,0.0524,0.9714,878.6478088982367,0.0,0.0,0.0,878.6478088982367,0.0,0.0,0.0,-10.307598772763718,-10.307598772763718,1.0,-10.307598772763718,True,True
2024-10-06 12:00:00,26.35,26.97,26.35,26.92,408154.51,-6.71e-05,50,-20.0,0.0,mean_reversion,,876.4483100508562,-1.0773465957475978,-0.9226534042524022,True,True,875.6396520339365,-2.0018470109594544,mean_reversion,-9.692401227236282,0.919,4.0,AVAXUSDT,2024-10-06 12:00:00,AVAXUSDT,26.92,30.03930226298987,SHORT,0.0619,0.981,878.6478088982367,0.0,0.0,0.0,878.6478088982367,0.0,0.0,0.0,-21.841262760196468,-21.841262760196468,1.0,-21.841262760196468,True,True
2024-10-06 16:00:00,26.93,27.08,26.73,26.84,183950.44,-9.54e-06,50,-18.94616890309345,0.0,mean_reversion,,880.8488544710888,-1.984094556964566,0.08947766665522106,False,,880.8488544710888,-1.984094556964566,mean_reversion,1.0538310969065492,0.8238,5.0,AVAXUSDT,2024-10-06 16:00:00,,,,,0.1286,0.9524,878.6478088982367,0.0,0.0,0.0,878.6478088982367,0.0,0.0,0.0,-18.94616890309345,-18.94616890309345,1.0,-18.94616890309345,True,False
2024-10-06 20:00:00,26.84,27.01,26.62,26.94,199187.69,-9.54e-06,50,-20.0,0.0,mean_reversion,,874.3373514246484,-2.0063181766771176,0.006318176677117648,False,,874.3373514246484,-2.0063181766771176,mean_reversion,-1.0538310969065492,0.8048,6.0,AVAXUSDT,2024-10-06 20:00:00,,,,,0.1667,0.9714,878.6478088982367,0.0,0.0,0.0,878.6478088982367,0.0,0.0,0.0,-20.38239326882383,-20.38239326882383,1.0,-20.38239326882383,True,False
2024-10-07 00:00:00,26.93,27.56,26.83,27.29,235492.63,7.865e-05,50,-20.0,0.0,mean_reversion,,851.5470907621079,-2.086777349897575,0.08677734989757502,False,,851.5470907621079,-2.086777349897575,mean_reversion,0.0,0.7667,7.0,AVAXUSDT,2024-10-07 00:00:00,,,,,0.2048,0.9714,878.6478088982367,0.0,0.0,0.0,878.6478088982367,0.0,0.0,0.0,-24.0,-24.0,1.0,-24.0,True,False
2024-10-07 04:00:00,27.29,27.55,27.21,27.23,143500.89,7.865e-05,50,-20.0,0.0,mean_reversion,,855.4539925899719,-2.072679880980501,0.07267988098050093,False,,855.4539925899719,-2.072679880980501,mean_reversion,0.0,0.619,8.0,AVAXUSDT,2024-10-07 04:00:00,,,,,0.3143,0.9333,878.6478088982367,0.0,0.0,0.0,878.6478088982367,0.0,0.0,0.0,-23.236794866148564,-23.236794866148564,1.0,-23.236794866148564,True,False
2024-10-07 08:00:00,27.23,27.36,26.63,27.03,306007.77,-2.738e-05,50,-16.0734498609124,0.0,mean_reversion,,868.4769986828524,-2.0266043615687392,0.41925937547749914,True,True,868.1125170771625,-1.6080198383366617,mean_reversion,3.926550139087599,0.6048,9.0,AVAXUSDT,2024-10-07 08:00:00,AVAXUSDT,27.03,13.470851797423066,REDUCE_SHORT,0.3381,0.9429,878.6478088982367,0.0,0.0,0.0,878.6478088982367,0.0,0.0,0.0,-16.0734498609124,-16.0734498609124,1.0,-16.0734498609124,True,True
2024-10-07 12:00:00,27.02,27.74,26.89,27.14,550933.87,-2.738e-05,50,-16.574896336231312,0.0,mean_reversion,,862.4316574237948,-1.6251989325260447,-0.03229070109708654,False,,862.4316574237948,-1.6251989325260447,mean_reversion,-0.501446475318911,0.5143,10.0,AVAXUSDT,2024-10-07 12:00:00,,,,,0.4,0.9143,878.6478088982367,0.0,0.0,0.0,878.6478088982367,0.0,0.0,0.0,-16.574896336231312,-16.574896336231312,1.0,-16.574896336231312,True,False
2024-10-07 16:00:00,27.14,27.45,26.8,27.14,331599.7,-2.738e-05,50,-14.711774341293737,0.0,mean_reversion,,862.4316574237948,-1.6251989325260447,0.154021498396671,False,,862.4316574237948,-1.6251989325260447,mean_reversion,1.8631219949375755,0.4,11.0,AVAXUSDT,2024-10-07 16:00:00,,,,,0.5048,0.9048,878.6478088982367,0.0,0.0,0.0,878.6478088982367,0.0,0.0,0.0,-14.711774341293737,-14.711774341293737,1.0,-14.711774341293737,True,False
2024-10-07 20:00:00,27.14,27.17,26.51,26.56,212041.92,-4.09e-06,50,-0.03456759120740693,0.0,mean_reversion,,892.3852810506428,-1.537082036785778,1.5336252776650374,True,True,891.0153264716282,-0.003462073959717289,mean_reversion,14.677206750086329,0.5476,12.0,AVAXUSDT,2024-10-07 20:00:00,AVAXUSDT,26.56,51.52803555856493,REDUCE_SHORT,0.3952,0.9429,878.6478088982367,0.0,0.0,0.0,878.6478088982367,0.0,0.0,0.0,-0.03456759120740693,-0.03456759120740693,1.0,-0.03456759120740693,True,True
2024-10-08 00:00:00,26.57,27.19,26.55,27.09,192336.44,6.262e-05,49,-12.209211109580602,0.0,mean_reversion,,890.9537706241686,-0.00353140298709535,-1.2173897079709648,True,True,889.8691326735327,-1.2224092594093936,mean_reversion,-12.174643518373195,0.5762,13.0,AVAXUSDT,2024-10-08 00:00:00,AVAXUSDT,27.09,40.038314899807546,SHORT,0.3762,0.9524,878.6478088982367,0.0,0.0,0.0,878.6478088982367,0.0,0.0,0.0,-12.209211109580602,-12.209211109580602,1.0,-12.209211109580602,True,True
2024-10-08 04:00:00,27.1,27.14,26.22,26.52,233353.3,6.262e-05,49,1.9349779028004312,0.0,mean_reversion,,912.7571737382193,-1.1666807525781884,1.3601785428582316,True,True,911.5145950534722,0.1935678053230423,mean_reversion,14.144189012381034,0.6333,14.0,AVAXUSDT,2024-10-08 04:00:00,AVAXUSDT,26.52,6.6597472164631535,LONG,0.3286,0.9619,878.6478088982367,0.0,0.0,0.0,878.6478088982367,0.0,0.0,0.0,1.9349779028004312,1.9349779028004312,1.0,1.9349779028004312,True,True
2024-10-08 08:00:00,26.52,26.78,26.37,26.71,141116.65,3.536e-05,49,-2.429128334157857,0.0,mean_reversion,,912.7786816726291,0.1946846150897652,-0.4375974485055509,True,True,912.379252050479,-0.24301917798801115,mean_reversion,-4.364106236958288,0.6571,15.0,AVAXUSDT,2024-10-08 08:00:00,AVAXUSDT,26.71,8.301222607511187,SHORT,0.2952,0.9524,878.6478088982367,0.0,0.0,0.0,878.6478088982367,0.0,0.0,0.0,-2.429128334157857,-2.429128334157857,1.0,-2.429128334157857,True,True
2024-10-08 12:00:00,26.71,26.85,26.03,26.33,384090.25,3.536e-05,49,6.083999705453139,0.0,mean_reversion,,915.5337166413332,-0.23873636468311124,0.8471363352284251,True,True,914.7579159738584,0.6083070349374196,mean_reversion,8.513128039610995,0.7429,16.0,AVAXUSDT,2024-10-08 12:00:00,AVAXUSDT,26.33,21.15498238654876,LONG,0.2,0.9429,878.6478088982367,0.0,0.0,0.0,878.6478088982367,0.0,0.0,0.0,6.083999705453139,6.083999705453139,1.0,6.083999705453139,True,True
2024-10-08 16:00:00,26.34,26.59,26.17,26.4,243235.97,3.25e-06,49,3.9508951618458665,0.0,mean_reversion,,916.2372838921498,0.6089394671867082,-0.21384995100212156,True,True,916.0413465938831,0.3951740241302842,mean_reversion,-2.1331045436072724,0.7571,17.0,AVAXUSDT,2024-10-08 16:00:00,AVAXUSDT,26.4,7.421867358585349,REDUCE_LONG,0.1476,0.9048,878.6478088982367,0.0,0.0,0.0,878.6478088982367,0.0,0.0,0.0,3.9508951618458665,3.9508951618458665,1.0,3.9508951618458665,True,True
2024-10-08 20:00:00,26.4,26.7,26.23,26.34,122502.67,3.25e-06,49,4.830221119632306,0.0,mean_reversion,,915.2186289911485,0.3946303278361127,0.0883917841271179,False,,915.2186289911485,0.3946303278361127,mean_reversion,0.8793259577864392,0.781,18.0,AVAXUSDT,2024-10-08 20:00:00,,,,,0.1143,0.8952,878.6478088982367,0.0,0.0,0.0,878.6478088982367,0.0,0.0,0.0,4.830221119632306,4.830221119632306,1.0,4.830221119632306,True,False
2024-10-09 00:00:00,26.34,26.7,26.18,26.33,189321.04,2.748e-05,49,4.507557729212782,0.0,mean_reversion,,915.0815093906926,0.39453961673909754,0.05621615618218068,False,,915.0815093906926,0.39453961673909754,mean_reversion,-0.32266339041952374,0.7286,19.0,AVAXUSDT,2024-10-09 00:00:00,,,,,0.1286,0.8571,878.6478088982367,0.0,0.0,0.0,878.6478088982367,0.0,0.0,0.0,4.507557729212782,4.507557729212782,1.0,4.507557729212782,True,False
2024-10-09 04:00:00,26.33,26.61,26.22,26.46,177571.41,2.748e-05,49,1.3856744394522338,0.0,mean_reversion,,916.8640641966177,0.3957167446887294,-0.25714930074350606,True,True,916.6282932436327,0.13860308563177443,mean_reversion,-3.1218832897605484,0.7429,20.0,AVAXUSDT,2024-10-09 04:00:00,AVAXUSDT,26.46,8.9104668550646,REDUCE_LONG,0.1238,0.8667,878.6478088982367,0.0,0.0,0.0,878.6478088982367,0.0,0.0,0.0,1.3856744394522338,1.3856744394522338,1.0,1.3856744394522338,True,True
2024-10-09 08:00:00,26.46,26.59,26.29,26.45,134201.57,-0.00011487,49,1.479602750813616,0.0,mean_reversion,,916.5802783117276,0.1385579614728051,0.009402313608556506,False,,916.5802783117276,0.1385579614728051,mean_reversion,0.09392831136138224,0.719,21.0,AVAXUSDT,2024-10-09 08:00:00,,,,,0.1476,0.8667,878.6478088982367,0.0,0.0,0.0,878.6478088982367,0.0,0.0,0.0,1.479602750813616,1.479602750813616,1.0,1.479602750813616,True,False
2024-10-09 12:00:00,26.45,26.48,25.68,26.21,401612.36,-0.00011487,49,6.431711908258803,0.0,mean_reversion,,915.4279199460046,0.13747356157844667,0.5056976292474337,True,True,914.9649902171409,0.6429906520450003,mean_reversion,4.952109157445188,0.7333,22.0,AVAXUSDT,2024-10-09 12:00:00,AVAXUSDT,26.21,17.662332272552614,LONG,0.1429,0.8762,878.6478088982367,0.0,0.0,0.0,878.6478088982367,0.0,0.0,0.0,6.431711908258803,6.431711908258803,1.0,6.431711908258803,True,True
2024-10-09 16:00:00,26.2,26.3,25.77,26.1,427090.17,1.711e-05,49,8.01307235758019,0.0,mean_reversion,,912.4959122727538,0.6420246379564767,0.1592825978015424,False,,912.4959122727538,0.6420246379564767,mean_reversion,1.5813604493213873,0.619,23.0,AVAXUSDT,2024-10-09 16:00:00,,,,,0.1905,0.8095,878.6478088982367,0.0,0.0,0.0,878.6478088982367,0.0,0.0,0.0,8.01307235758019,8.01307235758019,1.0,8.01307235758019,True,False
2024-10-09 20:00:00,26.09,26.18,25.73,25.76,282291.5,1.711e-05,49,14.573074139140733,0.0,mean_reversion,,904.8642168082844,0.6390054457990768,0.8183019681149966,True,True,904.1237646387932,1.4576819359430262,mean_reversion,6.560001781560542,0.681,24.0,AVAXUSDT,2024-10-09 20:00:00,AVAXUSDT,25.76,28.744261238006754,LONG,0.1286,0.8095,878.6478088982367,0.0,0.0,0.0,878.6478088982367,0.0,0.0,0.0,14.573074139140733,14.573074139140733,1.0,14.573074139140733,True,True
2024-10-10 00:00:00,25.76,26.04,25.54,25.95,144520.22,6.712e-05,39,9.034203626255055,0.0,mean_reversion,,913.8444838592299,1.4528134953383627,-0.5493931327128572,True,True,913.3424239754299,0.9039169684004874,mean_reversion,-5.538870512885678,0.6667,25.0,AVAXUSDT,2024-10-10 00:00:00,AVAXUSDT,25.95,19.34720168785304,REDUCE_LONG,0.1333,0.8,878.6478088982367,0.0,0.0,0.0,878.6478088982367,0.0,0.0,0.0,9.034203626255055,9.034203626255055,1.0,9.034203626255055,True,True
2024-10-10 04:00:00,25.95,26.37,25.89,26.11,197476.73,6.712e-05,39,4.785446955789447,0.0,mean_reversion,,918.4327405225833,0.9044494984640098,-0.4259048028850651,True,True,918.0415756072679,0.4787485969057414,mean_reversion,-4.248756670465608,0.6762,26.0,AVAXUSDT,2024-10-10 04:00:00,AVAXUSDT,26.11,14.981421498102682,REDUCE_LONG,0.1238,0.8,878.6478088982367,0.0,0.0,0.0,878.6478088982367,0.0,0.0,0.0,4.785446955789447,4.785446955789447,1.0,4.785446955789447,True,True
2024-10-10 08:00:00,26.12,26.24,25.67,26.15,158210.77,-1.035e-05,39,3.5473282486160733,0.0,mean_reversion,,918.7148978841321,0.47913061986232824,-0.1243977950007209,False,,918.7148978841321,0.47913061986232824,mean_reversion,-1.2381187071733737,0.6571,27.0,AVAXUSDT,2024-10-10 08:00:00,,,,,0.1238,0.781,878.6478088982367,0.0,0.0,0.0,878.6478088982367,0.0,0.0,0.0,3.5473282486160733,3.5473282486160733,1.0,3.5473282486160733,True,False
2024-10-10 12:00:00,26.15,26.27,25.52,25.85,333803.05,-1.035e-05,39,9.201482611886647,0.0,mean_reversion,,913.6649808076505,0.4762517230756215,0.44389653811304314,True,True,913.2594080856749,0.9201127995369396,mean_reversion,5.654154363270573,0.619,28.0,AVAXUSDT,2024-10-10 12:00:00,AVAXUSDT,25.85,15.689467000991723,LONG,0.2095,0.8286,878.6478088982367,0.0,0.0,0.0,878.6478088982367,0.0,0.0,0.0,9.201482611886647,9.201482611886647,1.0,9.201482611886647,True,True
2024-10-10 16:00:00,25.86,25.93,25.06,25.52,295493.86,-1.936e-05,39,14.862944798476821,0.0,mean_reversion,,902.5321527153282,0.9191632816747658,0.5671311981729162,True,True,902.0202985741693,1.4865704291181432,mean_reversion,5.661462186590175,0.6476,29.0,AVAXUSDT,2024-10-10 16:00:00,AVAXUSDT,25.52,20.056980452939868,LONG,0.2381,0.8857,878.6478088982367,0.0,0.0,0.0,878.6478088982367,0.0,0.0,0.0,14.862944798476821,14.862944798476821,1.0,14.862944798476821,True,True
2024-10-10 20:00:00,25.51,25.93,25.42,25.86,176486.71,-1.936e-05,39,6.804234046776413,0.0,mean_reversion,,919.8851762697174,1.4771208571164336,-0.7966974524387923,True,True,919.1523060932471,0.6809659284980734,mean_reversion,-8.058710751700408,0.6524,30.0,AVAXUSDT,2024-10-10 20:00:00,AVAXUSDT,25.86,28.339914016639337,REDUCE_LONG,0.2524,0.9048,878.6478088982367,0.0,0.0,0.0,878.6478088982367,0.0,0.0,0.0,6.804234046776413,6.804234046776413,1.0,6.804234046776413,True,True
2024-10-11 00:00:00,25.85,26.15,25.75,26.04,142934.26,-8.407e-05,32,2.4849130303601106,0.0,mean_reversion,,923.508997997307,0.6824709849289754,-0.4339796818929643,True,True,923.1082138561308,0.2485991900334206,mean_reversion,-4.3193210164163025,0.5714,31.0,AVAXUSDT,2024-10-11 00:00:00,AVAXUSDT,26.04,15.391096051311887,REDUCE_LONG,0.3143,0.8857,878.6478088982367,0.0,0.0,0.0,878.6478088982367,0.0,0.0,0.0,2.4849130303601106,2.4849130303601106,1.0,2.4849130303601106,True,True
2024-10-11 04:00:00,26.06,26.2,25.97,26.14,87853.76,-8.407e-05,32,0.1389436734027016,0.0,mean_reversion,,923.989488642144,0.2493158546666802,-0.23542148732641002,True,True,923.7719616624539,0.013897639143147535,mean_reversion,-2.345969356957409,0.4,32.0,AVAXUSDT,2024-10-11 04:00:00,AVAXUSDT,26.14,8.321613607119456,REDUCE_LONG,0.3714,0.7714,878.6478088982367,0.0,0.0,0.0,878.6478088982367,0.0,0.0,0.0,0.1389436734027016,0.1389436734027016,1.0,0.1389436734027016,True,True
2024-10-11 08:00:00,26.14,26.61,26.14,26.43,208100.66,-1.061e-05,32,-6.344861039909206,0.0,mean_reversion,,923.9143905958275,0.014049654858979639,-0.6485357588499002,True,True,923.3151990754101,-0.6348978579550216,mean_reversion,-6.483804713311907,0.3429,33.0,AVAXUSDT,2024-10-11 08:00:00,AVAXUSDT,26.43,22.17975187704473,SHORT,0.3524,0.6952,878.6478088982367,0.0,0.0,0.0,878.6478088982367,0.0,0.0,0.0,-6.344861039909206,-6.344861039909206,1.0,-6.344861039909206,True,True
2024-10-11 12:00:00,26.43,26.82,26.33,26.78,342003.77,-1.061e-05,32,-14.113700067608953,0.0,mean_reversion,,915.5522859184445,-0.6487600592591036,-0.7626099475017916,True,True,914.8540766377448,-1.4124471530101017,mean_reversion,-7.768839027699747,0.2429,34.0,AVAXUSDT,2024-10-11 12:00:00,AVAXUSDT,26.78,26.0720418483723,SHORT,0.3571,0.6,878.6478088982367,0.0,0.0,0.0,878.6478088982367,0.0,0.0,0.0,-14.113700067608953,-14.113700067608953,1.0,-14.113700067608953,True,True
2024-10-11 16:00:00,26.78,27.33,26.68,27.32,270953.73,-1.061e-05,32,-20.0,0.0,mean_reversion,,888.7981080260197,-1.4831703540707823,-0.5168296459292177,True,True,888.3387508145458,-2.0010341937938714,mean_reversion,-5.886299932391047,0.1714,35.0,AVAXUSDT,2024-10-11 16:00:00,AVAXUSDT,27.32,16.813953567849424,SHORT,0.3524,0.5238,878.6478088982367,0.0,0.0,0.0,878.6478088982367,0.0,0.0,0.0,-24.0,-24.0,1.0,-24.0,True,True
2024-10-11 20:00:00,27.31,27.6,27.23,27.45,304468.54,7.16e-05,32,0.0,0.0,unknown,,879.8802036664213,-2.029884018026266,2.029884018026266,True,True,878.0923610606153,0.0,unknown,20.0,0.0143,1.0,AVAXUSDT,2024-10-11 20:00:00,AVAXUSDT,27.45,-65.06574729326645,CLOSE,0.4238,0.4381,878.6478088982367,0.0,0.0,0.0,878.6478088982367,0.0,0.0,0.0,,,,,True,True
2024-10-12 00:00:00,27.46,29.0,27.39,28.31,675091.51,0.0001,49,-20.0,0.0,trending,,878.0923610606153,0.0,-2.0,True,True,876.3361763384942,-2.004008016032064,trending,-20.0,0.0619,1.0,AVAXUSDT,2024-10-12 00:00:00,AVAXUSDT,28.31,62.034077079520685,SHORT,0.4619,0.4,878.6478088982367,0.0,0.0,0.0,878.6478088982367,0.0,0.0,0.0,-24.0,-24.0,1.0,-24.0,True,True
2024-10-12 04:00:00,28.32,28.55,28.13,28.17,209778.67,0.0001,49,-20.0,0.0,trending,,885.0209471296271,-1.9745294809097271,-0.02547051909027287,False,,885.0209471296271,-1.9745294809097271,trending,0.0,0.3524,2.0,AVAXUSDT,2024-10-12 04:00:00,,,,,0.619,0.2667,878.6478088982367,0.0,0.0,0.0,878.6478088982367,0.0,0.0,0.0,-24.0,-24.0,1.0,-24.0,True,False
2024-10-12 08:00:00,28.17,28.59,28.1,28.56,200186.31,0.0001,49,-20.0,0.0,trending,,860.8276570686141,-2.058127694716823,0.058127694716823,False,,860.8276570686141,-2.058127694716823,trending,0.0,0.4905,3.0,AVAXUSDT,2024-10-12 08:00:00,,,,,0.7095,0.219,878.6478088982367,0.0,0.0,0.0,878.6478088982367,0.0,0.0,0.0,-24.0,-24.0,1.0,-24.0,True,False
2024-10-12 12:00:00,28.56,29.37,28.5,29.09,463886.17,0.0001,49,-20.0,0.0,trending,,827.9495962164681,-2.1795666191392766,0.17956661913927663,False,,827.9495962164681,-2.1795666191392766,trending,0.0,0.681,4.0,AVAXUSDT,2024-10-12 12:00:00,,,,,0.8143,0.1333,878.6478088982367,0.0,0.0,0.0,878.6478088982367,0.0,0.0,0.0,-24.0,-24.0,1.0,-24.0,True,False
2024-10-12 16:00:00,29.09,29.26,28.86,28.97,256130.21,0.0001,49,-20.0,0.0,trending,,835.3936854660105,-2.1512338963769118,0.15123389637691176,False,,835.3936854660105,-2.1512338963769118,trending,0.0,0.8238,5.0,AVAXUSDT,2024-10-12 16:00:00,,,,,0.881,0.0571,878.6478088982367,0.0,0.0,0.0,878.6478088982367,0.0,0.0,0.0,-24.0,-24.0,1.0,-24.0,True,False
2024-10-12 20:00:00,28.97,28.99,28.53,28.64,258754.01,0.0001,49,-20.0,0.0,trending,,855.8649309022524,-2.0758602244451385,0.07586022444513851,False,,855.8649309022524,-2.0758602244451385,trending,0.0,0.8238,6.0,AVAXUSDT,2024-10-12 20:00:00,,,,,0.881,0.0571,878.6478088982367,0.0,0.0,0.0,878.6478088982367,0.0,0.0,0.0,-24.0,-24.0,1.0,-24.0,True,False
2024-10-13 00:00:00,28.63,29.03,28.42,28.8,278007.49,0.0001,50,-20.0,0.0,trending,,845.939478569529,-2.111949454009734,0.11194945400973388,False,,845.939478569529,-2.111949454009734,trending,0.0,0.8429,7.0,AVAXUSDT,2024-10-13 00:00:00,,,,,0.9,0.0571,878.6478088982367,0.0,0.0,0.0,878.6478088982367,0.0,0.0,0.0,-24.0,-24.0,1.0,-24.0,True,False
2024-10-13 04:00:00,28.8,29.13,28.8,29.04,123738.21,0.0001,50,-20.0,0.0,trending,,831.0513000704441,-2.1676996332676204,0.16769963326762038,False,,831.0513000704441,-2.1676996332676204,trending,0.0,0.919,8.0,AVAXUSDT,2024-10-13 04:00:00,,,,,0.9381,0.019,878.6478088982367,0.0,0.0,0.0,878.6478088982367,0.0,0.0,0.0,-24.0,-24.0,1.0,-24.0,True,False
2024-10-13 08:00:00,29.04,29.36,28.9,29.0,239019.49,0.0001,50,-20.0,0.0,trending,,833.532663153625,-2.1582696333695273,0.15826963336952726,False,,833.532663153625,-2.1582696333695273,trending,0.0,0.8762,9.0,AVAXUSDT,2024-10-13 08:00:00,,,,,0.9333,0.0571,878.6478088982367,0.0,0.0,0.0,878.6478088982367,0.0,0.0,0.0,-24.0,-24.0,1.0,-24.0,True,False
2024-10-13 12:00:00,29.0,29.26,28.39,28.47,447590.41,0.0001,50,-12.966258225856604,0.0,trending,,866.410724005771,-2.0384214155250806,0.7417955929394202,True,True,865.7673810060282,-1.2975893321432472,trending,7.033741774143396,0.5905,10.0,AVAXUSDT,2024-10-13 12:00:00,AVAXUSDT,28.47,22.574627915101274,REDUCE_SHORT,0.8,0.2095,878.6478088982367,0.0,0.0,0.0,878.6478088982367,0.0,0.0,0.0,-12.966258225856604,-12.966258225856604,1.0,-12.966258225856604,True,True
2024-10-13 16:00:00,28.46,28.84,28.3,28.62,231560.28,0.0001,50,-14.828191514236067,0.0,trending,,859.8484636313651,-1.3134051903939328,-0.16941396102967388,False,,859.8484636313651,-1.3134051903939328,trending,-1.861933288379463,0.3952,11.0,AVAXUSDT,2024-10-13 16:00:00,,,,,0.7381,0.3429,878.6478088982367,0.0,0.0,0.0,878.6478088982367,0.0,0.0,0.0,-14.828191514236067,-14.828191514236067,1.0,-14.828191514236067,True,False
2024-10-13 20:00:00,28.63,29.27,28.42,29.06,285297.62,0.0001,50,-20.0,0.0,trending,,842.4863059990207,-1.361080393298833,-0.6389196067011671,True,True,841.9480249797407,-2.001278656171901,trending,-5.171808485763933,0.3524,12.0,AVAXUSDT,2024-10-13 20:00:00,AVAXUSDT,29.06,18.52309082174857,SHORT,0.781,0.4286,878.6478088982367,0.0,0.0,0.0,878.6478088982367,0.0,0.0,0.0,-22.224145150995636,-22.224145150995636,1.0,-22.224145150995636,True,True
2024-10-14 00:00:00,29.05,29.8,28.65,29.74,323222.1,0.0001,48,-20.0,0.0,trending,,802.5198977891466,-2.1487326905403448,0.14873269054034477,False,,802.5198977891466,-2.1487326905403448,trending,0.0,0.2143,13.0,AVAXUSDT,2024-10-14 00:00:00,,,,,0.7381,0.5238,878.6478088982367,0.0,0.0,0.0,878.6478088982367,0.0,0.0,0.0,-24.0,-24.0,1.0,-24.0,True,False
2024-10-14 04:00:00,29.73,29.87,29.29,29.5,304190.19,0.0001,48,-20.0,0.0,trending,,816.4357073858268,-2.09506384166956,0.09506384166955995,False,,816.4357073858268,-2.09506384166956,trending,0.0,0.0857,14.0,AVAXUSDT,2024-10-14 04:00:00,,,,,0.6952,0.6095,878.6478088982367,0.0,0.0,0.0,878.6478088982367,0.0,0.0,0.0,-24.0,-24.0,1.0,-24.0,True,False
2024-10-14 08:00:00,29.5,29.57,29.04,29.36,389444.09,0.0001,48,0.0,0.0,unknown,,824.5532629838904,-2.064593581054268,2.064593581054268,True,True,822.8491915384511,0.0,unknown,20.0,0.0476,1.0,AVAXUSDT,2024-10-14 08:00:00,AVAXUSDT,29.36,-57.98253998616798,CLOSE,0.6762,0.6286,878.6478088982367,0.0,0.0,0.0,878.6478088982367,0.0,0.0,0.0,,,,,True,True
2024-10-14 12:00:00,29.36,29.75,29.07,29.55,466158.98,0.0001,48,-20.0,0.0,trending,,822.8491915384511,0.0,-2.0,True,True,821.2034931553744,-2.0040080160320635,trending,-20.0,0.0571,1.0,AVAXUSDT,2024-10-14 12:00:00,AVAXUSDT,29.55,55.69199265911683,SHORT,0.6857,0.6286,878.6478088982367,0.0,0.0,0.0,878.6478088982367,0.0,0.0,0.0,-20.780148341482647,-20.780148341482647,1.0,-20.780148341482647,True,True
2024-10-14 16:00:00,29.56,29.61,29.0,29.12,295831.33,4.341e-05,48,0.0,0.0,unknown,,845.1510499987946,-1.9188887314708951,1.9188887314708951,True,True,843.5276757983606,0.0,unknown,20.0,0.0429,1.0,AVAXUSDT,2024-10-14 16:00:00,AVAXUSDT,29.12,-55.69199265911683,CLOSE,0.681,0.6381,878.6478088982367,0.0,0.0,0.0,878.6478088982367,0.0,0.0,0.0,,,,,True,True
2024-10-14 20:00:00,29.12,29.43,28.95,29.07,228723.72,4.341e-05,48,-8.666346777301777,0.0,trending,,843.5276757983606,0.0,-0.8666346777301778,True,True,842.7966454628886,-0.8673863848502801,trending,-8.666346777301777,0.2476,1.0,AVAXUSDT,2024-10-14 20:00:00,AVAXUSDT,29.07,25.14724236229784,SHORT,0.7429,0.4952,878.6478088982367,0.0,0.0,0.0,878.6478088982367,0.0,0.0,0.0,-8.666346777301777,-8.666346777301777,1.0,-8.666346777301777,True,True
2024-10-15 00:00:00,29.07,29.11,28.66,28.72,262459.37,-7.493e-05,65,-1.345976640615386,0.0,trending,,851.5981802896928,-0.8480863596954956,0.713488695633957,True,True,850.9899664009449,-0.13469386280877113,trending,7.320370136686392,0.1857,2.0,AVAXUSDT,2024-10-15 00:00:00,AVAXUSDT,28.72,21.156186450527308,REDUCE_SHORT,0.7095,0.5238,878.6478088982367,0.0,0.0,0.0,878.6478088982367,0.0,0.0,0.0,-1.345976640615386,-1.345976640615386,1.0,-1.345976640615386,True,True
2024-10-15 04:00:00,28.72,28.92,28.45,28.78,193613.07,-7.493e-05,65,-2.3339945871141814,0.0,trending,,850.7505030462387,-0.1350132485722586,-0.09838621013915955,False,,850.7505030462387,-0.1350132485722586,trending,-0.9880179464987955,0.1524,3.0,AVAXUSDT,2024-10-15 04:00:00,,,,,0.6857,0.5333,878.6478088982367,0.0,0.0,0.0,878.6478088982367,0.0,0.0,0.0,-2.3339945871141814,-2.3339945871141814,1.0,-2.3339945871141814,True,False
2024-10-15 08:00:00,28.78,29.46,28.33,28.49,419181.8,7.248e-05,65,0.0,0.0,unknown,,851.9079092606521,-0.1334712140717464,0.1334712140717464,False,,851.9079092606521,-0.1334712140717464,unknown,2.3339945871141814,0.0048,1.0,AVAXUSDT,2024-10-15 08:00:00,,,,,0.5571,0.5619,878.6478088982367,0.0,0.0,0.0,878.6478088982367,0.0,0.0,0.0,,,,,True,False
2024-10-15 12:00:00,28.49,29.62,27.45,28.11,1175291.98,7.248e-05,65,9.229788308077898,0.0,mean_reversion,,853.424510507125,-0.13145694821115989,1.0544357790189498,True,True,852.5245168676719,0.9230292485017515,mean_reversion,9.229788308077898,0.0571,1.0,AVAXUSDT,2024-10-15 12:00:00,AVAXUSDT,28.11,28.02179853755164,LONG,0.5143,0.5714,878.6478088982367,0.0,0.0,0.0,878.6478088982367,0.0,0.0,0.0,9.229788308077898,9.229788308077898,1.0,9.229788308077898,True,True
2024-10-15 16:00:00,28.13,28.62,28.03,28.22,382721.12,-9.021e-05,65,0.0,0.0,unknown,,855.6038323089634,0.9233062659888948,-0.9233062659888948,True,True,854.8138479293884,0.0,unknown,-9.229788308077898,0.0429,1.0,AVAXUSDT,2024-10-15 16:00:00,AVAXUSDT,28.22,27.993776739014088,CLOSE,0.4905,0.5333,878.6478088982367,0.0,0.0,0.0,878.6478088982367,0.0,0.0,0.0,,,,,True,True
2024-10-15 20:00:00,28.22,28.42,27.74,28.21,373501.0,-9.021e-05,65,0.0,0.0,unknown,,854.8138479293884,0.0,0.0,,,854.8138479293884,0.0,unknown,0.0,0.0381,2.0,,,,,,,0.4762,0.4381,878.6478088982367,0.0,0.0,0.0,878.6478088982367,0.0,0.0,0.0,,,,,,
2024-10-16 00:00:00,28.21,28.22,27.65,27.66,238278.03,-0.00011908,73,14.760530473037033,0.0,mean_reversion,,854.8138479293884,0.0,1.4760530473037032,True,True,853.5520973442749,1.4767567655803608,mean_reversion,14.760530473037033,0.181,1.0,AVAXUSDT,2024-10-16 00:00:00,AVAXUSDT,27.66,45.61643474741786,LONG,0.3619,0.5429,878.6478088982367,0.0,0.0,0.0,878.6478088982367,0.0,0.0,0.0,14.760530473037033,14.760530473037033,1.0,14.760530473037033,True,True
2024-10-16 04:00:00,27.67,27.84,27.25,27.34,609152.81,-0.00011908,73,18.61768265427979,0.0,mean_reversion,,838.9694354842202,1.4850435784342033,0.3767246869937757,True,True,838.6533749862401,1.862093037157562,mean_reversion,3.857152181242757,0.0524,2.0,AVAXUSDT,2024-10-16 04:00:00,AVAXUSDT,27.34,11.560369348212785,LONG,0.3952,0.4476,878.6478088982367,0.0,0.0,0.0,878.6478088982367,0.0,0.0,0.0,18.61768265427979,18.61768265427979,1.0,18.61768265427979,True,True
2024-10-16 08:00:00,27.33,28.03,27.28,27.88,338218.13,-0.00011908,73,7.684075955231602,0.0,mean_reversion,,869.497973723669,1.8315111213750794,-1.0631035258519193,True,True,868.5736073620822,0.7692253617173764,mean_reversion,-10.933606699048187,0.2286,3.0,AVAXUSDT,2024-10-16 08:00:00,AVAXUSDT,27.88,33.15517796222138,REDUCE_LONG,0.3238,0.5524,878.6478088982367,0.0,0.0,0.0,878.6478088982367,0.0,0.0,0.0,7.684075955231602,7.684075955231602,1.0,7.684075955231602,True,True
2024-10-16 12:00:00,27.88,28.17,27.4,27.48,403159.65,-0.0001177,73,13.215593140061637,0.0,mean_reversion,,858.9878276303567,0.7666500576454336,0.5549092563607301,True,True,858.5111673337033,1.3217378493168712,mean_reversion,5.531517184830035,0.1762,4.0,AVAXUSDT,2024-10-16 12:00:00,AVAXUSDT,27.48,17.345716763219805,LONG,0.3762,0.5524,878.6478088982367,0.0,0.0,0.0,878.6478088982367,0.0,0.0,0.0,13.215593140061637,13.215593140061637,1.0,13.215593140061637,True,True
2024-10-16 16:00:00,27.48,27.82,27.32,27.62,196185.27,-3.102e-05,73,9.667121888931035,0.0,trending,,864.2921621863113,1.319585839924486,-0.35287365103138246,True,True,863.9871762554828,0.9670534365700082,trending,-3.548471251130602,0.0857,1.0,AVAXUSDT,2024-10-16 16:00:00,AVAXUSDT,27.62,11.042213281263265,REDUCE_LONG,0.4857,0.4,878.6478088982367,0.0,0.0,0.0,878.6478088982367,0.0,0.0,0.0,9.667121888931035,9.667121888931035,1.0,9.667121888931035,True,True
2024-10-16 20:00:00,27.62,28.19,27.6,28.02,167745.06,-3.102e-05,73,0.0,0.0,unknown,,876.0874190932855,0.96750848410235,-0.96750848410235,True,True,875.2397970824975,0.0,unknown,-9.667121888931035,0.0048,1.0,AVAXUSDT,2024-10-16 20:00:00,AVAXUSDT,28.02,30.250607094506954,CLOSE,0.4143,0.419,878.6478088982367,0.0,0.0,0.0,878.6478088982367,0.0,0.0,0.0,,,,,True,True
2024-10-17 00:00:00,28.03,28.27,27.94,28.06,115104.71,4.453e-05,71,1.4801450328228707,0.0,trending,,875.2397970824975,0.0,0.14801450328228707,False,,875.2397970824975,0.0,trending,1.4801450328228707,0.1333,1.0,AVAXUSDT,2024-10-17 00:00:00,,,,,0.4476,0.3143,878.6478088982367,0.0,0.0,0.0,878.6478088982367,0.0,0.0,0.0,1.4801450328228707,1.4801450328228707,1.0,1.4801450328228707,True,False
2024-10-17 04:00:00,28.06,28.07,27.38,27.57,277657.67,4.453e-05,71,9.615663177840885,0.0,trending,,875.2397970824975,0.0,0.9615663177840885,True,True,874.3981959736387,0.9615293256794395,trending,8.135518145018015,0.1381,2.0,AVAXUSDT,2024-10-17 04:00:00,AVAXUSDT,27.57,30.525974205974244,LONG,0.481,0.3429,878.6478088982367,0.0,0.0,0.0,878.6478088982367,0.0,0.0,0.0,9.615663177840885,9.615663177840885,1.0,9.615663177840885,True,True
2024-10-17 08:00:00,27.57,27.84,27.18,27.27,262612.92,5.767e-05,71,14.245753778615004,0.0,mean_reversion,,865.2495615041082,0.9611225596401208,0.4634528182213796,True,True,864.8485591563642,1.4247722397531164,mean_reversion,4.630090600774119,0.119,1.0,AVAXUSDT,2024-10-17 08:00:00,AVAXUSDT,27.27,14.704889906266663,LONG,0.4333,0.5524,878.6478088982367,0.0,0.0,0.0,878.6478088982367,0.0,0.0,0.0,14.245753778615004,14.245753778615004,1.0,14.245753778615004,True,True
2024-10-17 12:00:00,27.27,27.88,27.19,27.75,241018.68,5.767e-05,71,4.47355837999821,0.0,mean_reversion,,886.5376631154661,1.4143802060581576,-0.9670243680583366,True,True,885.680359592032,0.44778886073990154,mean_reversion,-9.772195398616795,0.3095,2.0,AVAXUSDT,2024-10-17 12:00:00,AVAXUSDT,27.75,30.893820664293628,REDUCE_LONG,0.3286,0.6381,878.6478088982367,0.0,0.0,0.0,878.6478088982367,0.0,0.0,0.0,4.47355837999821,4.47355837999821,1.0,4.47355837999821,True,True
2024-10-17 16:00:00,27.75,27.78,26.82,27.16,329562.45,5.767e-05,71,13.839202911211935,0.0,mean_reversion,,877.2481901675694,0.4424809696134151,0.9414393215077783,True,True,876.4223142266239,1.3842820693718507,mean_reversion,9.365644531213725,0.2095,3.0,AVAXUSDT,2024-10-17 16:00:00,AVAXUSDT,27.16,30.40780342213855,LONG,0.381,0.5905,878.6478088982367,0.0,0.0,0.0,878.6478088982367,0.0,0.0,0.0,13.839202911211935,13.839202911211935,1.0,13.839202911211935,True,True
2024-10-17 20:00:00,27.16,27.4,27.06,27.31,95834.46,4.914e-05,71,10.243489313468842,0.0,mean_reversion,,883.1226954570066,1.3813664650305317,-0.3570175336836474,True,True,882.8074051703345,1.0247147724876868,mean_reversion,-3.5957135977430923,0.081,4.0,AVAXUSDT,2024-10-17 20:00:00,AVAXUSDT,27.31,11.544865861300451,REDUCE_LONG,0.4524,0.5333,878.6478088982367,0.0,0.0,0.0,878.6478088982367,0.0,0.0,0.0,10.243489313468842,10.243489313468842,1.0,10.243489313468842,True,True
2024-10-18 00:00:00,27.31,27.76,27.1,27.42,158430.49,4.914e-05,73,7.348723562297304,0.0,mean_reversion,,886.4510828278721,1.0246131846323965,-0.289740828402666,True,True,886.1942417567952,0.7350853404652234,mean_reversion,-2.894765751171538,0.119,5.0,AVAXUSDT,2024-10-18 00:00:00,AVAXUSDT,27.42,9.366924546936104,REDUCE_LONG,0.4714,0.5905,878.6478088982367,0.0,0.0,0.0,878.6478088982367,0.0,0.0,0.0,7.348723562297304,7.348723562297304,1.0,7.348723562297304,True,True
2024-10-18 04:00:00,27.43,27.8,27.37,27.7,138820.84,2.244e-05,73,1.854043891095864,0.0,trending,,892.8463187392033,0.7370590650267831,-0.5516546759171967,True,True,892.3537758925954,0.1855067247617153,trending,-5.494679671201441,0.7762,1.0,AVAXUSDT,2024-10-18 04:00:00,AVAXUSDT,27.7,17.78133020245261,REDUCE_LONG,0.7762,0.0,878.6478088982367,0.0,0.0,0.0,878.6478088982367,0.0,0.0,0.0,1.854043891095864,1.854043891095864,1.0,1.854043891095864,True,True
2024-10-18 08:00:00,27.69,27.73,27.43,27.46,131307.12,2.244e-05,73,5.870430218875709,0.0,trending,,890.9195148705485,0.18419549974318672,0.40284752214438424,True,True,890.5606101515527,0.5868765961479894,trending,4.016386327779845,0.781,2.0,AVAXUSDT,2024-10-18 08:00:00,AVAXUSDT,27.46,13.070091733273028,LONG,0.781,0.0,878.6478088982367,0.0,0.0,0.0,878.6478088982367,0.0,0.0,0.0,5.870430218875709,5.870430218875709,1.0,5.870430218875709,True,True
2024-10-18 12:00:00,27.46,27.87,27.33,27.8,169016.31,4.322e-05,73,-0.5999596417019832,0.0,trending,,897.0318672909095,0.589856900275519,-0.6498528644457173,True,True,896.4489285624516,-0.06003497807266578,trending,-6.470389860577693,0.719,3.0,AVAXUSDT,2024-10-18 12:00:00,AVAXUSDT,27.8,1.935909775881709,SHORT,0.7571,0.0381,878.6478088982367,0.0,0.0,0.0,878.6478088982367,0.0,0.0,0.0,-0.5999596417019832,-0.5999596417019832,1.0,-0.5999596417019832,True,True
2024-10-18 16:00:00,27.8,28.17,27.61,27.87,204432.98,1.327e-05,73,-1.829155460855147,0.0,trending,,896.3134148781398,-0.06019524483091512,-0.12272030125459957,False,,896.3134148781398,-0.06019524483091512,trending,-1.2291958191531638,0.6381,4.0,AVAXUSDT,2024-10-18 16:00:00,,,,,0.7048,0.0667,878.6478088982367,0.0,0.0,0.0,878.6478088982367,0.0,0.0,0.0,-1.829155460855147,-1.829155460855147,1.0,-1.829155460855147,True,False
2024-10-18 20:00:00,27.87,28.12,27.79,28.1,92681.74,1.327e-05,73,-6.731894828027238,0.0,trending,,895.868155629687,-0.060722176986009804,-0.612467305816714,True,True,895.3194656740415,-0.6736020420305988,trending,-4.902739367172091,0.4714,5.0,AVAXUSDT,2024-10-18 20:00:00,AVAXUSDT,28.1,19.5263329411211,SHORT,0.6333,0.1619,878.6478088982367,0.0,0.0,0.0,878.6478088982367,0.0,0.0,0.0,-6.731894828027238,-6.731894828027238,1.0,-6.731894828027238,True,True
2024-10-19 00:00:00,28.1,28.46,28.03,28.26,159794.4,8.096e-05,72,-9.571649991050542,0.0,trending,,891.885506839321,-0.6800457844997457,-0.2771192146053084,True,True,891.6383482281477,-0.9574303214437722,trending,-2.8397551630233036,0.4619,6.0,AVAXUSDT,2024-10-19 00:00:00,AVAXUSDT,28.26,8.74588149940446,SHORT,0.5762,0.1143,878.6478088982367,0.0,0.0,0.0,878.6478088982367,0.0,0.0,0.0,-9.571649991050542,-9.571649991050542,1.0,-9.571649991050542,True,True
2024-10-19 04:00:00,28.27,28.33,28.04,28.06,92467.65,8.096e-05,72,-4.572947417559581,0.0,trending,,897.6799730714292,-0.9442562950493054,0.48696155329334734,True,True,897.2423998641748,-0.4575177583307889,trending,4.998702573490961,0.4429,7.0,AVAXUSDT,2024-10-19 04:00:00,AVAXUSDT,28.06,15.578604206956287,REDUCE_SHORT,0.5571,0.1143,878.6478088982367,0.0,0.0,0.0,878.6478088982367,0.0,0.0,0.0,-4.572947417559581,-4.572947417559581,1.0,-4.572947417559581,True,True
2024-10-19 08:00:00,28.06,28.18,27.72,27.72,101849.31,7.822e-05,72,3.36732104391663,0.0,trending,,902.216436667388,-0.4494822729675944,0.7862143773592574,True,True,901.5066951971595,0.33666021085960496,trending,7.940268461476211,0.5524,8.0,AVAXUSDT,2024-10-19 08:00:00,AVAXUSDT,27.72,10.959784968822406,LONG,0.581,0.0286,878.6478088982367,0.0,0.0,0.0,878.6478088982367,0.0,0.0,0.0,3.36732104391663,3.36732104391663,1.0,3.36732104391663,True,True
2024-10-19 12:00:00,27.72,28.25,27.71,28.12,105873.08,7.822e-05,72,-5.858700161559454,0.0,trending,,905.886225270701,0.3398671439980892,-0.9257371601540345,True,True,905.0476127290963,-0.5864128803504788,trending,-9.226021205476084,0.4524,9.0,AVAXUSDT,2024-10-19 12:00:00,AVAXUSDT,28.12,18.87381143082482,SHORT,0.5095,0.0571,878.6478088982367,0.0,0.0,0.0,878.6478088982367,0.0,0.0,0.0,-5.858700161559454,-5.858700161559454,1.0,-5.858700161559454,True,True
2024-10-19 16:00:00,28.12,28.14,27.88,27.91,72426.02,5.845e-05,72,-0.6473589718330952,0.0,trending,,909.0111131295695,-0.579495750300289,0.5147598531169795,True,True,908.5427223116754,-0.06476927117782195,trending,5.211341189726358,0.4048,10.0,AVAXUSDT,2024-10-19 16:00:00,AVAXUSDT,27.91,16.765404051461097,REDUCE_SHORT,0.481,0.0762,878.6478088982367,0.0,0.0,0.0,878.6478088982367,0.0,0.0,0.0,-0.6473589718330952,-0.6473589718330952,1.0,-0.6473589718330952,True,True
2024-10-19 20:00:00,27.92,28.2,27.9,28.1,56321.51,5.845e-05,72,-5.262840799725429,0.0,trending,,908.1421249095963,-0.06523895955825025,-0.46104512041429263,True,True,907.723430414264,-0.5265268325994801,trending,-4.615481827892333,0.4286,11.0,AVAXUSDT,2024-10-19 20:00:00,AVAXUSDT,28.1,14.90015997623617,SHORT,0.4857,0.0571,878.6478088982367,0.0,0.0,0.0,878.6478088982367,0.0,0.0,0.0,-5.262840799725429,-5.262840799725429,1.0,-5.262840799725429,True,True
2024-10-20 00:00:00,28.1,28.22,27.77,27.82,74100.72,7.942e-05,73,2.100510025157148,0.0,trending,,912.485829273832,-0.5185596626846802,0.728610665200395,True,True,911.8205087147832,0.20999406443162738,trending,7.363350824882577,0.2905,12.0,AVAXUSDT,2024-10-20 00:00:00,AVAXUSDT,27.82,6.889596089876052,LONG,0.4333,0.1429,878.6478088982367,0.0,0.0,0.0,878.6478088982367,0.0,0.0,0.0,2.100510025157148,2.100510025157148,1.0,2.100510025157148,True,True
2024-10-20 04:00:00,27.82,28.05,27.76,27.93,68429.33,7.942e-05,73,-0.8303002703491934,0.0,trending,,912.5776064290997,0.21064947355398755,-0.2936795005889069,True,True,912.3096010933949,-0.08305441841504117,trending,-2.9308102955063413,0.281,13.0,AVAXUSDT,2024-10-20 04:00:00,AVAXUSDT,27.93,2.712901658906915,SHORT,0.4429,0.1619,878.6478088982367,0.0,0.0,0.0,878.6478088982367,0.0,0.0,0.0,-0.8303002703491934,-0.8303002703491934,1.0,-0.8303002703491934,True,True
2024-10-20 08:00:00,27.94,28.18,27.87,28.13,84576.27,6.654e-05,73,-5.837524665012533,0.0,trending,,911.7670207616136,-0.0836989295810516,-0.5000535369202017,True,True,911.3110884380346,-0.5840445200292127,trending,-5.00722439466334,0.2905,14.0,AVAXUSDT,2024-10-20 08:00:00,AVAXUSDT,28.13,16.208045630253817,SHORT,0.4429,0.1524,878.6478088982367,0.0,0.0,0.0,878.6478088982367,0.0,0.0,0.0,-5.837524665012533,-5.837524665012533,1.0,-5.837524665012533,True,True
2024-10-20 12:00:00,28.13,28.46,27.83,28.38,270112.83,6.654e-05,73,-11.711512101664566,0.0,trending,,906.5808516157445,-0.5923095365508335,-0.578841673615623,True,True,906.056084838327,-1.1718295139234889,trending,-5.873987436652032,0.2381,15.0,AVAXUSDT,2024-10-20 12:00:00,AVAXUSDT,28.38,18.490725067552304,SHORT,0.4476,0.2095,878.6478088982367,0.0,0.0,0.0,878.6478088982367,0.0,0.0,0.0,-11.711512101664566,-11.711512101664566,1.0,-11.711512101664566,True,True
2024-10-20 16:00:00,28.39,28.44,28.14,28.3,109348.26,6.826e-05,73,-8.888634904169534,0.0,trending,,909.0490186268642,-1.1646790283039319,0.27581553788697855,True,True,908.7980378020011,-0.889108965960183,trending,2.822877197495032,0.2857,16.0,AVAXUSDT,2024-10-20 16:00:00,AVAXUSDT,28.3,8.859711803469912,REDUCE_SHORT,0.4857,0.2,878.6478088982367,0.0,0.0,0.0,878.6478088982367,0.0,0.0,0.0,-8.888634904169534,-8.888634904169534,1.0,-8.888634904169534,True,True
2024-10-20 20:00:00,28.31,29.0,28.21,28.96,277423.16,6.826e-05,73,-20.0,0.0,trending,,889.9537438368606,-0.9291098367169692,-1.0708901632830308,True,True,889.0007011268087,-2.0021440763968887,trending,-11.111365095830466,0.2571,17.0,AVAXUSDT,2024-10-20 20:00:00,AVAXUSDT,28.96,32.90893335814227,SHORT,0.4952,0.2381,878.6478088982367,0.0,0.0,0.0,878.6478088982367,0.0,0.0,0.0,-24.0,-24.0,1.0,-24.0,True,True
2024-10-21 00:00:00,28.97,29.32,28.6,28.69,302122.07,0.0001,72,-16.228969232979424,0.0,trending,,905.5951424828827,-1.9471317408827387,0.3242348175847962,True,True,905.3012230876589,-1.6234238207217409,trending,3.7710307670205765,0.1429,18.0,AVAXUSDT,2024-10-21 00:00:00,AVAXUSDT,28.69,10.234418815915477,REDUCE_SHORT,0.4571,0.3143,878.6478088982367,0.0,0.0,0.0,878.6478088982367,0.0,0.0,0.0,-16.228969232979424,-16.228969232979424,1.0,-16.228969232979424,True,True
2024-10-21 04:00:00,28.68,29.08,28.59,28.62,186562.99,0.0001,72,-12.580776908745076,0.0,trending,,908.8870763443417,-1.6130735658924704,0.3549958750179629,True,True,908.5641022072455,-1.258524909244266,trending,3.6481923242343477,0.1381,19.0,AVAXUSDT,2024-10-21 04:00:00,AVAXUSDT,28.62,11.273625540159944,REDUCE_SHORT,0.4714,0.3333,878.6478088982367,0.0,0.0,0.0,878.6478088982367,0.0,0.0,0.0,-12.580776908745076,-12.580776908745076,1.0,-12.580776908745076,True,True
2024-10-21 08:00:00,28.63,28.8,28.24,28.25,206242.3,0.0001,72,-1.5684004950404464,0.0,mean_reversion,,923.3466565427102,-1.222366477357033,1.0655264278529883,True,True,922.3618214429944,-0.1570075126212314,mean_reversion,11.01237641370463,0.3143,1.0,AVAXUSDT,2024-10-21 08:00:00,AVAXUSDT,28.25,34.8265580395028,REDUCE_SHORT,0.3333,0.6476,878.6478088982367,0.0,0.0,0.0,878.6478088982367,0.0,0.0,0.0,-1.5684004950404464,-1.5684004950404464,1.0,-1.5684004950404464,True,True
2024-10-21 12:00:00,28.26,28.35,27.6,27.76,428779.54,0.0001,72,11.341864710992462,0.0,mean_reversion,,924.8737042857399,-0.15386517296294755,1.2880516440621936,True,True,923.6822767420841,1.1345137716938831,mean_reversion,12.910265206032909,0.4476,2.0,AVAXUSDT,2024-10-21 12:00:00,AVAXUSDT,27.76,37.78743670303787,LONG,0.2381,0.6857,878.6478088982367,0.0,0.0,0.0,878.6478088982367,0.0,0.0,0.0,11.341864710992462,11.341864710992462,1.0,11.341864710992462,True,True
2024-10-21 16:00:00,27.75,28.01,27.38,27.99,241371.25,0.0001,72,4.147624770720049,0.0,mean_reversion,,932.364696073341,1.1332611449303498,-0.7184986678583449,True,True,931.6947932812542,0.4150606976303326,mean_reversion,-7.194239940272413,0.3619,3.0,AVAXUSDT,2024-10-21 16:00:00,AVAXUSDT,27.99,23.933647448619013,REDUCE_LONG,0.2952,0.6571,878.6478088982367,0.0,0.0,0.0,878.6478088982367,0.0,0.0,0.0,4.147624770720049,4.147624770720049,1.0,4.147624770720049,True,True
2024-10-21 20:00:00,27.99,28.05,27.74,27.75,150129.92,0.0001,72,10.004513189864445,0.0,mean_reversion,,928.3789528450025,0.41297150184922776,0.5874798171372169,True,True,927.833548947551,1.0004515842830968,mean_reversion,5.856888419144396,0.3381,4.0,AVAXUSDT,2024-10-21 20:00:00,AVAXUSDT,27.75,19.65419450275398,LONG,0.2905,0.6286,878.6478088982367,0.0,0.0,0.0,878.6478088982367,0.0,0.0,0.0,10.004513189864445,10.004513189864445,1.0,10.004513189864445,True,True
2024-10-22 00:00:00,27.75,28.15,27.41,28.03,163463.12,6.99e-06,70,1.8299005351552133,0.0,mean_reversion,,937.1997007428217,1.0004470712567477,-0.8174570177412264,True,True,936.4335802704245,0.1831397623995223,mean_reversion,-8.174612654709232,0.2762,5.0,AVAXUSDT,2024-10-22 00:00:00,AVAXUSDT,28.03,27.332160984559287,REDUCE_LONG,0.3143,0.5905,878.6478088982367,0.0,0.0,0.0,878.6478088982367,0.0,0.0,0.0,1.8299005351552133,1.8299005351552133,1.0,1.8299005351552133,True,True
2024-10-22 04:00:00,28.03,28.23,27.89,27.99,112644.69,6.99e-06,70,2.6602371535583442,0.0,mean_reversion,,936.1888450247682,0.18292622162515987,0.08309749373067454,False,,936.1888450247682,0.18292622162515987,mean_reversion,0.8303366184031309,0.3905,6.0,AVAXUSDT,2024-10-22 04:00:00,,,,,0.2381,0.6286,878.6478088982367,0.0,0.0,0.0,878.6478088982367,0.0,0.0,0.0,2.6602371535583442,2.6602371535583442,1.0,2.6602371535583442,True,False
2024-10-22 08:00:00,27.98,28.02,27.24,27.77,303413.77,0.0001,70,7.662108249204481,0.0,mean_reversion,,934.8428011736585,0.18174974881721434,0.5844610761032338,True,True,934.2964219440972,0.7660741043397421,mean_reversion,5.001871095646137,0.4476,7.0,AVAXUSDT,2024-10-22 08:00:00,AVAXUSDT,27.77,19.67516130937407,LONG,0.2095,0.6571,878.6478088982367,0.0,0.0,0.0,878.6478088982367,0.0,0.0,0.0,7.662108249204481,7.662108249204481,1.0,7.662108249204481,True,True
2024-10-22 12:00:00,27.76,27.99,27.42,27.81,419470.18,0.0001,70,5.798150661667155,0.0,mean_reversion,,935.3273766356762,0.7663319466799078,-0.18651688051319226,False,,935.3273766356762,0.7663319466799078,mean_reversion,-1.8639575875373255,0.4429,8.0,AVAXUSDT,2024-10-22 12:00:00,,,,,0.1952,0.6381,878.6478088982367,0.0,0.0,0.0,878.6478088982367,0.0,0.0,0.0,5.798150661667155,5.798150661667155,1.0,5.798150661667155,True,False
2024-10-22 16:00:00,27.81,27.82,27.38,27.66,217465.62,4.547e-05,70,8.8043179211816,0.0,mean_reversion,,931.4612965422552,0.7653620948859978,0.1150696972321621,False,,931.4612965422552,0.7653620948859978,mean_reversion,3.006167259514444,0.4762,9.0,AVAXUSDT,2024-10-22 16:00:00,,,,,0.181,0.6571,878.6478088982367,0.0,0.0,0.0,878.6478088982367,0.0,0.0,0.0,8.8043179211816,8.8043179211816,1.0,8.8043179211816,True,False
2024-10-22 20:00:00,27.67,27.8,27.57,27.64,94915.4,4.547e-05,70,0.0,0.0,unknown,,930.9458191964659,0.7652321726906823,-0.7652321726906823,True,True,930.2334295045848,0.0,unknown,-8.8043179211816,0.0476,1.0,AVAXUSDT,2024-10-22 20:00:00,AVAXUSDT,27.64,25.773867289472456,CLOSE,0.3429,0.3905,878.6478088982367,0.0,0.0,0.0,878.6478088982367,0.0,0.0,0.0,,,,,True,True
2024-10-23 00:00:00,27.65,27.71,27.14,27.34,158177.39,9.935e-05,71,0.0,0.0,unknown,,930.2334295045848,0.0,0.0,,,930.2334295045848,0.0,unknown,0.0,0.0095,2.0,,,,,,,0.419,0.4095,878.6478088982367,0.0,0.0,0.0,878.6478088982367,0.0,0.0,0.0,,,,,,
2024-10-23 04:00:00,27.35,27.47,27.04,27.07,155889.21,9.935e-05,71,19.466819338331987,0.0,trending,,930.2334295045848,0.0,1.9466819338331987,True,True,928.4225608931206,1.9485284169662342,trending,19.466819338331987,0.0524,1.0,AVAXUSDT,2024-10-23 04:00:00,AVAXUSDT,27.07,66.8957743429728,LONG,0.4714,0.419,878.6478088982367,0.0,0.0,0.0,878.6478088982367,0.0,0.0,0.0,19.466819338331987,19.466819338331987,1.0,19.466819338331987,True,True
2024-10-23 08:00:00,27.08,27.22,26.56,26.64,370199.14,-3.332e-05,71,20.0,0.0,mean_reversion,,899.6861431086099,1.978824880993392,0.021175119006608067,False,,899.6861431086099,1.978824880993392,mean_reversion,0.5331806616680126,0.1571,1.0,AVAXUSDT,2024-10-23 08:00:00,,,,,0.4333,0.5905,878.6478088982367,0.0,0.0,0.0,878.6478088982367,0.0,0.0,0.0,24.0,24.0,1.0,24.0,True,False
2024-10-23 12:00:00,26.64,26.91,26.34,26.51,290818.26,-3.332e-05,71,20.0,0.0,mean_reversion,,890.9983888946881,1.988368994754463,0.011631005245537063,False,,890.9983888946881,1.988368994754463,mean_reversion,0.0,0.0952,2.0,AVAXUSDT,2024-10-23 12:00:00,,,,,0.5048,0.6,878.6478088982367,0.0,0.0,0.0,878.6478088982367,0.0,0.0,0.0,24.0,24.0,1.0,24.0,True,False
2024-10-23 16:00:00,26.51,26.59,25.89,26.58,591944.74,-0.00014626,71,20.0,0.0,trending,,895.676410394492,1.9832068498620183,0.01679315013798166,False,,895.676410394492,1.9832068498620183,trending,0.0,0.0667,1.0,AVAXUSDT,2024-10-23 16:00:00,,,,,0.581,0.5143,878.6478088982367,0.0,0.0,0.0,878.6478088982367,0.0,0.0,0.0,21.886746999018513,21.886746999018513,1.0,21.886746999018513,True,False
2024-10-23 20:00:00,26.59,26.81,26.49,26.75,130960.16,-0.00014626,71,16.602555315457224,0.0,mean_reversion,,907.0373197511592,1.9708918947252207,-0.3106363631794984,True,True,906.7555609768835,1.6607714275420467,mean_reversion,-3.3974446845427764,0.1048,1.0,AVAXUSDT,2024-10-23 20:00:00,AVAXUSDT,26.75,10.533038290675883,REDUCE_LONG,0.5238,0.6286,878.6478088982367,0.0,0.0,0.0,878.6478088982367,0.0,0.0,0.0,16.602555315457224,16.602555315457224,1.0,16.602555315457224,True,True
2024-10-24 00:00:00,26.75,27.23,26.6,27.0,283474.85,1.35e-06,69,9.208847675965675,0.0,mean_reversion,,920.8295210463721,1.6506721958452628,-0.7297874282486954,True,True,920.1575112383522,0.9215573085347468,mean_reversion,-7.393707639491549,0.1714,2.0,AVAXUSDT,2024-10-24 00:00:00,AVAXUSDT,27.0,24.889252148885546,REDUCE_LONG,0.4857,0.6571,878.6478088982367,0.0,0.0,0.0,878.6478088982367,0.0,0.0,0.0,9.208847675965675,9.208847675965675,1.0,9.208847675965675,True,True
2024-10-24 04:00:00,26.99,27.19,26.84,26.84,141265.71,1.35e-06,69,12.249254149024264,0.0,mean_reversion,,915.1324571377013,0.9211265744204237,0.3037988404820028,True,True,914.8544409583353,1.2249937677481841,mean_reversion,3.0404064730585887,0.2,3.0,AVAXUSDT,2024-10-24 04:00:00,AVAXUSDT,26.84,10.358277919742168,LONG,0.4762,0.6762,878.6478088982367,0.0,0.0,0.0,878.6478088982367,0.0,0.0,0.0,12.249254149024264,12.249254149024264,1.0,12.249254149024264,True,True
2024-10-24 08:00:00,26.84,26.93,26.38,26.59,343249.8,3.859e-05,69,16.939674734447095,0.0,mean_reversion,,904.4158140156126,1.2275906108921943,0.4663768625525151,True,True,903.9940154058289,1.694291274831163,mean_reversion,4.690420585422832,0.2333,4.0,AVAXUSDT,2024-10-24 08:00:00,AVAXUSDT,26.59,15.863054147554735,LONG,0.481,0.7143,878.6478088982367,0.0,0.0,0.0,878.6478088982367,0.0,0.0,0.0,16.939674734447095,16.939674734447095,1.0,16.939674734447095,True,True
2024-10-24 12:00:00,26.59,26.93,26.54,26.8,265127.52,3.859e-05,69,0.0,0.0,unknown,,916.0903721673316,1.6851236258612399,-1.6851236258612399,True,True,914.5466466377683,0.0,unknown,-16.939674734447095,0.0143,1.0,AVAXUSDT,2024-10-24 12:00:00,AVAXUSDT,26.8,57.601698864298,CLOSE,0.5667,0.581,878.6478088982367,0.0,0.0,0.0,878.6478088982367,0.0,0.0,0.0,,,,,True,True
2024-10-24 16:00:00,26.81,27.06,26.67,27.05,118162.39,0.0001,69,3.971576162170534,0.0,trending,,914.5466466377683,0.0,0.3971576162170534,True,True,914.1834274716704,0.39691809764633107,trending,3.971576162170534,0.4,1.0,AVAXUSDT,2024-10-24 16:00:00,AVAXUSDT,27.05,13.427695604360665,LONG,0.6952,0.2952,878.6478088982367,0.0,0.0,0.0,878.6478088982367,0.0,0.0,0.0,3.971576162170534,3.971576162170534,1.0,3.971576162170534,True,True
2024-10-24 20:00:00,27.05,27.24,26.79,26.83,172684.93,0.0001,69,8.98212330164179,0.0,trending,,911.232288531744,0.3949649420038016,0.5032473881603774,True,True,910.773713262533,0.8981610799936727,trending,5.010547139471257,0.4714,2.0,AVAXUSDT,2024-10-24 20:00:00,AVAXUSDT,26.83,17.09188480100647,LONG,0.7476,0.2762,878.6478088982367,0.0,0.0,0.0,878.6478088982367,0.0,0.0,0.0,8.98212330164179,8.98212330164179,1.0,8.98212330164179,True,True
2024-10-25 00:00:00,26.84,26.89,26.39,26.56,144929.88,0.0001,72,14.800002117301725,0.0,trending,,902.5416668397933,0.8972322112799775,0.582768000450195,True,True,902.0156944372862,1.4802801036058066,trending,5.817878815659935,0.4762,3.0,AVAXUSDT,2024-10-25 00:00:00,AVAXUSDT,26.56,19.80317780524143,LONG,0.7619,0.2857,878.6478088982367,0.0,0.0,0.0,878.6478088982367,0.0,0.0,0.0,14.800002117301725,14.800002117301725,1.0,14.800002117301725,True,True
2024-10-25 04:00:00,26.57,26.6,26.05,26.24,164867.17,0.0001,72,20.0,0.0,trending,,885.9285150925188,1.4890012950234046,0.5109987049765954,True,True,885.4758067686047,2.000511259958153,trending,5.199997882698275,0.4905,4.0,AVAXUSDT,2024-10-25 04:00:00,AVAXUSDT,26.24,17.252603807702563,LONG,0.7952,0.3048,878.6478088982367,0.0,0.0,0.0,878.6478088982367,0.0,0.0,0.0,20.673217721001713,20.673217721001713,1.0,20.673217721001713,True,True
2024-10-25 08:00:00,26.25,26.59,26.05,26.56,142755.65,-0.00011919,72,11.328287520558067,0.0,trending,,907.0782984986184,1.9766836187778867,-0.84385486672208,True,True,906.3128560619323,1.1337855024698849,trending,-8.671712479441933,0.4238,5.0,AVAXUSDT,2024-10-25 08:00:00,AVAXUSDT,26.56,28.819368851131127,REDUCE_LONG,0.7476,0.3238,878.6478088982367,0.0,0.0,0.0,878.6478088982367,0.0,0.0,0.0,11.328287520558067,11.328287520558067,1.0,11.328287520558067,True,True
2024-10-25 12:00:00,26.55,26.77,26.07,26.15,260027.11,-0.00011919,72,19.477198521848088,0.0,trending,,890.4506047618161,1.1361687219872183,0.8115511301975904,True,True,889.7279585671364,1.9484895999916627,trending,8.14891100129002,0.2381,6.0,AVAXUSDT,2024-10-25 12:00:00,AVAXUSDT,26.15,27.63465371623632,LONG,0.6857,0.4476,878.6478088982367,0.0,0.0,0.0,878.6478088982367,0.0,0.0,0.0,19.477198521848088,19.477198521848088,1.0,19.477198521848088,True,True
2024-10-25 16:00:00,26.15,26.27,25.44,25.9,477285.28,-9.47e-06,72,20.0,0.0,trending,,873.1540993502159,1.9664934473201854,0.033506552679814616,False,,873.1540993502159,1.9664934473201854,trending,0.5228014781519121,0.4048,7.0,AVAXUSDT,2024-10-25 16:00:00,,,,,0.7476,0.3429,878.6478088982367,0.0,0.0,0.0,878.6478088982367,0.0,0.0,0.0,23.35379414696879,23.35379414696879,1.0,23.35379414696879,True,False
2024-10-25 20:00:00,25.9,26.09,24.01,24.93,908770.28,-9.47e-06,72,20.0,0.0,mean_reversion,,808.8475255885647,2.0433334946641177,-0.04333349466411773,False,,808.8475255885647,2.0433334946641177,mean_reversion,0.0,0.2429,1.0,AVAXUSDT,2024-10-25 20:00:00,,,,,0.5571,0.8,878.6478088982367,0.0,0.0,0.0,878.6478088982367,0.0,0.0,0.0,24.0,24.0,1.0,24.0,True,False
2024-10-26 00:00:00,24.94,25.37,24.56,25.29,425192.84,-0.00017851,72,20.0,0.0,mean_reversion,,832.7138828609301,2.013430582691125,-0.013430582691125181,False,,832.7138828609301,2.013430582691125,mean_reversion,0.0,0.2333,2.0,AVAXUSDT,2024-10-26 00:00:00,,,,,0.5667,0.8,878.6478088982367,0.0,0.0,0.0,878.6478088982367,0.0,0.0,0.0,24.0,24.0,1.0,24.0,True,False
2024-10-26 04:00:00,25.28,25.6,25.22,25.43,133778.57,-0.00017851,72,0.0,0.0,unknown,,841.9952440224057,2.0022594801025804,-2.0022594801025804,True,True,840.3093510628606,0.0,unknown,-20.0,0.0238,1.0,AVAXUSDT,2024-10-26 04:00:00,AVAXUSDT,25.43,66.29543686768177,CLOSE,0.6524,0.6286,878.6478088982367,0.0,0.0,0.0,878.6478088982367,0.0,0.0,0.0,,,,,True,True
2024-10-26 08:00:00,25.42,25.67,25.4,25.62,101279.34,-0.00017851,72,0.0,0.0,unknown,,840.3093510628606,0.0,0.0,,,840.3093510628606,0.0,unknown,0.0,0.0429,2.0,,,,,,,0.6429,0.6,878.6478088982367,0.0,0.0,0.0,878.6478088982367,0.0,0.0,0.0,,,,,,
2024-10-26 12:00:00,25.61,25.68,24.9,25.08,184366.49,-0.00031813,72,20.0,0.0,mean_reversion,,840.3093510628606,0.0,2.0,True,True,838.628732360735,2.0020040080160317,mean_reversion,20.0,0.1667,1.0,AVAXUSDT,2024-10-26 12:00:00,AVAXUSDT,25.08,67.01031507678314,LONG,0.5762,0.7429,878.6478088982367,0.0,0.0,0.0,878.6478088982367,0.0,0.0,0.0,24.0,24.0,1.0,24.0,True,True
2024-10-26 16:00:00,25.09,25.48,24.98,25.44,108374.62,-7.29e-05,72,15.05351287301865,0.0,mean_reversion,,862.7283220749495,1.9740138692118405,-0.46866258190997545,True,True,862.3239935920387,1.5060571199201909,mean_reversion,-4.946487126981349,0.2905,2.0,AVAXUSDT,2024-10-26 16:00:00,AVAXUSDT,25.44,15.893415208746331,REDUCE_LONG,0.519,0.8095,878.6478088982367,0.0,0.0,0.0,878.6478088982367,0.0,0.0,0.0,15.05351287301865,15.05351287301865,1.0,15.05351287301865,True,True
2024-10-26 20:00:00,25.44,25.62,25.29,25.41,89879.7,-7.29e-05,72,14.491783410980254,0.0,mean_reversion,,860.79249690545,1.506957481860111,-0.05777914076208557,False,,860.79249690545,1.506957481860111,mean_reversion,-0.5617294620383966,0.319,3.0,AVAXUSDT,2024-10-26 20:00:00,,,,,0.481,0.8,878.6478088982367,0.0,0.0,0.0,878.6478088982367,0.0,0.0,0.0,14.491783410980254,14.491783410980254,1.0,14.491783410980254,True,False
2024-10-27 00:00:00,25.41,25.6,25.25,25.59,78704.63,-8.053e-05,74,9.791997622575177,0.0,mean_reversion,,869.9814770249827,1.501602859554598,-0.5224030972970803,True,True,869.526996006794,0.9797115666143749,mean_reversion,-4.699785788405077,0.3952,4.0,AVAXUSDT,2024-10-27 00:00:00,AVAXUSDT,25.59,17.760102312971462,REDUCE_LONG,0.4429,0.8381,878.6478088982367,0.0,0.0,0.0,878.6478088982367,0.0,0.0,0.0,9.791997622575177,9.791997622575177,1.0,9.791997622575177,True,True
2024-10-27 04:00:00,25.59,25.61,25.43,25.45,63041.11,-8.053e-05,74,11.88867360131563,0.0,mean_reversion,,864.8664257931955,0.9796022368202035,0.20926512331135938,True,True,864.6854394139541,1.1889068917555605,mean_reversion,2.0966759787404516,0.3143,5.0,AVAXUSDT,2024-10-27 04:00:00,AVAXUSDT,25.45,7.111449086108752,LONG,0.4571,0.7714,878.6478088982367,0.0,0.0,0.0,878.6478088982367,0.0,0.0,0.0,11.88867360131563,11.88867360131563,1.0,11.88867360131563,True,True
2024-10-27 08:00:00,25.45,25.55,25.3,25.37,57521.82,-0.00023747,74,12.848460690535914,0.0,mean_reversion,,861.4539094237932,1.189615528955274,0.09523054009831755,False,,861.4539094237932,1.189615528955274,mean_reversion,0.9597870892202849,0.2048,6.0,AVAXUSDT,2024-10-27 08:00:00,,,,,0.4905,0.6952,878.6478088982367,0.0,0.0,0.0,878.6478088982367,0.0,0.0,0.0,12.848460690535914,12.848460690535914,1.0,12.848460690535914,True,False
2024-10-27 12:00:00,25.36,25.83,25.36,25.79,132300.0,-0.00023747,74,2.533796972046036,0.0,mean_reversion,,878.4194418721379,1.1859533508933395,-0.9325736536887359,True,True,877.60025104376,0.25361621300299847,mean_reversion,-10.314663718489879,0.2905,7.0,AVAXUSDT,2024-10-27 12:00:00,AVAXUSDT,25.79,31.763894082121748,REDUCE_LONG,0.4238,0.7143,878.6478088982367,0.0,0.0,0.0,878.6478088982367,0.0,0.0,0.0,2.533796972046036,2.533796972046036,1.0,2.533796972046036,True,True
2024-10-27 16:00:00,25.8,25.94,25.58,25.69,149409.29,-7.456e-05,74,4.503334084216448,0.0,mean_reversion,,876.737227964271,0.25288150434253653,0.19745190407910823,False,,876.737227964271,0.25288150434253653,mean_reversion,1.969537112170412,0.3143,8.0,AVAXUSDT,2024-10-27 16:00:00,,,,,0.381,0.6952,878.6478088982367,0.0,0.0,0.0,878.6478088982367,0.0,0.0,0.0,4.503334084216448,4.503334084216448,1.0,4.503334084216448,True,False
2024-10-27 20:00:00,25.68,25.91,25.59,25.77,115484.85,-7.456e-05,74,2.351947285375893,0.0,mean_reversion,,877.4276464278622,0.2534693868944396,-0.01827465835685027,False,,877.4276464278622,0.2534693868944396,mean_reversion,-2.1513867988405546,0.3143,9.0,AVAXUSDT,2024-10-27 20:00:00,,,,,0.3714,0.6857,878.6478088982367,0.0,0.0,0.0,878.6478088982367,0.0,0.0,0.0,2.351947285375893,2.351947285375893,1.0,2.351947285375893,True,False
2024-10-28 00:00:00,25.77,25.88,25.16,25.2,137176.1,-0.00010925,72,14.161513012071193,0.0,mean_reversion,,872.5084148747752,0.24926042239080062,1.1668908788163188,True,True,871.4902927637675,1.4166374716725874,mean_reversion,11.8095657266953,0.6143,10.0,AVAXUSDT,2024-10-28 00:00:00,AVAXUSDT,25.2,40.401671071740466,LONG,0.3095,0.9238,878.6478088982367,0.0,0.0,0.0,878.6478088982367,0.0,0.0,0.0,14.161513012071193,14.161513012071193,1.0,14.161513012071193,True,True
2024-10-28 04:00:00,25.21,25.87,25.05,25.74,166157.89,-0.00010925,72,1.3113963525382457,0.0,mean_reversion,,897.9457028693687,1.4043624363968044,-1.2732228011429798,True,True,896.802417926287,0.13130681808856046,mean_reversion,-12.850116659532947,0.719,11.0,AVAXUSDT,2024-10-28 04:00:00,AVAXUSDT,25.74,44.416664455386154,REDUCE_LONG,0.2429,0.9619,878.6478088982367,0.0,0.0,0.0,878.6478088982367,0.0,0.0,0.0,1.3113963525382457,1.3113963525382457,1.0,1.3113963525382457,True,True
2024-10-28 08:00:00,25.75,26.29,25.74,26.21,254713.21,-0.00010925,72,-8.43658169154313,0.0,mean_reversion,,898.952590724168,0.13338461448041009,-0.9770427836347231,True,True,898.0742755825711,-0.8444832654347063,mean_reversion,-9.747978044081377,0.8333,12.0,AVAXUSDT,2024-10-28 08:00:00,AVAXUSDT,26.21,28.935852607664174,SHORT,0.1571,0.9905,878.6478088982367,0.0,0.0,0.0,878.6478088982367,0.0,0.0,0.0,-8.43658169154313,-8.43658169154313,1.0,-8.43658169154313,True,True
2024-10-28 12:00:00,26.21,26.32,25.57,25.58,249695.47,-6.118e-05,72,5.171457689463065,0.0,mean_reversion,,916.3038627253995,-0.807787830886694,1.3249335998330005,True,True,915.0890800299883,0.5173144487708308,mean_reversion,13.608039381006195,0.8286,13.0,AVAXUSDT,2024-10-28 12:00:00,AVAXUSDT,25.58,18.52473282555112,LONG,0.1619,0.9905,878.6478088982367,0.0,0.0,0.0,878.6478088982367,0.0,0.0,0.0,5.171457689463065,5.171457689463065,1.0,5.171457689463065,True,True
2024-10-28 16:00:00,25.57,26.04,25.36,25.87,268380.27,-4.278e-05,72,-1.1432636647100711,0.0,mean_reversion,,920.4558803768787,0.5201287900543208,-0.6344551565253279,True,True,919.8718923972194,-0.11439894747313253,mean_reversion,-6.314721354173136,0.8238,14.0,AVAXUSDT,2024-10-28 16:00:00,AVAXUSDT,25.87,4.067737777362216,SHORT,0.1667,0.9905,878.6478088982367,0.0,0.0,0.0,878.6478088982367,0.0,0.0,0.0,-1.1432636647100711,-1.1432636647100711,1.0,-1.1432636647100711,True,True
2024-10-28 20:00:00,25.87,26.54,25.84,26.25,433415.91,-4.278e-05,72,-8.592711125146916,0.0,mean_reversion,,918.3261520418218,-0.11627472049918854,-0.7429963920155032,True,True,917.6438390241614,-0.8599100225589108,mean_reversion,-7.449447460436845,0.8714,15.0,AVAXUSDT,2024-10-28 20:00:00,AVAXUSDT,26.25,25.9928768632592,SHORT,0.119,0.9905,878.6478088982367,0.0,0.0,0.0,878.6478088982367,0.0,0.0,0.0,-8.592711125146916,-8.592711125146916,1.0,-8.592711125146916,True,True
2024-10-29 00:00:00,26.26,26.97,26.17,26.81,270436.58,0.0001,72,-18.95984049475868,0.0,mean_reversion,,900.8098948254134,-0.8946672135204032,-1.0013168359554647,True,True,899.9078987117291,-1.897884433111441,mean_reversion,-10.367129369611764,0.919,16.0,AVAXUSDT,2024-10-29 00:00:00,AVAXUSDT,26.81,33.644017668181945,SHORT,0.0714,0.9905,878.6478088982367,0.0,0.0,0.0,878.6478088982367,0.0,0.0,0.0,-18.95984049475868,-18.95984049475868,1.0,-18.95984049475868,True,True
2024-10-29 04:00:00,26.81,26.89,26.48,26.54,147544.51,0.0001,72,-13.655057901446085,0.0,mean_reversion,,917.108149435106,-1.8435349664235816,0.478029176278973,True,True,916.6693061385761,-1.36615950796669,mean_reversion,5.304782593312595,0.9429,17.0,AVAXUSDT,2024-10-29 04:00:00,AVAXUSDT,26.54,16.51863049107751,REDUCE_SHORT,0.0476,0.9905,878.6478088982367,0.0,0.0,0.0,878.6478088982367,0.0,0.0,0.0,-13.655057901446085,-13.655057901446085,1.0,-13.655057901446085,True,True
2024-10-29 08:00:00,26.54,26.83,26.5,26.77,149050.77,9.964e-05,72,-18.52766765359019,0.0,mean_reversion,,905.8165257204992,-1.3945089681994691,-0.45825779715954984,True,True,905.4014282347919,-1.8536161994353513,mean_reversion,-4.872609752144104,0.9571,18.0,AVAXUSDT,2024-10-29 08:00:00,AVAXUSDT,26.77,15.506069693963118,SHORT,0.0333,0.9905,878.6478088982367,0.0,0.0,0.0,878.6478088982367,0.0,0.0,0.0,-18.52766765359019,-18.52766765359019,1.0,-18.52766765359019,True,True
2024-10-29 12:00:00,26.76,26.86,26.4,26.74,320374.74,9.964e-05,72,-15.907779380636871,0.0,mean_reversion,,907.2821903801425,-1.8477007594739334,0.25692282141024636,True,True,907.0488555451398,-1.591187159579634,mean_reversion,2.619888272953318,0.9143,19.0,AVAXUSDT,2024-10-29 12:00:00,AVAXUSDT,26.74,8.717333588920512,REDUCE_SHORT,0.0571,0.9714,878.6478088982367,0.0,0.0,0.0,878.6478088982367,0.0,0.0,0.0,-15.907779380636871,-15.907779380636871,1.0,-15.907779380636871,True,True
2024-10-29 16:00:00,26.74,27.16,26.55,26.6,400115.93,9.964e-05,72,-10.663600057593781,0.0,mean_reversion,,914.6053188543272,-1.5697787877989757,0.5034187820395977,True,True,914.1444284682768,-1.066897639703662,mean_reversion,5.24417932304309,0.9048,20.0,AVAXUSDT,2024-10-29 16:00:00,AVAXUSDT,26.6,17.30937953626253,REDUCE_SHORT,0.0667,0.9714,878.6478088982367,0.0,0.0,0.0,878.6478088982367,0.0,0.0,0.0,-10.663600057593781,-10.663600057593781,1.0,-10.663600057593781,True,True
2024-10-29 20:00:00,26.6,26.92,26.3,26.88,205427.27,8.578e-05,72,-16.415819166361857,0.0,mean_reversion,,903.8781281200552,-1.0903735833049988,-0.5512083333311868,True,True,903.3799029635197,-1.6424872693064174,mean_reversion,-5.752219108768076,0.8095,21.0,AVAXUSDT,2024-10-29 20:00:00,AVAXUSDT,26.88,18.535162073495854,SHORT,0.1714,0.981,878.6478088982367,0.0,0.0,0.0,878.6478088982367,0.0,0.0,0.0,-16.415819166361857,-16.415819166361857,1.0,-16.415819166361857,True,True
2024-10-30 00:00:00,26.88,26.91,26.4,26.6,212877.59,0.0001,77,-8.227742482650859,0.0,mean_reversion,,918.83604869232,-1.598036827490354,0.7752625792252681,True,True,918.1229964350682,-0.8234132487445556,mean_reversion,8.188076683710998,0.7762,22.0,AVAXUSDT,2024-10-30 00:00:00,AVAXUSDT,26.6,26.7796693606903,REDUCE_SHORT,0.2048,0.981,878.6478088982367,0.0,0.0,0.0,878.6478088982367,0.0,0.0,0.0,-8.227742482650859,-8.227742482650859,1.0,-8.227742482650859,True,True
2024-10-30 04:00:00,26.6,26.76,26.48,26.61,378020.13,0.0001,77,-7.717983325289199,0.0,mean_reversion,,917.8387879240752,-0.8239778681212576,0.05217953559233768,False,,917.8387879240752,-0.8239778681212576,mean_reversion,0.5097591573616596,0.7,23.0,AVAXUSDT,2024-10-30 04:00:00,,,,,0.2429,0.9429,878.6478088982367,0.0,0.0,0.0,878.6478088982367,0.0,0.0,0.0,-7.717983325289199,-7.717983325289199,1.0,-7.717983325289199,True,False
2024-10-30 08:00:00,26.61,26.68,26.12,26.14,533091.71,0.0001,77,4.082885664003081,0.0,mean_reversion,,931.1965879407514,-0.7978133268066394,1.2061018932069474,True,True,930.0727263083759,0.408373143587191,mean_reversion,11.80086898929228,0.8,24.0,AVAXUSDT,2024-10-30 08:00:00,AVAXUSDT,26.14,14.54464116018316,LONG,0.1619,0.9619,878.6478088982367,0.0,0.0,0.0,878.6478088982367,0.0,0.0,0.0,4.082885664003081,4.082885664003081,1.0,4.082885664003081,True,True
2024-10-30 12:00:00,26.15,26.49,26.01,26.13,285748.29,0.0001,77,3.816182378235064,0.0,mean_reversion,,929.9274253431856,0.4082807020149495,-0.02666246419144308,False,,929.9274253431856,0.4082807020149495,mean_reversion,-0.26670328576801694,0.6952,25.0,AVAXUSDT,2024-10-30 12:00:00,,,,,0.219,0.9143,878.6478088982367,0.0,0.0,0.0,878.6478088982367,0.0,0.0,0.0,3.816182378235064,3.816182378235064,1.0,3.816182378235064,True,False
2024-10-30 16:00:00,26.14,26.32,26.07,26.16,100492.1,0.0001,77,2.775012156242656,0.0,mean_reversion,,930.3633282387564,0.408557940108421,-0.1310567244841554,False,,930.3633282387564,0.408557940108421,mean_reversion,-1.0411702219924082,0.7143,26.0,AVAXUSDT,2024-10-30 16:00:00,,,,,0.1905,0.9048,878.6478088982367,0.0,0.0,0.0,878.6478088982367,0.0,0.0,0.0,2.775012156242656,2.775012156242656,1.0,2.775012156242656,True,False
2024-10-30 20:00:00,26.16,26.49,26.05,26.18,123950.72,0.0001,77,2.0647088534008544,0.0,mean_reversion,,930.6539301691367,0.4087426212221423,-0.20227173588205682,True,True,930.465685183176,0.20651265701370122,mean_reversion,-0.7103033028418015,0.719,27.0,AVAXUSDT,2024-10-30 20:00:00,AVAXUSDT,26.18,7.1904119923899845,REDUCE_LONG,0.1857,0.9048,878.6478088982367,0.0,0.0,0.0,878.6478088982367,0.0,0.0,0.0,2.0647088534008544,2.0647088534008544,1.0,2.0647088534008544,True,True
2024-10-31 00:00:00,26.17,26.23,25.94,26.07,101996.88,0.0001,77,4.388906164408731,0.0,mean_reversion,,929.6583198852463,0.20582354991771717,0.2330670665231559,True,True,929.4416471477618,0.4387598098361367,mean_reversion,2.324197311007876,0.7333,28.0,AVAXUSDT,2024-10-31 00:00:00,AVAXUSDT,26.07,8.31119054409283,LONG,0.1714,0.9048,878.6478088982367,0.0,0.0,0.0,878.6478088982367,0.0,0.0,0.0,4.388906164408731,4.388906164408731,1.0,4.388906164408731,True,True
2024-10-31 04:00:00,26.08,26.09,25.76,25.94,125011.85,0.0001,77,6.928929292459994,0.0,mean_reversion,,927.4081138433382,0.43752917512263445,0.255363754123365,True,True,927.1712874257827,0.6928144851997277,mean_reversion,2.5400231280512635,0.819,29.0,AVAXUSDT,2024-10-31 04:00:00,AVAXUSDT,25.94,9.129777083866765,LONG,0.1333,0.9524,878.6478088982367,0.0,0.0,0.0,878.6478088982367,0.0,0.0,0.0,6.928929292459994,6.928929292459994,1.0,6.928929292459994,True,True
2024-10-31 08:00:00,25.94,25.95,25.67,25.75,139049.65,-5.124e-05,77,11.057173498729806,0.0,mean_reversion,,922.4662773002594,0.6912476951791978,0.41446965469378283,True,True,922.08394302084,1.1057611846746729,mean_reversion,4.128244206269812,0.7905,30.0,AVAXUSDT,2024-10-31 08:00:00,AVAXUSDT,25.75,14.847933181331955,LONG,0.1238,0.9143,878.6478088982367,0.0,0.0,0.0,878.6478088982367,0.0,0.0,0.0,11.057173498729806,11.057173498729806,1.0,11.057173498729806,True,True
2024-10-31 12:00:00,25.75,25.8,25.1,25.27,302365.23,-5.124e-05,77,20.0,0.0,mean_reversion,,903.0777207319848,1.1079870402564385,0.8920129597435615,True,True,902.2721637014363,2.0008928093572607,mean_reversion,8.942826501270194,0.8524,31.0,AVAXUSDT,2024-10-31 12:00:00,AVAXUSDT,25.27,31.87799883453135,LONG,0.1,0.9524,878.6478088982367,0.0,0.0,0.0,878.6478088982367,0.0,0.0,0.0,21.67011304732004,21.67011304732004,1.0,21.67011304732004,True,True
2024-10-31 16:00:00,25.27,25.27,24.68,24.71,424581.65,-0.00013588,77,20.0,0.0,mean_reversion,,862.2644100297816,2.0473327093493205,-0.047332709349320545,False,,862.2644100297816,2.0473327093493205,mean_reversion,0.0,0.6857,32.0,AVAXUSDT,2024-10-31 16:00:00,,,,,0.1905,0.8762,878.6478088982367,0.0,0.0,0.0,878.6478088982367,0.0,0.0,0.0,24.0,24.0,1.0,24.0,True,False
2024-10-31 20:00:00,24.72,25.25,24.69,25.03,296608.35,-0.00013588,77,20.0,0.0,mean_reversion,,885.1259835564415,2.020281561618396,-0.020281561618396005,False,,885.1259835564415,2.020281561618396,mean_reversion,0.0,0.6524,33.0,AVAXUSDT,2024-10-31 20:00:00,,,,,0.2048,0.8571,878.6478088982367,0.0,0.0,0.0,878.6478088982367,0.0,0.0,0.0,22.566748555636977,22.566748555636977,1.0,22.566748555636977,True,False
2024-11-01 00:00:00,25.03,25.08,24.56,24.87,146598.76,-0.00044336,75,20.0,0.0,mean_reversion,,873.6951967931116,2.033630176801614,-0.03363017680161384,False,,873.6951967931116,2.033630176801614,mean_reversion,0.0,0.6905,34.0,AVAXUSDT,2024-11-01 00:00:00,,,,,0.1571,0.8476,878.6478088982367,0.0,0.0,0.0,878.6478088982367,0.0,0.0,0.0,24.0,24.0,1.0,24.0,True,False
2024-11-01 04:00:00,24.88,25.01,24.4,24.67,161133.87,-0.00044336,75,20.0,0.0,mean_reversion,,859.4067133389492,2.05081529701271,-0.05081529701271004,False,,859.4067133389492,2.05081529701271,mean_reversion,0.0,0.5714,35.0,AVAXUSDT,2024-11-01 04:00:00,,,,,0.2476,0.819,878.6478088982367,0.0,0.0,0.0,878.6478088982367,0.0,0.0,0.0,24.0,24.0,1.0,24.0,True,False
2024-11-01 08:00:00,24.67,25.2,24.65,25.13,313000.3,-3.866e-05,75,13.795911325039787,0.0,mean_reversion,,892.2702252835224,2.012112356932036,-0.6325212244280574,True,True,891.7058454281055,1.3804643054767582,mean_reversion,-6.204088674960213,0.6143,36.0,AVAXUSDT,2024-11-01 08:00:00,AVAXUSDT,25.13,22.458410482173985,REDUCE_LONG,0.2619,0.8762,878.6478088982367,0.0,0.0,0.0,878.6478088982367,0.0,0.0,0.0,13.795911325039787,13.795911325039787,1.0,13.795911325039787,True,True
2024-11-01 12:00:00,25.13,25.71,24.59,24.9,547785.49,-3.866e-05,75,17.103405773781542,0.0,mean_reversion,,880.4395238667187,1.3853328206807392,0.325007756697415,True,True,880.1533741921589,1.7105715186333983,mean_reversion,3.307494448741755,0.6524,37.0,AVAXUSDT,2024-11-01 12:00:00,AVAXUSDT,24.9,11.491954801592868,LONG,0.2333,0.8857,878.6478088982367,0.0,0.0,0.0,878.6478088982367,0.0,0.0,0.0,17.103405773781542,17.103405773781542,1.0,17.103405773781542,True,True
2024-11-01 12:00:00,25.13,25.71,24.59,24.9,547785.49,-3.866e-05,75,,,,,880.1533741921589,1.7105715186333983,-1.7105715186333983,,True,878.6478088982367,0.0,,,,,,,AVAXUSDT,24.9,60.46446963542936,CLOSE,,,878.6478088982367,0.0,0.0,0.0,878.6478088982367,0.0,0.0,0.0,,,,,,
