timestamp,open,high,low,close,volume,funding_rate,fear_greed,forecast,confidence,regime,strategy,total_portfolio_value,previous_allocation,allocation_change,approved_rebalance,succcess_execute_portfolio_rebalance,postRebalance_total_value,postRebalance_current_allocation,portfolio_value,debug_info.regime,debug_info.forecast_delta,debug_info.regime_margin,debug_info.bars_in_regime,debug_approve_allocation_change.symbol,debug_approve_allocation_change.time,debug_execute_portfolio_rebalance.symbol,debug_execute_portfolio_rebalance.price,debug_execute_portfolio_rebalance.quantity,debug_execute_portfolio_rebalance.trade_type,debug_info.regime_scores.trending,debug_info.regime_scores.mean_reversion,balances.USDT.free,balances.USDT.locked,balances.AVAXUSDT.free,balances.AVAXUSDT.locked,postRebalance_balances.USDT.free,postRebalance_balances.USDT.locked,postRebalance_balances.AVAXUSDT.free,postRebalance_balances.AVAXUSDT.locked,debug_info.components.keltner.last_history_value,debug_info.components.keltner.post_pipeline_value,debug_info.components.keltner.weight_normalized,debug_info.components.keltner.weighted_contribution,debug_approve_allocation_change.controls.max_allocation_change.passed,debug_approve_allocation_change.controls.min_allocation_change.passed
2024-01-01 00:00:00,38.57,39.65,38.4,38.51,261012.67,0.000253,65,15.462426,0.0,mean_reversion,,1000.0,0.0,1.546243,True,True,998.453757,1.547089,1000.0,mean_reversion,15.462426,0.5476,1.0,AVAXUSDT,2024-01-01 00:00:00,AVAXUSDT,38.51,40.151716,LONG,0.3762,0.9238,794.353627,0.0,0.0,0.0,794.353627,0.0,0.0,0.0,15.462426,15.462426,1.0,15.462426,True,True
2024-01-01 04:00:00,38.51,38.68,38.0,38.53,309779.05,0.000253,65,14.025942,0.0,mean_reversion,,999.255989,1.546649,-0.144055,False,,999.255989,1.546649,999.255989,mean_reversion,-1.436484,0.5714,2.0,AVAXUSDT,2024-01-01 04:00:00,,,,,0.3429,0.9143,794.353627,0.0,0.0,0.0,794.353627,0.0,0.0,0.0,14.025942,14.025942,1.0,14.025942,True,False
2024-01-01 08:00:00,38.54,39.89,38.46,39.52,445533.16,0.000343,65,3.376484,0.0,mean_reversion,,1038.966437,1.525756,-1.188107,True,True,1037.732033,0.33805,1038.966437,mean_reversion,-10.649457,0.6667,3.0,AVAXUSDT,2024-01-01 08:00:00,AVAXUSDT,39.52,31.234909,REDUCE_LONG,0.2952,0.9619,794.353627,0.0,0.0,0.0,794.353627,0.0,0.0,0.0,3.376484,3.376484,1.0,3.376484,True,True
2024-01-01 12:00:00,39.53,40.28,39.3,40.15,440285.64,0.000343,65,-3.323785,0.0,mean_reversion,,1043.324326,0.341598,-0.673977,True,True,1042.62115,-0.332603,1043.324326,mean_reversion,-6.700269,0.6238,4.0,AVAXUSDT,2024-01-01 12:00:00,AVAXUSDT,40.15,8.637075,SHORT,0.2619,0.8857,794.353627,0.0,0.0,0.0,794.353627,0.0,0.0,0.0,-3.323785,-3.323785,1.0,-3.323785,True,True
2024-01-01 16:00:00,40.14,41.08,39.88,41.05,594881.89,0.000584,65,-12.378296,0.0,mean_reversion,,1034.847782,-0.342613,-0.895217,True,True,1033.921369,-1.238939,1034.847782,mean_reversion,-9.054511,0.6048,5.0,AVAXUSDT,2024-01-01 16:00:00,AVAXUSDT,41.05,22.567925,SHORT,0.2429,0.8476,794.353627,0.0,0.0,0.0,794.353627,0.0,0.0,0.0,-12.378296,-12.378296,1.0,-12.378296,True,True
2024-01-01 20:00:00,41.06,42.0,40.75,41.94,682633.9,0.000584,65,-20.0,0.0,mean_reversion,,1006.148919,-1.30074,-0.69926,True,True,1005.445359,-2.001399,1006.148919,mean_reversion,-7.621704,0.5048,6.0,AVAXUSDT,2024-01-01 20:00:00,AVAXUSDT,41.94,16.775397,SHORT,0.2857,0.7905,794.353627,0.0,0.0,0.0,794.353627,0.0,0.0,0.0,-21.631488,-21.631488,1.0,-21.631488,True,True
2024-01-02 00:00:00,41.95,42.83,41.59,42.08,775566.59,0.000635,71,-20.0,0.0,mean_reversion,,998.728103,-2.021586,0.021586,False,,998.728103,-2.021586,998.728103,mean_reversion,0.0,0.3476,7.0,AVAXUSDT,2024-01-02 00:00:00,,,,,0.3286,0.6762,794.353627,0.0,0.0,0.0,794.353627,0.0,0.0,0.0,-21.223214,-21.223214,1.0,-21.223214,True,False
2024-01-02 04:00:00,42.08,43.33,41.9,43.21,598940.15,0.000635,71,-20.0,0.0,mean_reversion,,944.510255,-2.195035,0.195035,False,,944.510255,-2.195035,944.510255,mean_reversion,0.0,0.2476,8.0,AVAXUSDT,2024-01-02 04:00:00,,,,,0.3905,0.6381,794.353627,0.0,0.0,0.0,794.353627,0.0,0.0,0.0,-24.0,-24.0,1.0,-24.0,True,False
2024-01-02 08:00:00,43.2,43.44,41.98,42.28,744703.04,0.000455,71,-17.65762,0.0,mean_reversion,,989.132024,-2.0509,0.285138,True,True,988.849702,-1.766266,989.132024,mean_reversion,2.34238,0.1952,9.0,AVAXUSDT,2024-01-02 08:00:00,AVAXUSDT,42.28,6.670754,REDUCE_SHORT,0.3762,0.5714,794.353627,0.0,0.0,0.0,794.353627,0.0,0.0,0.0,-17.65762,-17.65762,1.0,-17.65762,True,True
2024-01-02 12:00:00,42.29,42.5,40.51,41.15,784212.42,0.000455,71,-3.842468,0.0,mean_reversion,,1035.529599,-1.641568,1.257321,True,True,1034.226303,-0.384731,1035.529599,mean_reversion,13.815152,0.2286,10.0,AVAXUSDT,2024-01-02 12:00:00,AVAXUSDT,41.15,31.640168,REDUCE_SHORT,0.3619,0.5905,794.353627,0.0,0.0,0.0,794.353627,0.0,0.0,0.0,-3.842468,-3.842468,1.0,-3.842468,True,True
2024-01-02 16:00:00,41.16,41.46,40.52,40.78,424253.94,0.000738,71,0.281697,0.0,mean_reversion,,1037.804008,-0.379957,0.408127,True,True,1037.380058,0.028153,1037.804008,mean_reversion,4.124165,0.2095,11.0,AVAXUSDT,2024-01-02 16:00:00,AVAXUSDT,40.78,0.716886,LONG,0.3524,0.5619,794.353627,0.0,0.0,0.0,794.353627,0.0,0.0,0.0,0.281697,0.281697,1.0,0.281697,True,True
2024-01-02 20:00:00,40.78,41.05,40.31,40.61,314325.12,0.000738,71,2.003774,0.0,mean_reversion,,1037.258309,0.028039,0.172338,False,,1037.258309,0.028039,1037.258309,mean_reversion,1.722077,0.1143,12.0,AVAXUSDT,2024-01-02 20:00:00,,,,,0.3619,0.4762,794.353627,0.0,0.0,0.0,794.353627,0.0,0.0,0.0,2.003774,2.003774,1.0,2.003774,True,False
2024-01-03 00:00:00,40.61,41.0,40.38,40.73,313640.3,0.000396,70,0.580615,0.0,mean_reversion,,1037.344249,0.028119,0.029942,False,,1037.344249,0.028119,1037.344249,mean_reversion,-1.423159,0.0714,13.0,AVAXUSDT,2024-01-03 00:00:00,,,,,0.3952,0.4667,794.353627,0.0,0.0,0.0,794.353627,0.0,0.0,0.0,0.580615,0.580615,1.0,0.580615,True,False
2024-01-03 04:00:00,40.73,41.29,40.57,40.68,338437.27,0.000396,70,0.0,0.0,unknown,,1037.308441,0.028086,-0.028086,False,,1037.308441,0.028086,1037.308441,unknown,-0.580615,0.0333,1.0,AVAXUSDT,2024-01-03 04:00:00,,,,,0.4238,0.4571,794.353627,0.0,0.0,0.0,794.353627,0.0,0.0,0.0,,,,,True,False
2024-01-03 08:00:00,40.69,41.43,39.0,39.32,829084.68,0.000318,70,14.212138,0.0,mean_reversion,,1036.33445,0.027172,1.394041,True,True,1034.889757,1.421802,1036.33445,mean_reversion,14.212138,0.1429,1.0,AVAXUSDT,2024-01-03 08:00:00,AVAXUSDT,39.32,36.741938,LONG,0.3524,0.4952,794.353627,0.0,0.0,0.0,794.353627,0.0,0.0,0.0,14.212138,14.212138,1.0,14.212138,True,True
2024-01-03 12:00:00,39.33,39.35,33.06,37.14,3089866.73,0.000318,70,20.0,0.0,mean_reversion,,953.311181,1.457897,0.542103,True,True,952.794388,2.000542,953.311181,mean_reversion,5.787862,0.1429,2.0,AVAXUSDT,2024-01-03 12:00:00,AVAXUSDT,37.14,13.914724,LONG,0.4095,0.5524,794.353627,0.0,0.0,0.0,794.353627,0.0,0.0,0.0,24.0,24.0,1.0,24.0,True,True
2024-01-03 16:00:00,37.15,37.28,35.5,36.22,1082896.87,0.0001,70,20.0,0.0,trending,,905.577988,2.05271,-0.05271,False,,905.577988,2.05271,905.577988,trending,0.0,0.0857,1.0,AVAXUSDT,2024-01-03 16:00:00,,,,,0.5238,0.4381,794.353627,0.0,0.0,0.0,794.353627,0.0,0.0,0.0,24.0,24.0,1.0,24.0,True,False
2024-01-03 20:00:00,36.21,37.46,36.16,36.8,635704.82,0.0001,70,20.0,0.0,trending,,935.344849,2.019208,-0.019208,False,,935.344849,2.019208,935.344849,trending,0.0,0.1143,2.0,AVAXUSDT,2024-01-03 20:00:00,,,,,0.5429,0.4286,794.353627,0.0,0.0,0.0,794.353627,0.0,0.0,0.0,24.0,24.0,1.0,24.0,True,False
2024-01-04 00:00:00,36.79,37.2,36.2,36.99,328307.49,0.0001,68,20.0,0.0,trending,,945.096062,2.008692,-0.008692,False,,945.096062,2.008692,945.096062,trending,0.0,0.0905,3.0,AVAXUSDT,2024-01-04 00:00:00,,,,,0.519,0.4286,794.353627,0.0,0.0,0.0,794.353627,0.0,0.0,0.0,20.493685,20.493685,1.0,20.493685,True,False
2024-01-04 04:00:00,36.99,37.38,36.58,36.59,316862.08,0.0001,68,20.0,0.0,trending,,924.567192,2.031089,-0.031089,False,,924.567192,2.031089,924.567192,trending,0.0,0.1429,4.0,AVAXUSDT,2024-01-04 04:00:00,,,,,0.5619,0.419,794.353627,0.0,0.0,0.0,794.353627,0.0,0.0,0.0,22.67654,22.67654,1.0,22.67654,True,False
2024-01-04 08:00:00,36.6,37.15,36.07,37.03,381141.59,0.0001,68,17.019906,0.0,trending,,947.148949,2.006506,-0.304516,True,True,946.860528,1.702509,947.148949,trending,-2.980094,0.1476,5.0,AVAXUSDT,2024-01-04 08:00:00,AVAXUSDT,37.03,7.788862,REDUCE_LONG,0.5667,0.419,794.353627,0.0,0.0,0.0,794.353627,0.0,0.0,0.0,17.019906,17.019906,1.0,17.019906,True,True
2024-01-04 12:00:00,37.04,39.45,36.78,39.3,801774.37,0.0001,68,0.0,0.0,unknown,,1045.681147,1.636119,-1.636119,True,True,1043.970288,0.0,1045.681147,unknown,-17.019906,0.0,1.0,AVAXUSDT,2024-01-04 12:00:00,AVAXUSDT,39.3,43.533313,CLOSE,0.4667,0.4667,794.353627,0.0,0.0,0.0,794.353627,0.0,0.0,0.0,,,,,True,True
2024-01-04 16:00:00,39.3,39.38,38.02,38.78,1112386.11,0.0001,68,0.0,0.0,unknown,,1043.970288,0.0,0.0,,,1043.970288,0.0,1043.970288,unknown,0.0,0.0238,2.0,,,,,,,0.4333,0.4571,794.353627,0.0,0.0,0.0,794.353627,0.0,0.0,0.0,,,,,,
2024-01-04 20:00:00,38.78,39.41,38.31,38.72,601394.07,0.0001,68,1.584576,0.0,mean_reversion,,1043.970288,0.0,0.158458,False,,1043.970288,0.0,1043.970288,mean_reversion,1.584576,0.0857,1.0,AVAXUSDT,2024-01-04 20:00:00,,,,,0.3905,0.4762,794.353627,0.0,0.0,0.0,794.353627,0.0,0.0,0.0,1.584576,1.584576,1.0,1.584576,True,False
2024-01-05 00:00:00,38.72,38.91,36.5,36.95,675884.82,0.0001,72,14.476071,0.0,mean_reversion,,1043.970288,0.0,1.447607,True,True,1042.459029,1.448256,1043.970288,mean_reversion,12.891495,0.1905,2.0,AVAXUSDT,2024-01-05 00:00:00,AVAXUSDT,36.95,40.900102,LONG,0.3619,0.5524,794.353627,0.0,0.0,0.0,794.353627,0.0,0.0,0.0,14.476071,14.476071,1.0,14.476071,True,True
2024-01-05 04:00:00,36.95,37.31,36.67,37.05,378158.76,0.0001,72,12.593098,0.0,mean_reversion,,1046.54495,1.446506,-0.187196,False,,1046.54495,1.446506,1046.54495,mean_reversion,-1.882973,0.1286,3.0,AVAXUSDT,2024-01-05 04:00:00,,,,,0.3857,0.5143,794.353627,0.0,0.0,0.0,794.353627,0.0,0.0,0.0,12.593098,12.593098,1.0,12.593098,True,False
2024-01-05 08:00:00,37.05,37.74,36.33,36.41,485042.09,0.0001,72,0.0,0.0,unknown,,1020.395061,1.457949,-1.457949,True,True,1018.907377,0.0,1020.395061,unknown,-12.593098,0.0286,1.0,AVAXUSDT,2024-01-05 08:00:00,AVAXUSDT,36.41,40.859202,CLOSE,0.4476,0.4762,794.353627,0.0,0.0,0.0,794.353627,0.0,0.0,0.0,,,,,True,True
2024-01-05 12:00:00,36.41,36.98,35.58,36.1,741556.78,0.0001,72,16.93767,0.0,trending,,1018.907377,0.0,1.693767,True,True,1017.181585,1.694944,1018.907377,trending,16.93767,0.1381,1.0,AVAXUSDT,2024-01-05 12:00:00,AVAXUSDT,36.1,47.805865,LONG,0.5476,0.4095,794.353627,0.0,0.0,0.0,794.353627,0.0,0.0,0.0,16.93767,16.93767,1.0,16.93767,True,True
2024-01-05 16:00:00,36.09,36.29,35.0,35.8,680253.59,0.0001,72,17.670074,0.0,trending,,1002.854168,1.704873,0.062135,False,,1002.854168,1.704873,1002.854168,trending,0.732404,0.2714,2.0,AVAXUSDT,2024-01-05 16:00:00,,,,,0.6143,0.3429,794.353627,0.0,0.0,0.0,794.353627,0.0,0.0,0.0,17.670074,17.670074,1.0,17.670074,True,False
2024-01-05 20:00:00,35.81,36.58,35.73,36.46,425018.05,0.0001,72,11.413332,0.0,trending,,1034.374487,1.683393,-0.54206,True,True,1033.813794,1.141952,1034.374487,trending,-6.256743,0.4429,3.0,AVAXUSDT,2024-01-05 20:00:00,AVAXUSDT,36.46,15.378303,REDUCE_LONG,0.719,0.2762,794.353627,0.0,0.0,0.0,794.353627,0.0,0.0,0.0,11.413332,11.413332,1.0,11.413332,True,True
2024-01-06 00:00:00,36.46,36.51,35.36,35.44,237239.47,0.0001,70,18.184811,0.0,trending,,1000.786443,1.146637,0.671844,True,True,1000.11407,1.819031,1000.786443,trending,6.771479,0.3333,4.0,AVAXUSDT,2024-01-06 00:00:00,AVAXUSDT,35.44,18.972141,LONG,0.7143,0.381,794.353627,0.0,0.0,0.0,794.353627,0.0,0.0,0.0,18.184811,18.184811,1.0,18.184811,True,True
2024-01-06 04:00:00,35.45,35.8,33.42,34.47,777106.69,0.0001,70,20.0,0.0,trending,,950.321133,1.861945,0.138055,False,,950.321133,1.861945,950.321133,trending,1.815189,0.4,5.0,AVAXUSDT,2024-01-06 04:00:00,,,,,0.8,0.4,794.353627,0.0,0.0,0.0,794.353627,0.0,0.0,0.0,22.788571,22.788571,1.0,22.788571,True,False
2024-01-06 08:00:00,34.46,35.03,34.13,34.75,331586.75,0.0001,70,18.393454,0.0,trending,,964.694352,1.849103,-0.009758,False,,964.694352,1.849103,964.694352,trending,-1.606546,0.3,6.0,AVAXUSDT,2024-01-06 08:00:00,,,,,0.7667,0.4667,794.353627,0.0,0.0,0.0,794.353627,0.0,0.0,0.0,18.393454,18.393454,1.0,18.393454,True,False
2024-01-06 12:00:00,34.76,35.18,34.38,34.94,291655.98,0.0001,70,15.213954,0.0,trending,,974.447608,1.840604,-0.319209,True,True,974.136555,1.521881,974.447608,trending,-3.1795,0.2286,7.0,AVAXUSDT,2024-01-06 12:00:00,AVAXUSDT,34.94,8.902469,REDUCE_LONG,0.7429,0.5143,794.353627,0.0,0.0,0.0,794.353627,0.0,0.0,0.0,15.213954,15.213954,1.0,15.213954,True,True
2024-01-06 16:00:00,34.94,35.41,34.52,34.74,386432.95,0.0001,70,15.969834,0.0,trending,,965.650464,1.526467,0.070516,False,,965.650464,1.526467,965.650464,trending,0.75588,0.1762,8.0,AVAXUSDT,2024-01-06 16:00:00,,,,,0.719,0.5429,794.353627,0.0,0.0,0.0,794.353627,0.0,0.0,0.0,15.969834,15.969834,1.0,15.969834,True,False
2024-01-06 20:00:00,34.73,34.91,33.65,34.61,343132.03,0.0001,70,18.379499,0.0,trending,,960.134505,1.529492,0.308458,True,True,959.838344,1.838208,960.134505,trending,2.409665,0.1286,9.0,AVAXUSDT,2024-01-06 20:00:00,AVAXUSDT,34.61,8.557096,LONG,0.7,0.5714,794.353627,0.0,0.0,0.0,794.353627,0.0,0.0,0.0,18.379499,18.379499,1.0,18.379499,True,True
2024-01-07 00:00:00,34.62,35.46,34.23,34.52,435185.1,0.0001,71,17.819668,0.0,trending,,955.250234,1.842234,-0.060268,False,,955.250234,1.842234,955.250234,trending,-0.559831,0.0952,10.0,AVAXUSDT,2024-01-07 00:00:00,,,,,0.6952,0.6,794.353627,0.0,0.0,0.0,794.353627,0.0,0.0,0.0,17.819668,17.819668,1.0,17.819668,True,False
2024-01-07 04:00:00,34.52,35.78,34.5,35.07,516828.44,0.0001,71,0.0,0.0,unknown,,983.288681,1.818218,-1.818218,True,True,981.500848,0.0,983.288681,unknown,-17.819668,0.0476,1.0,AVAXUSDT,2024-01-07 04:00:00,AVAXUSDT,35.07,50.978994,CLOSE,0.6667,0.619,794.353627,0.0,0.0,0.0,794.353627,0.0,0.0,0.0,,,,,True,True
2024-01-07 08:00:00,35.07,35.33,34.32,34.9,328381.75,0.0001,71,0.0,0.0,unknown,,981.500848,0.0,0.0,,,981.500848,0.0,981.500848,unknown,0.0,0.0095,2.0,,,,,,,0.6476,0.6381,794.353627,0.0,0.0,0.0,794.353627,0.0,0.0,0.0,,,,,,
2024-01-07 12:00:00,34.9,35.75,34.46,34.68,437601.97,0.0001,71,12.259491,0.0,mean_reversion,,981.500848,0.0,1.225949,True,True,980.297578,1.226226,981.500848,mean_reversion,12.259491,0.1381,1.0,AVAXUSDT,2024-01-07 12:00:00,AVAXUSDT,34.68,34.69637,LONG,0.5381,0.6762,794.353627,0.0,0.0,0.0,794.353627,0.0,0.0,0.0,12.259491,12.259491,1.0,12.259491,True,True
2024-01-07 16:00:00,34.69,35.5,34.25,34.94,482794.1,0.0001,71,8.660013,0.0,mean_reversion,,989.309613,1.224166,-0.358164,True,True,988.955278,0.866312,989.309613,mean_reversion,-3.599478,0.2286,2.0,AVAXUSDT,2024-01-07 16:00:00,AVAXUSDT,34.94,10.141255,REDUCE_LONG,0.4381,0.6667,794.353627,0.0,0.0,0.0,794.353627,0.0,0.0,0.0,8.660013,8.660013,1.0,8.660013,True,True
2024-01-07 20:00:00,34.94,35.02,33.08,33.64,526341.56,0.0001,71,20.0,0.0,mean_reversion,,957.078733,0.861859,1.138141,True,True,955.989443,2.001139,957.078733,mean_reversion,11.339987,0.2048,3.0,AVAXUSDT,2024-01-07 20:00:00,AVAXUSDT,33.64,32.380814,LONG,0.4524,0.6571,794.353627,0.0,0.0,0.0,794.353627,0.0,0.0,0.0,20.194791,20.194791,1.0,20.194791,True,True
2024-01-08 00:00:00,33.65,33.97,31.12,31.91,1202098.23,0.0001,71,20.0,0.0,mean_reversion,,857.606329,2.115988,-0.115988,False,,857.606329,2.115988,857.606329,mean_reversion,0.0,0.1667,4.0,AVAXUSDT,2024-01-08 00:00:00,,,,,0.5095,0.6762,794.353627,0.0,0.0,0.0,794.353627,0.0,0.0,0.0,24.0,24.0,1.0,24.0,True,False
2024-01-08 04:00:00,31.91,33.23,31.62,32.61,676329.57,0.0001,71,20.0,0.0,mean_reversion,,897.414525,2.066485,-0.066485,False,,897.414525,2.066485,897.414525,mean_reversion,0.0,0.1286,5.0,AVAXUSDT,2024-01-08 04:00:00,,,,,0.519,0.6476,794.353627,0.0,0.0,0.0,794.353627,0.0,0.0,0.0,22.842155,22.842155,1.0,22.842155,True,False
2024-01-08 08:00:00,32.61,33.79,32.32,33.72,527719.41,0.0001,71,11.43315,0.0,mean_reversion,,960.538951,1.996398,-0.853083,True,True,959.719532,1.144291,960.538951,mean_reversion,-8.56685,0.3048,6.0,AVAXUSDT,2024-01-08 08:00:00,AVAXUSDT,33.72,24.300686,REDUCE_LONG,0.4381,0.7429,794.353627,0.0,0.0,0.0,794.353627,0.0,0.0,0.0,11.43315,11.43315,1.0,11.43315,True,True
2024-01-08 12:00:00,33.72,34.53,33.58,34.22,1240151.67,0.0001,71,5.79295,0.0,mean_reversion,,976.003615,1.141884,-0.562589,True,True,975.454526,0.579621,976.003615,mean_reversion,-5.6402,0.3095,7.0,AVAXUSDT,2024-01-08 12:00:00,AVAXUSDT,34.22,16.04584,REDUCE_LONG,0.4714,0.781,794.353627,0.0,0.0,0.0,794.353627,0.0,0.0,0.0,5.79295,5.79295,1.0,5.79295,True,True
2024-01-08 16:00:00,34.24,36.46,33.92,36.21,1209000.26,0.0001,71,-11.909415,0.0,mean_reversion,,1008.333955,0.593329,-1.78427,True,True,1006.534815,-1.19307,1008.333955,mean_reversion,-17.702365,0.3762,8.0,AVAXUSDT,2024-01-08 16:00:00,AVAXUSDT,36.21,33.163955,SHORT,0.4143,0.7905,794.353627,0.0,0.0,0.0,794.353627,0.0,0.0,0.0,-11.909415,-11.909415,1.0,-11.909415,True,True
2024-01-08 20:00:00,36.21,36.3,35.49,36.08,561553.85,0.0001,71,-9.874006,0.0,trending,,1010.846129,-1.183717,0.196316,False,,1010.846129,-1.183717,1010.846129,trending,2.035409,0.1095,1.0,AVAXUSDT,2024-01-08 20:00:00,,,,,0.5286,0.419,794.353627,0.0,0.0,0.0,794.353627,0.0,0.0,0.0,-9.874006,-9.874006,1.0,-9.874006,True,False
2024-01-09 00:00:00,36.08,36.54,35.03,35.95,549118.7,0.0001,76,-7.741974,0.0,trending,,1015.157443,-1.174443,0.400245,True,True,1014.750724,-0.774508,1015.157443,trending,2.132033,0.281,2.0,AVAXUSDT,2024-01-09 00:00:00,AVAXUSDT,35.95,11.30214,REDUCE_SHORT,0.5571,0.2762,794.353627,0.0,0.0,0.0,794.353627,0.0,0.0,0.0,-7.741974,-7.741974,1.0,-7.741974,True,True
2024-01-09 04:00:00,35.94,37.6,35.88,37.04,721195.72,0.0001,76,-15.912066,0.0,trending,,990.921347,-0.817181,-0.774026,True,True,990.154348,-1.592439,990.921347,trending,-8.170092,0.3095,3.0,AVAXUSDT,2024-01-09 04:00:00,AVAXUSDT,37.04,20.707316,SHORT,0.519,0.2095,794.353627,0.0,0.0,0.0,794.353627,0.0,0.0,0.0,-15.912066,-15.912066,1.0,-15.912066,True,True
2024-01-09 08:00:00,37.03,37.49,36.19,36.43,557746.14,0.0001,76,-9.245403,0.0,trending,,1016.121517,-1.526189,0.601649,True,True,1015.509557,-0.925097,1016.121517,trending,6.666663,0.4286,4.0,AVAXUSDT,2024-01-09 08:00:00,AVAXUSDT,36.43,16.781447,REDUCE_SHORT,0.5333,0.1048,794.353627,0.0,0.0,0.0,794.353627,0.0,0.0,0.0,-9.245403,-9.245403,1.0,-9.245403,True,True
2024-01-09 12:00:00,36.44,36.57,34.46,35.6,916135.69,0.0001,76,-1.470897,0.0,trending,,1036.913335,-0.88536,0.73827,True,True,1036.147047,-0.147198,1036.913335,trending,7.774507,0.5095,5.0,AVAXUSDT,2024-01-09 12:00:00,AVAXUSDT,35.6,21.503435,REDUCE_SHORT,0.5286,0.019,794.353627,0.0,0.0,0.0,794.353627,0.0,0.0,0.0,-1.470897,-1.470897,1.0,-1.470897,True,True
2024-01-09 16:00:00,35.6,35.75,34.66,35.07,481164.8,0.0001,76,3.101076,0.0,trending,,1038.417699,-0.14469,0.454798,True,True,1037.945278,0.309939,1038.417699,trending,4.571973,0.3095,6.0,AVAXUSDT,2024-01-09 16:00:00,AVAXUSDT,35.07,9.182242,LONG,0.4524,0.1429,794.353627,0.0,0.0,0.0,794.353627,0.0,0.0,0.0,3.101076,3.101076,1.0,3.101076,True,True
2024-01-09 20:00:00,35.08,35.8,33.78,34.65,1080591.2,0.0001,76,6.055332,0.0,trending,,1034.092593,0.307368,0.298166,True,True,1033.784262,0.605416,1034.092593,trending,2.954256,0.2714,7.0,AVAXUSDT,2024-01-09 20:00:00,AVAXUSDT,34.65,8.898437,LONG,0.4905,0.219,794.353627,0.0,0.0,0.0,794.353627,0.0,0.0,0.0,6.055332,6.055332,1.0,6.055332,True,True
2024-01-10 00:00:00,34.64,34.9,34.16,34.48,356510.4,0.0001,73,6.874153,0.0,trending,,1030.713621,0.60424,0.083175,False,,1030.713621,0.60424,1030.713621,trending,0.818821,0.2286,8.0,AVAXUSDT,2024-01-10 00:00:00,,,,,0.4667,0.2381,794.353627,0.0,0.0,0.0,794.353627,0.0,0.0,0.0,6.874153,6.874153,1.0,6.874153,True,False
2024-01-10 04:00:00,34.47,34.72,34.12,34.15,210726.91,0.0001,73,9.074993,0.0,trending,,1024.752963,0.601938,0.305561,True,True,1024.439838,0.907471,1024.752963,trending,2.200841,0.1286,9.0,AVAXUSDT,2024-01-10 04:00:00,AVAXUSDT,34.15,9.169104,LONG,0.3952,0.2667,794.353627,0.0,0.0,0.0,794.353627,0.0,0.0,0.0,9.074993,9.074993,1.0,9.074993,True,True
2024-01-10 08:00:00,34.15,35.27,33.68,34.94,500963.05,0.0001,73,1.689178,0.0,trending,,1045.945639,0.909374,-0.740456,True,True,1045.171163,0.169043,1045.945639,trending,-7.385816,0.119,10.0,AVAXUSDT,2024-01-10 08:00:00,AVAXUSDT,34.94,22.165899,REDUCE_LONG,0.3762,0.2571,794.353627,0.0,0.0,0.0,794.353627,0.0,0.0,0.0,1.689178,1.689178,1.0,1.689178,True,True
2024-01-10 12:00:00,34.95,35.02,33.32,34.72,676760.84,0.0001,73,3.270413,0.0,trending,,1044.058703,0.168158,0.158884,False,,1044.058703,0.168158,1044.058703,trending,1.581235,0.2476,11.0,AVAXUSDT,2024-01-10 12:00:00,,,,,0.419,0.1714,794.353627,0.0,0.0,0.0,794.353627,0.0,0.0,0.0,3.270413,3.270413,1.0,3.270413,True,False
2024-01-10 16:00:00,34.71,35.99,34.5,35.36,622053.0,0.0001,73,-2.136967,0.0,trending,,1047.294949,0.170728,-0.384425,True,True,1046.892343,-0.213779,1047.294949,trending,-5.40738,0.2524,12.0,AVAXUSDT,2024-01-10 16:00:00,AVAXUSDT,35.36,6.329285,SHORT,0.4238,0.1714,794.353627,0.0,0.0,0.0,794.353627,0.0,0.0,0.0,-2.136967,-2.136967,1.0,-2.136967,True,True
2024-01-10 20:00:00,35.37,39.55,34.35,38.53,1993915.44,0.0001,73,0.0,0.0,unknown,,1026.828509,-0.237496,0.237496,True,True,1026.584398,0.0,1026.828509,unknown,2.136967,0.0,1.0,AVAXUSDT,2024-01-10 20:00:00,AVAXUSDT,38.53,-6.329285,CLOSE,0.4381,0.4381,794.353627,0.0,0.0,0.0,794.353627,0.0,0.0,0.0,,,,,True,True
2024-01-11 00:00:00,38.54,38.84,38.0,38.76,634022.11,0.0001,76,-20.0,0.0,trending,,1026.584398,0.0,-2.0,True,True,1024.531229,-2.004008,1026.584398,trending,-20.0,0.5,1.0,AVAXUSDT,2024-01-11 00:00:00,AVAXUSDT,38.76,52.971331,SHORT,0.6524,0.1524,794.353627,0.0,0.0,0.0,794.353627,0.0,0.0,0.0,-23.502665,-23.502665,1.0,-23.502665,True,True
2024-01-11 04:00:00,38.75,39.35,37.54,38.41,695357.29,0.0001,76,-18.858422,0.0,trending,,1043.071195,-1.950614,0.064771,False,,1043.071195,-1.950614,1043.071195,trending,1.141578,0.7476,2.0,AVAXUSDT,2024-01-11 04:00:00,,,,,0.7476,0.0,794.353627,0.0,0.0,0.0,794.353627,0.0,0.0,0.0,-18.858422,-18.858422,1.0,-18.858422,True,False
2024-01-11 08:00:00,38.42,39.77,38.36,39.72,506149.11,0.0001,76,-20.0,0.0,trending,,973.678751,-2.160899,0.160899,False,,973.678751,-2.160899,973.678751,trending,-1.141578,0.7762,3.0,AVAXUSDT,2024-01-11 08:00:00,,,,,0.7762,0.0,794.353627,0.0,0.0,0.0,794.353627,0.0,0.0,0.0,-24.0,-24.0,1.0,-24.0,True,False
2024-01-11 12:00:00,39.72,41.85,38.99,39.49,2054434.27,0.0001,76,-20.0,0.0,trending,,985.862157,-2.121836,0.121836,False,,985.862157,-2.121836,985.862157,trending,0.0,0.7905,4.0,AVAXUSDT,2024-01-11 12:00:00,,,,,0.7905,0.0,794.353627,0.0,0.0,0.0,794.353627,0.0,0.0,0.0,-22.350997,-22.350997,1.0,-22.350997,True,False
2024-01-11 16:00:00,39.49,39.96,38.34,39.94,801064.84,0.0001,76,-20.0,0.0,trending,,962.025058,-2.199189,0.199189,False,,962.025058,-2.199189,962.025058,trending,0.0,0.8143,5.0,AVAXUSDT,2024-01-11 16:00:00,,,,,0.8143,0.0,794.353627,0.0,0.0,0.0,794.353627,0.0,0.0,0.0,-23.33463,-23.33463,1.0,-23.33463,True,False
2024-01-11 20:00:00,39.94,40.39,39.1,39.29,380615.44,0.0001,76,-16.323859,0.0,trending,,996.456424,-2.088645,0.456259,True,True,996.001326,-1.633132,996.456424,trending,3.676141,0.8667,6.0,AVAXUSDT,2024-01-11 20:00:00,AVAXUSDT,39.29,11.571449,REDUCE_SHORT,0.8667,0.0,794.353627,0.0,0.0,0.0,794.353627,0.0,0.0,0.0,-16.323859,-16.323859,1.0,-16.323859,True,True
2024-01-12 00:00:00,39.29,39.59,38.34,38.8,280863.55,0.0001,71,-11.760408,0.0,trending,,1016.287269,-1.580572,0.404531,True,True,1015.875737,-1.176517,1016.287269,trending,4.56345,0.9095,7.0,AVAXUSDT,2024-01-12 00:00:00,AVAXUSDT,38.8,10.595879,REDUCE_SHORT,0.919,0.0095,794.353627,0.0,0.0,0.0,794.353627,0.0,0.0,0.0,-11.760408,-11.760408,1.0,-11.760408,True,True
2024-01-12 04:00:00,38.8,39.36,38.47,38.71,261315.85,0.0001,71,-9.957394,0.0,trending,,1018.648097,-1.170594,0.174854,False,,1018.648097,-1.170594,1018.648097,trending,1.803015,0.9524,8.0,AVAXUSDT,2024-01-12 04:00:00,,,,,0.9524,0.0,794.353627,0.0,0.0,0.0,794.353627,0.0,0.0,0.0,-9.957394,-9.957394,1.0,-9.957394,True,False
2024-01-12 08:00:00,38.71,39.02,38.2,38.61,355876.23,0.0001,71,-8.455416,0.0,trending,,1021.728498,-1.16405,0.318508,True,True,1021.402743,-0.845811,1021.728498,trending,1.501978,0.9286,9.0,AVAXUSDT,2024-01-12 08:00:00,AVAXUSDT,38.61,8.42861,REDUCE_SHORT,0.9381,0.0095,794.353627,0.0,0.0,0.0,794.353627,0.0,0.0,0.0,-8.455416,-8.455416,1.0,-8.455416,True,True
2024-01-12 12:00:00,38.61,38.97,37.1,37.39,689721.96,0.0001,71,1.442069,0.0,trending,,1048.700724,-0.797764,0.941971,True,True,1047.71204,0.144199,1048.700724,trending,9.897485,0.8667,10.0,AVAXUSDT,2024-01-12 12:00:00,AVAXUSDT,37.39,4.04466,LONG,0.8762,0.0095,794.353627,0.0,0.0,0.0,794.353627,0.0,0.0,0.0,1.442069,1.442069,1.0,1.442069,True,True
2024-01-12 16:00:00,37.38,37.76,35.9,36.59,814779.09,0.0001,71,7.120979,0.0,trending,,1044.479548,0.14155,0.570548,True,True,1043.883623,0.711934,1044.479548,trending,5.67891,0.7476,11.0,AVAXUSDT,2024-01-12 16:00:00,AVAXUSDT,36.59,16.286569,LONG,0.7476,0.0,794.353627,0.0,0.0,0.0,794.353627,0.0,0.0,0.0,7.120979,7.120979,1.0,7.120979,True,True
2024-01-12 20:00:00,36.59,37.22,34.34,35.93,787099.8,0.0001,71,11.003155,0.0,trending,,1030.47843,0.708186,0.392129,True,True,1030.074349,1.100355,1030.47843,trending,3.882177,0.6714,12.0,AVAXUSDT,2024-01-12 20:00:00,AVAXUSDT,35.93,11.246336,LONG,0.681,0.0095,794.353627,0.0,0.0,0.0,794.353627,0.0,0.0,0.0,11.003155,11.003155,1.0,11.003155,True,True
2024-01-13 00:00:00,35.93,36.15,34.7,35.47,415064.65,0.0001,64,13.096512,0.0,trending,,1015.563195,1.101789,0.207862,True,True,1015.352098,1.309716,1015.563195,trending,2.093357,0.6429,13.0,AVAXUSDT,2024-01-13 00:00:00,AVAXUSDT,35.47,5.951435,LONG,0.6429,0.0,794.353627,0.0,0.0,0.0,794.353627,0.0,0.0,0.0,13.096512,13.096512,1.0,13.096512,True,True
2024-01-13 04:00:00,35.47,36.1,35.38,35.86,300378.12,0.0001,64,9.456667,0.0,trending,,1029.973771,1.305319,-0.359652,True,True,1029.603339,0.946007,1029.973771,trending,-3.639845,0.619,14.0,AVAXUSDT,2024-01-13 04:00:00,AVAXUSDT,35.86,10.329957,REDUCE_LONG,0.619,0.0,794.353627,0.0,0.0,0.0,794.353627,0.0,0.0,0.0,9.456667,9.456667,1.0,9.456667,True,True
2024-01-13 08:00:00,35.87,36.12,35.55,35.9,251673.81,0.0001,64,8.305535,0.0,trending,,1030.6898,0.946064,-0.11551,False,,1030.6898,0.946064,1030.6898,trending,-1.151132,0.581,15.0,AVAXUSDT,2024-01-13 08:00:00,,,,,0.581,0.0,794.353627,0.0,0.0,0.0,794.353627,0.0,0.0,0.0,8.305535,8.305535,1.0,8.305535,True,False
2024-01-13 12:00:00,35.9,36.29,35.63,36.11,261044.87,0.0001,64,5.955119,0.0,trending,,1036.393718,0.946361,-0.350849,True,True,1036.0301,0.595721,1036.393718,trending,-2.350416,0.5476,16.0,AVAXUSDT,2024-01-13 12:00:00,AVAXUSDT,36.11,10.069717,REDUCE_LONG,0.5476,0.0,794.353627,0.0,0.0,0.0,794.353627,0.0,0.0,0.0,5.955119,5.955119,1.0,5.955119,True,True
2024-01-13 16:00:00,36.11,36.45,35.86,36.25,247571.6,0.0001,64,4.494642,0.0,trending,,1038.422952,0.596652,-0.147188,False,,1038.422952,0.596652,1038.422952,trending,-1.460477,0.5571,17.0,AVAXUSDT,2024-01-13 16:00:00,,,,,0.5667,0.0095,794.353627,0.0,0.0,0.0,794.353627,0.0,0.0,0.0,4.494642,4.494642,1.0,4.494642,True,False
2024-01-13 20:00:00,36.26,36.63,36.14,36.49,265767.26,0.0001,64,2.333372,0.0,trending,,1042.524983,0.59824,-0.364902,True,True,1042.144563,0.233422,1042.524983,trending,-2.16127,0.5571,18.0,AVAXUSDT,2024-01-13 20:00:00,AVAXUSDT,36.49,10.425318,REDUCE_LONG,0.5952,0.0381,794.353627,0.0,0.0,0.0,794.353627,0.0,0.0,0.0,2.333372,2.333372,1.0,2.333372,True,True
2024-01-14 00:00:00,36.48,36.59,35.83,36.03,213134.71,0.0001,60,5.8821,0.0,trending,,1039.077983,0.23116,0.35705,True,True,1038.70698,0.588063,1039.077983,trending,3.548728,0.6,19.0,AVAXUSDT,2024-01-14 00:00:00,AVAXUSDT,36.03,10.297052,LONG,0.6286,0.0286,794.353627,0.0,0.0,0.0,794.353627,0.0,0.0,0.0,5.8821,5.8821,1.0,5.8821,True,True
2024-01-14 04:00:00,36.02,37.23,35.8,36.42,400527.58,0.0001,60,2.482173,0.0,trending,,1045.318741,0.590668,-0.342451,True,True,1044.960771,0.248302,1045.318741,trending,-3.399927,0.6619,20.0,AVAXUSDT,2024-01-14 04:00:00,AVAXUSDT,36.42,9.828956,REDUCE_LONG,0.6619,0.0,794.353627,0.0,0.0,0.0,794.353627,0.0,0.0,0.0,2.482173,2.482173,1.0,2.482173,True,True
2024-01-14 08:00:00,36.42,36.96,36.23,36.41,254390.82,0.0001,60,2.34823,0.0,trending,,1044.889528,0.248251,-0.013428,False,,1044.889528,0.248251,1044.889528,trending,-0.133942,0.6476,21.0,AVAXUSDT,2024-01-14 08:00:00,,,,,0.6571,0.0095,794.353627,0.0,0.0,0.0,794.353627,0.0,0.0,0.0,2.34823,2.34823,1.0,2.34823,True,False
2024-01-14 12:00:00,36.4,37.26,36.17,37.18,316971.46,0.0001,60,-5.175255,0.0,trending,,1050.375221,0.252177,-0.769703,True,True,1049.566745,-0.517924,1050.375221,trending,-7.523485,0.6714,22.0,AVAXUSDT,2024-01-14 12:00:00,AVAXUSDT,37.18,14.620655,SHORT,0.6905,0.019,794.353627,0.0,0.0,0.0,794.353627,0.0,0.0,0.0,-5.175255,-5.175255,1.0,-5.175255,True,True
2024-01-14 16:00:00,37.18,37.86,36.03,36.12,566514.0,0.0001,60,5.360987,0.0,trending,,1065.064639,-0.495837,1.031935,True,True,1063.965033,0.536116,1065.064639,trending,10.536242,0.6238,23.0,AVAXUSDT,2024-01-14 16:00:00,AVAXUSDT,36.12,15.807856,LONG,0.6429,0.019,794.353627,0.0,0.0,0.0,794.353627,0.0,0.0,0.0,5.360987,5.360987,1.0,5.360987,True,True
2024-01-14 20:00:00,36.12,36.55,35.28,35.29,427955.05,0.0001,60,13.490472,0.0,trending,,1050.857633,0.53033,0.818717,True,True,1049.997278,1.349333,1050.857633,trending,8.129485,0.6762,24.0,AVAXUSDT,2024-01-14 20:00:00,AVAXUSDT,35.29,24.379574,LONG,0.7143,0.0381,794.353627,0.0,0.0,0.0,794.353627,0.0,0.0,0.0,13.490472,13.490472,1.0,13.490472,True,True
2024-01-15 00:00:00,35.28,36.47,35.22,36.01,274148.13,0.0001,52,5.066501,0.0,trending,,1078.903292,1.339974,-0.833324,True,True,1078.004217,0.507073,1078.903292,trending,-8.423971,0.6952,25.0,AVAXUSDT,2024-01-15 00:00:00,AVAXUSDT,36.01,24.967391,REDUCE_LONG,0.7333,0.0381,794.353627,0.0,0.0,0.0,794.353627,0.0,0.0,0.0,5.066501,5.066501,1.0,5.066501,True,True
2024-01-15 04:00:00,36.02,36.43,35.77,35.98,195079.5,0.0001,52,5.022902,0.0,trending,,1077.548821,0.506864,-0.004574,False,,1077.548821,0.506864,1077.548821,trending,-0.043599,0.7619,26.0,AVAXUSDT,2024-01-15 04:00:00,,,,,0.7619,0.0,794.353627,0.0,0.0,0.0,794.353627,0.0,0.0,0.0,5.022902,5.022902,1.0,5.022902,True,False
2024-01-15 08:00:00,35.99,36.52,35.87,36.34,216289.49,0.0001,52,0.800408,0.0,trending,,1083.013568,0.509353,-0.429312,True,True,1082.548617,0.080075,1083.013568,trending,-4.222494,0.8095,27.0,AVAXUSDT,2024-01-15 08:00:00,AVAXUSDT,36.34,12.794455,REDUCE_LONG,0.8095,0.0,794.353627,0.0,0.0,0.0,794.353627,0.0,0.0,0.0,0.800408,0.800408,1.0,0.800408,True,True
2024-01-15 12:00:00,36.34,36.5,35.16,35.28,345650.45,0.0001,52,11.868165,0.0,trending,,1080.020097,0.077922,1.108895,True,True,1078.822468,1.187024,1080.020097,trending,11.067756,0.8619,28.0,AVAXUSDT,2024-01-15 12:00:00,AVAXUSDT,35.28,33.946396,LONG,0.881,0.019,794.353627,0.0,0.0,0.0,794.353627,0.0,0.0,0.0,11.868165,11.868165,1.0,11.868165,True,True
2024-01-15 16:00:00,35.27,36.81,35.19,36.4,331737.73,0.0001,52,-1.016459,0.0,trending,,1119.476055,1.180232,-1.281878,True,True,1118.041024,-0.101776,1119.476055,trending,-12.884623,0.8238,29.0,AVAXUSDT,2024-01-15 16:00:00,AVAXUSDT,36.4,3.126102,SHORT,0.8714,0.0476,794.353627,0.0,0.0,0.0,794.353627,0.0,0.0,0.0,-1.016459,-1.016459,1.0,-1.016459,True,True
2024-01-15 20:00:00,36.41,36.52,35.36,35.61,205233.83,0.0001,52,7.335463,0.0,trending,,1120.510644,-0.099348,0.832894,True,True,1119.577266,0.733424,1120.510644,trending,8.351922,0.7714,30.0,AVAXUSDT,2024-01-15 20:00:00,AVAXUSDT,35.61,23.0819,LONG,0.8571,0.0857,794.353627,0.0,0.0,0.0,794.353627,0.0,0.0,0.0,7.335463,7.335463,1.0,7.335463,True,True
2024-01-16 00:00:00,35.6,36.26,35.6,36.25,140036.5,0.0001,64,-0.077893,0.0,trending,,1134.334909,0.736892,-0.744681,True,True,1133.490191,-0.007795,1134.334909,trending,-7.413356,0.6667,31.0,AVAXUSDT,2024-01-16 00:00:00,AVAXUSDT,36.25,0.243741,SHORT,0.8,0.1333,794.353627,0.0,0.0,0.0,794.353627,0.0,0.0,0.0,-0.077893,-0.077893,1.0,-0.077893,True,True
2024-01-16 04:00:00,36.25,36.27,35.5,35.81,186337.83,0.0001,64,5.310746,0.0,trending,,1133.597437,-0.0077,0.538774,True,True,1132.986676,0.530829,1133.597437,trending,5.388638,0.6857,32.0,AVAXUSDT,2024-01-16 04:00:00,AVAXUSDT,35.81,16.811638,LONG,0.7905,0.1048,794.353627,0.0,0.0,0.0,794.353627,0.0,0.0,0.0,5.310746,5.310746,1.0,5.310746,True,True
2024-01-16 08:00:00,35.82,36.54,35.62,35.77,355703.34,0.0001,64,5.441237,0.0,trending,,1132.314882,0.530551,0.013573,False,,1132.314882,0.530551,1132.314882,trending,0.130491,0.681,33.0,AVAXUSDT,2024-01-16 08:00:00,,,,,0.7762,0.0952,794.353627,0.0,0.0,0.0,794.353627,0.0,0.0,0.0,5.441237,5.441237,1.0,5.441237,True,False
2024-01-16 12:00:00,35.77,36.25,34.74,35.68,533481.36,0.0001,64,5.816065,0.0,trending,,1130.803348,0.529924,0.051683,False,,1130.803348,0.529924,1130.803348,trending,0.374828,0.681,34.0,AVAXUSDT,2024-01-16 12:00:00,,,,,0.7476,0.0667,794.353627,0.0,0.0,0.0,794.353627,0.0,0.0,0.0,5.816065,5.816065,1.0,5.816065,True,False
2024-01-16 16:00:00,35.68,35.88,35.35,35.5,290037.62,0.0001,64,7.45287,0.0,trending,,1127.780279,0.528664,0.216623,True,True,1127.535976,0.745232,1127.780279,trending,1.636805,0.6381,35.0,AVAXUSDT,2024-01-16 16:00:00,AVAXUSDT,35.5,6.881792,LONG,0.7048,0.0667,794.353627,0.0,0.0,0.0,794.353627,0.0,0.0,0.0,7.45287,7.45287,1.0,7.45287,True,True
2024-01-16 20:00:00,35.49,36.22,35.49,35.57,307430.43,0.0001,64,5.874593,0.0,trending,,1129.192857,0.745606,-0.158146,False,,1129.192857,0.745606,1129.192857,trending,-1.578277,0.6429,36.0,AVAXUSDT,2024-01-16 20:00:00,,,,,0.6714,0.0286,794.353627,0.0,0.0,0.0,794.353627,0.0,0.0,0.0,5.874593,5.874593,1.0,5.874593,True,False
2024-01-17 00:00:00,35.58,36.41,35.5,36.2,327804.3,0.0001,60,-2.252634,0.0,trending,,1144.104791,0.748921,-0.974185,True,True,1142.990222,-0.225483,1144.104791,trending,-8.127227,0.5714,37.0,AVAXUSDT,2024-01-17 00:00:00,AVAXUSDT,36.2,7.119472,SHORT,0.619,0.0476,794.353627,0.0,0.0,0.0,794.353627,0.0,0.0,0.0,-2.252634,-2.252634,1.0,-2.252634,True,True
2024-01-17 04:00:00,36.21,36.25,35.39,35.43,212734.18,0.0001,60,6.981819,0.0,trending,,1148.472216,-0.219633,0.917815,True,True,1147.417878,0.698125,1148.472216,trending,9.234453,0.5143,38.0,AVAXUSDT,2024-01-17 04:00:00,AVAXUSDT,35.43,22.63174,LONG,0.5714,0.0571,794.353627,0.0,0.0,0.0,794.353627,0.0,0.0,0.0,6.981819,6.981819,1.0,6.981819,True,True
2024-01-17 08:00:00,35.43,36.51,35.31,36.27,414716.1,0.0001,60,-3.410677,0.0,trending,,1166.409529,0.70304,-1.044108,True,True,1165.191672,-0.341424,1166.409529,trending,-10.392497,0.4286,39.0,AVAXUSDT,2024-01-17 08:00:00,AVAXUSDT,36.27,10.968421,SHORT,0.5143,0.0857,794.353627,0.0,0.0,0.0,794.353627,0.0,0.0,0.0,-3.410677,-3.410677,1.0,-3.410677,True,True
2024-01-17 12:00:00,36.27,36.5,35.75,35.79,498479.11,0.0001,60,2.477317,0.0,trending,,1170.456514,-0.33539,0.583122,True,True,1169.773602,0.247628,1170.456514,trending,5.887994,0.3905,40.0,AVAXUSDT,2024-01-17 12:00:00,AVAXUSDT,35.79,8.101681,LONG,0.4762,0.0857,794.353627,0.0,0.0,0.0,794.353627,0.0,0.0,0.0,2.477317,2.477317,1.0,2.477317,True,True
2024-01-17 16:00:00,35.8,36.11,35.25,35.91,322125.06,0.0001,60,0.819711,0.0,trending,,1170.744831,0.248253,-0.166281,False,,1170.744831,0.248253,1170.744831,trending,-1.657605,0.3619,41.0,AVAXUSDT,2024-01-17 16:00:00,,,,,0.4667,0.1048,794.353627,0.0,0.0,0.0,794.353627,0.0,0.0,0.0,0.819711,0.819711,1.0,0.819711,True,False
2024-01-17 20:00:00,35.91,36.44,35.75,36.06,330198.56,0.0001,60,-1.037921,0.0,trending,,1171.958868,0.249031,-0.352823,True,True,1171.545374,-0.103829,1171.958868,trending,-1.857632,0.3286,42.0,AVAXUSDT,2024-01-17 20:00:00,AVAXUSDT,36.06,3.373269,SHORT,0.4524,0.1238,794.353627,0.0,0.0,0.0,794.353627,0.0,0.0,0.0,-1.037921,-1.037921,1.0,-1.037921,True,True
2024-01-18 00:00:00,36.07,36.19,35.5,35.71,180993.57,0.0001,63,3.442111,0.0,trending,,1172.726018,-0.102717,0.446929,True,True,1172.201772,0.344021,1172.726018,trending,4.480032,0.4143,43.0,AVAXUSDT,2024-01-18 00:00:00,AVAXUSDT,35.71,11.303986,LONG,0.481,0.0667,794.353627,0.0,0.0,0.0,794.353627,0.0,0.0,0.0,3.442111,3.442111,1.0,3.442111,True,True
2024-01-18 04:00:00,35.7,35.97,35.44,35.87,224156.45,0.0001,63,1.129677,0.0,trending,,1174.008602,0.34503,-0.232063,True,True,1173.736158,0.112994,1174.008602,trending,-2.312435,0.4333,44.0,AVAXUSDT,2024-01-18 04:00:00,AVAXUSDT,35.87,7.595302,REDUCE_LONG,0.4905,0.0571,794.353627,0.0,0.0,0.0,794.353627,0.0,0.0,0.0,1.129677,1.129677,1.0,1.129677,True,True
2024-01-18 08:00:00,35.88,35.91,35.05,35.26,312795.08,0.0001,63,9.266402,0.0,trending,,1171.480757,0.111286,0.815354,True,True,1170.525585,0.92658,1171.480757,trending,8.136726,0.381,45.0,AVAXUSDT,2024-01-18 08:00:00,AVAXUSDT,35.26,27.089381,LONG,0.4952,0.1143,794.353627,0.0,0.0,0.0,794.353627,0.0,0.0,0.0,9.266402,9.266402,1.0,9.266402,True,True
2024-01-18 12:00:00,35.25,35.38,34.82,35.22,269386.01,0.0001,63,8.973168,0.0,trending,,1169.295198,0.926503,-0.029186,False,,1169.295198,0.926503,1169.295198,trending,-0.293235,0.3238,46.0,AVAXUSDT,2024-01-18 12:00:00,,,,,0.5429,0.219,794.353627,0.0,0.0,0.0,794.353627,0.0,0.0,0.0,8.973168,8.973168,1.0,8.973168,True,False
2024-01-18 16:00:00,35.21,35.22,32.72,32.97,966752.74,0.0001,63,20.0,0.0,trending,,1100.085937,0.921879,1.078121,True,True,1098.899912,2.001079,1100.085937,trending,11.026832,0.219,47.0,AVAXUSDT,2024-01-18 16:00:00,AVAXUSDT,32.97,35.972869,LONG,0.5905,0.3714,794.353627,0.0,0.0,0.0,794.353627,0.0,0.0,0.0,24.0,24.0,1.0,24.0,True,True
2024-01-18 20:00:00,32.96,33.91,32.91,33.59,574172.25,0.0001,63,20.0,0.0,trending,,1140.251784,1.964775,0.035225,False,,1140.251784,1.964775,1140.251784,trending,0.0,0.1524,48.0,AVAXUSDT,2024-01-18 20:00:00,,,,,0.5619,0.4095,794.353627,0.0,0.0,0.0,794.353627,0.0,0.0,0.0,24.0,24.0,1.0,24.0,True,False
2024-01-19 00:00:00,33.59,33.7,32.59,33.13,270026.18,0.0001,51,20.0,0.0,trending,,1109.571363,1.991451,0.008549,False,,1109.571363,1.991451,1109.571363,trending,0.0,0.2,49.0,AVAXUSDT,2024-01-19 00:00:00,,,,,0.6,0.4,794.353627,0.0,0.0,0.0,794.353627,0.0,0.0,0.0,24.0,24.0,1.0,24.0,True,False
2024-01-19 04:00:00,33.13,33.74,33.03,33.44,187904.27,0.0001,51,20.0,0.0,trending,,1130.247299,1.973314,0.026686,False,,1130.247299,1.973314,1130.247299,trending,0.0,0.2571,50.0,AVAXUSDT,2024-01-19 04:00:00,,,,,0.6286,0.3714,794.353627,0.0,0.0,0.0,794.353627,0.0,0.0,0.0,22.466291,22.466291,1.0,22.466291,True,False
2024-01-19 08:00:00,33.44,33.75,33.29,33.7,181752.67,0.0001,51,17.094422,0.0,trending,,1147.588407,1.958607,-0.249164,True,True,1147.302468,1.709868,1147.588407,trending,-2.905578,0.281,51.0,AVAXUSDT,2024-01-19 08:00:00,AVAXUSDT,33.7,8.484815,REDUCE_LONG,0.6429,0.3619,794.353627,0.0,0.0,0.0,794.353627,0.0,0.0,0.0,17.094422,17.094422,1.0,17.094422,True,True
2024-01-19 12:00:00,33.69,33.69,32.49,32.65,397322.62,0.0001,51,20.0,0.0,trending,,1086.180127,1.749815,0.250185,True,True,1085.908381,2.00025,1086.180127,trending,2.905578,0.1905,52.0,AVAXUSDT,2024-01-19 12:00:00,AVAXUSDT,32.65,8.323017,LONG,0.619,0.4286,794.353627,0.0,0.0,0.0,794.353627,0.0,0.0,0.0,24.0,24.0,1.0,24.0,True,True
2024-01-19 16:00:00,32.65,32.89,31.18,32.75,986830.52,0.0001,51,20.0,0.0,trending,,1092.561026,1.99416,0.00584,False,,1092.561026,1.99416,1092.561026,trending,0.0,0.1905,53.0,AVAXUSDT,2024-01-19 16:00:00,,,,,0.6476,0.4571,794.353627,0.0,0.0,0.0,794.353627,0.0,0.0,0.0,23.687278,23.687278,1.0,23.687278,True,False
2024-01-19 20:00:00,32.75,33.14,32.41,32.73,382511.12,0.0001,51,20.0,0.0,trending,,1091.230497,1.995372,0.004628,False,,1091.230497,1.995372,1091.230497,trending,0.0,0.1714,54.0,AVAXUSDT,2024-01-19 20:00:00,,,,,0.6476,0.4762,794.353627,0.0,0.0,0.0,794.353627,0.0,0.0,0.0,22.589511,22.589511,1.0,22.589511,True,False
2024-01-20 00:00:00,32.74,32.99,32.44,32.76,229705.02,0.0001,52,20.0,0.0,trending,,1093.22629,1.993555,0.006445,False,,1093.22629,1.993555,1093.22629,trending,0.0,0.3,55.0,AVAXUSDT,2024-01-20 00:00:00,,,,,0.719,0.419,794.353627,0.0,0.0,0.0,794.353627,0.0,0.0,0.0,20.027449,20.027449,1.0,20.027449,True,False
2024-01-20 04:00:00,32.76,32.94,32.57,32.59,166141.33,0.0001,52,20.0,0.0,trending,,1081.916794,2.003941,-0.003941,False,,1081.916794,2.003941,1081.916794,trending,0.0,0.4619,56.0,AVAXUSDT,2024-01-20 04:00:00,,,,,0.7857,0.3238,794.353627,0.0,0.0,0.0,794.353627,0.0,0.0,0.0,20.723529,20.723529,1.0,20.723529,True,False
2024-01-20 08:00:00,32.59,32.74,32.03,32.4,248830.88,0.0001,52,20.0,0.0,trending,,1069.276769,2.015808,-0.015808,False,,1069.276769,2.015808,1069.276769,trending,0.0,0.3524,57.0,AVAXUSDT,2024-01-20 08:00:00,,,,,0.7524,0.4,794.353627,0.0,0.0,0.0,794.353627,0.0,0.0,0.0,21.495775,21.495775,1.0,21.495775,True,False
2024-01-20 12:00:00,32.39,32.7,32.25,32.47,239824.85,0.0001,52,18.94346,0.0,trending,,1073.93362,2.011403,-0.117057,False,,1073.93362,2.011403,1073.93362,trending,-1.05654,0.181,58.0,AVAXUSDT,2024-01-20 12:00:00,,,,,0.6952,0.5143,794.353627,0.0,0.0,0.0,794.353627,0.0,0.0,0.0,18.94346,18.94346,1.0,18.94346,True,False
2024-01-20 16:00:00,32.45,32.61,32.18,32.35,129071.31,0.0001,52,19.636339,0.0,trending,,1065.950447,2.018978,-0.055344,False,,1065.950447,2.018978,1065.950447,trending,0.692879,0.1667,59.0,AVAXUSDT,2024-01-20 16:00:00,,,,,0.6905,0.5238,794.353627,0.0,0.0,0.0,794.353627,0.0,0.0,0.0,19.636339,19.636339,1.0,19.636339,True,False
2024-01-20 20:00:00,32.34,32.97,32.28,32.89,210556.62,0.0001,52,10.083706,0.0,trending,,1101.874728,1.985756,-0.977386,True,True,1100.797772,1.009357,1101.874728,trending,-9.552633,0.119,60.0,AVAXUSDT,2024-01-20 20:00:00,AVAXUSDT,32.89,32.744201,REDUCE_LONG,0.6619,0.5429,794.353627,0.0,0.0,0.0,794.353627,0.0,0.0,0.0,10.083706,10.083706,1.0,10.083706,True,True
2024-01-21 00:00:00,32.87,33.13,32.46,33.02,145362.49,0.0001,56,7.341534,0.0,trending,,1105.189464,1.00932,-0.275167,True,True,1104.885352,0.734356,1105.189464,trending,-2.742172,0.1238,61.0,AVAXUSDT,2024-01-21 00:00:00,AVAXUSDT,33.02,9.209907,REDUCE_LONG,0.6667,0.5429,794.353627,0.0,0.0,0.0,794.353627,0.0,0.0,0.0,7.341534,7.341534,1.0,7.341534,True,True
2024-01-21 04:00:00,33.02,33.24,32.77,33.1,144018.07,0.0001,56,5.555182,0.0,trending,,1106.85114,0.734827,-0.179309,False,,1106.85114,0.734827,1106.85114,trending,-1.786352,0.1952,62.0,AVAXUSDT,2024-01-21 04:00:00,,,,,0.6714,0.4762,794.353627,0.0,0.0,0.0,794.353627,0.0,0.0,0.0,5.555182,5.555182,1.0,5.555182,True,False
2024-01-21 08:00:00,33.1,33.44,32.96,33.31,172623.91,0.0001,56,1.963699,0.0,trending,,1112.011331,0.736058,-0.539688,True,True,1111.411192,0.196476,1112.011331,trending,-3.591484,0.1381,63.0,AVAXUSDT,2024-01-21 08:00:00,AVAXUSDT,33.31,18.016786,REDUCE_LONG,0.6714,0.5333,794.353627,0.0,0.0,0.0,794.353627,0.0,0.0,0.0,1.963699,1.963699,1.0,1.963699,True,True
2024-01-21 12:00:00,33.32,33.5,32.86,32.97,253556.72,0.0001,56,6.794234,0.0,trending,,1109.182304,0.194861,0.484562,True,True,1108.644836,0.679268,1109.182304,trending,4.830535,0.1381,64.0,AVAXUSDT,2024-01-21 12:00:00,AVAXUSDT,32.97,16.301723,LONG,0.681,0.5429,794.353627,0.0,0.0,0.0,794.353627,0.0,0.0,0.0,6.794234,6.794234,1.0,6.794234,True,True
2024-01-21 16:00:00,32.97,33.27,32.68,33.11,153396.25,0.0001,56,4.144792,0.0,trending,,1111.842572,0.68019,-0.265711,True,True,1111.547143,0.414589,1111.842572,trending,-2.649442,0.4095,65.0,AVAXUSDT,2024-01-21 16:00:00,AVAXUSDT,33.11,8.922653,REDUCE_LONG,0.7714,0.3619,794.353627,0.0,0.0,0.0,794.353627,0.0,0.0,0.0,4.144792,4.144792,1.0,4.144792,True,True
2024-01-21 20:00:00,33.11,33.15,32.45,32.54,169170.32,0.0001,56,12.21722,0.0,trending,,1103.613699,0.410381,0.811341,True,True,1102.718293,1.221902,1103.613699,trending,8.072427,0.3476,66.0,AVAXUSDT,2024-01-21 20:00:00,AVAXUSDT,32.54,27.517114,LONG,0.7571,0.4095,794.353627,0.0,0.0,0.0,794.353627,0.0,0.0,0.0,12.21722,12.21722,1.0,12.21722,True,True
2024-01-22 00:00:00,32.54,32.74,31.96,32.24,284992.0,0.0001,55,17.374095,0.0,trending,,1090.295917,1.22443,0.512979,True,True,1089.736618,1.737788,1090.295917,trending,5.156875,0.2571,67.0,AVAXUSDT,2024-01-22 00:00:00,AVAXUSDT,32.24,17.347989,LONG,0.7333,0.4762,794.353627,0.0,0.0,0.0,794.353627,0.0,0.0,0.0,17.374095,17.374095,1.0,17.374095,True,True
2024-01-22 04:00:00,32.23,32.4,31.6,31.98,569958.29,0.0001,55,20.0,0.0,trending,,1074.464592,1.748275,0.251725,True,True,1074.194122,2.000252,1074.464592,trending,2.625905,0.1619,68.0,AVAXUSDT,2024-01-22 04:00:00,AVAXUSDT,31.98,8.457474,LONG,0.7143,0.5524,794.353627,0.0,0.0,0.0,794.353627,0.0,0.0,0.0,20.338917,20.338917,1.0,20.338917,True,True
2024-01-22 08:00:00,31.99,31.99,30.67,31.2,510230.13,0.0001,55,20.0,0.0,trending,,1021.787812,2.051554,-0.051554,False,,1021.787812,2.051554,1021.787812,trending,0.0,0.1143,69.0,AVAXUSDT,2024-01-22 08:00:00,,,,,0.7048,0.5905,794.353627,0.0,0.0,0.0,794.353627,0.0,0.0,0.0,24.0,24.0,1.0,24.0,True,False
2024-01-22 12:00:00,31.19,31.65,30.18,30.62,601659.29,0.0001,55,20.0,0.0,trending,,982.819017,2.093248,-0.093248,False,,982.819017,2.093248,982.819017,trending,0.0,0.1714,70.0,AVAXUSDT,2024-01-22 12:00:00,,,,,0.7238,0.5524,794.353627,0.0,0.0,0.0,794.353627,0.0,0.0,0.0,24.0,24.0,1.0,24.0,True,False
2024-01-22 16:00:00,30.64,30.8,29.32,29.87,883132.7,0.0001,55,20.0,0.0,trending,,932.428334,2.152329,-0.152329,False,,932.428334,2.152329,932.428334,trending,0.0,0.3524,71.0,AVAXUSDT,2024-01-22 16:00:00,,,,,0.781,0.4286,794.353627,0.0,0.0,0.0,794.353627,0.0,0.0,0.0,24.0,24.0,1.0,24.0,True,False
2024-01-22 20:00:00,29.87,30.61,29.41,29.53,617747.63,0.0001,55,20.0,0.0,trending,,909.584558,2.18127,-0.18127,False,,909.584558,2.18127,909.584558,trending,0.0,0.5143,72.0,AVAXUSDT,2024-01-22 20:00:00,,,,,0.8381,0.3238,794.353627,0.0,0.0,0.0,794.353627,0.0,0.0,0.0,24.0,24.0,1.0,24.0,True,False
2024-01-23 00:00:00,29.53,30.22,29.31,29.95,402577.44,0.0001,50,20.0,0.0,trending,,937.803341,2.145725,-0.145725,False,,937.803341,2.145725,937.803341,trending,0.0,0.5095,73.0,AVAXUSDT,2024-01-23 00:00:00,,,,,0.8333,0.3238,794.353627,0.0,0.0,0.0,794.353627,0.0,0.0,0.0,24.0,24.0,1.0,24.0,True,False
2024-01-23 04:00:00,29.96,30.23,29.16,29.34,246800.49,0.0001,50,20.0,0.0,trending,,896.818919,2.198084,-0.198084,False,,896.818919,2.198084,896.818919,trending,0.0,0.5143,74.0,AVAXUSDT,2024-01-23 04:00:00,,,,,0.8381,0.3238,794.353627,0.0,0.0,0.0,794.353627,0.0,0.0,0.0,24.0,24.0,1.0,24.0,True,False
2024-01-23 08:00:00,29.34,29.51,27.43,27.92,1472682.45,0.0001,50,20.0,0.0,trending,,801.412559,2.340713,-0.340713,True,True,801.139507,2.000682,801.412559,trending,0.0,0.4286,75.0,AVAXUSDT,2024-01-23 08:00:00,AVAXUSDT,27.92,9.779801,REDUCE_LONG,0.8095,0.381,794.353627,0.0,0.0,0.0,794.353627,0.0,0.0,0.0,24.0,24.0,1.0,24.0,True,True
2024-01-23 12:00:00,27.93,29.32,27.24,29.1,1126489.32,0.0001,50,0.0,0.0,unknown,,868.880683,1.922665,-1.922665,True,True,867.210117,0.0,868.880683,unknown,-20.0,0.0381,1.0,AVAXUSDT,2024-01-23 12:00:00,AVAXUSDT,29.1,57.407776,CLOSE,0.6762,0.6381,794.353627,0.0,0.0,0.0,794.353627,0.0,0.0,0.0,,,,,True,True
2024-01-23 16:00:00,29.1,29.46,28.69,28.87,665703.93,0.0001,50,0.0,0.0,unknown,,867.210117,0.0,0.0,,,867.210117,0.0,867.210117,unknown,0.0,0.0095,2.0,,,,,,,0.6571,0.6476,794.353627,0.0,0.0,0.0,794.353627,0.0,0.0,0.0,,,,,,
2024-01-23 20:00:00,28.88,30.88,28.78,30.63,817268.58,0.0001,50,3.094547,0.0,mean_reversion,,867.210117,0.0,0.309455,True,True,866.941755,0.309241,867.210117,mean_reversion,3.094547,0.1476,1.0,AVAXUSDT,2024-01-23 20:00:00,AVAXUSDT,30.63,8.761418,LONG,0.5667,0.7143,794.353627,0.0,0.0,0.0,794.353627,0.0,0.0,0.0,3.094547,3.094547,1.0,3.094547,True,True
2024-01-24 00:00:00,30.64,30.7,29.54,29.61,488841.93,0.0001,48,14.172212,0.0,mean_reversion,,858.014045,0.302054,1.115168,True,True,857.057215,1.417687,858.014045,mean_reversion,11.077665,0.1714,2.0,AVAXUSDT,2024-01-24 00:00:00,AVAXUSDT,29.61,32.314406,LONG,0.5524,0.7238,794.353627,0.0,0.0,0.0,794.353627,0.0,0.0,0.0,14.172212,14.172212,1.0,14.172212,True,True
2024-01-24 04:00:00,29.61,30.77,29.49,30.57,413370.41,0.0001,48,1.975117,0.0,mean_reversion,,896.450574,1.399332,-1.201821,True,True,895.373201,0.197749,896.450574,mean_reversion,-12.197095,0.2762,3.0,AVAXUSDT,2024-01-24 04:00:00,AVAXUSDT,30.57,35.242813,REDUCE_LONG,0.4476,0.7238,794.353627,0.0,0.0,0.0,794.353627,0.0,0.0,0.0,1.975117,1.975117,1.0,1.975117,True,True
2024-01-24 08:00:00,30.59,31.81,30.5,31.24,646081.09,0.0001,48,-5.387713,0.0,mean_reversion,,899.253797,0.201211,-0.739983,True,True,898.588365,-0.53917,899.253797,mean_reversion,-7.36283,0.3286,4.0,AVAXUSDT,2024-01-24 08:00:00,AVAXUSDT,31.24,15.508712,SHORT,0.3857,0.7143,794.353627,0.0,0.0,0.0,794.353627,0.0,0.0,0.0,-5.387713,-5.387713,1.0,-5.387713,True,True
2024-01-24 12:00:00,31.24,31.91,30.52,30.98,739000.69,0.0001,48,-2.02772,0.0,mean_reversion,,902.62063,-0.532294,0.329522,True,True,902.322899,-0.202839,902.62063,mean_reversion,3.359993,0.2952,5.0,AVAXUSDT,2024-01-24 12:00:00,AVAXUSDT,30.98,9.60083,REDUCE_SHORT,0.3714,0.6667,794.353627,0.0,0.0,0.0,794.353627,0.0,0.0,0.0,-2.02772,-2.02772,1.0,-2.02772,True,True
2024-01-24 16:00:00,30.99,31.63,30.49,30.65,568013.53,8.2e-05,48,1.495841,0.0,mean_reversion,,904.2725,-0.200246,0.34983,True,True,903.955977,0.149487,904.2725,mean_reversion,3.523561,0.1476,6.0,AVAXUSDT,2024-01-24 16:00:00,AVAXUSDT,30.65,4.413206,LONG,0.4048,0.5524,794.353627,0.0,0.0,0.0,794.353627,0.0,0.0,0.0,1.495841,1.495841,1.0,1.495841,True,True
2024-01-24 20:00:00,30.65,31.29,30.04,31.2,536491.26,8.2e-05,48,-4.013339,0.0,mean_reversion,,906.380813,0.151762,-0.553096,True,True,905.879498,-0.401556,906.380813,mean_reversion,-5.50918,0.1476,7.0,AVAXUSDT,2024-01-24 20:00:00,AVAXUSDT,31.2,11.659019,SHORT,0.4048,0.5524,794.353627,0.0,0.0,0.0,794.353627,0.0,0.0,0.0,-4.013339,-4.013339,1.0,-4.013339,True,True
2024-01-25 00:00:00,31.19,31.36,30.57,30.76,248487.27,0.0001,52,0.0,0.0,unknown,,911.009466,-0.393664,0.393664,True,True,910.650475,0.0,911.009466,unknown,4.013339,0.0143,1.0,AVAXUSDT,2024-01-25 00:00:00,AVAXUSDT,30.76,-11.659019,CLOSE,0.4524,0.4667,794.353627,0.0,0.0,0.0,794.353627,0.0,0.0,0.0,,,,,True,True
2024-01-25 04:00:00,30.75,30.79,30.21,30.58,200234.88,0.0001,52,2.313252,0.0,trending,,910.650475,0.0,0.231325,True,True,910.439819,0.231147,910.650475,trending,2.313252,0.0667,1.0,AVAXUSDT,2024-01-25 04:00:00,AVAXUSDT,30.58,6.8887,LONG,0.4857,0.419,794.353627,0.0,0.0,0.0,794.353627,0.0,0.0,0.0,2.313252,2.313252,1.0,2.313252,True,True
2024-01-25 08:00:00,30.58,30.67,30.05,30.34,340936.28,0.0001,52,4.441315,0.0,trending,,908.788184,0.22975,0.214381,True,True,908.593357,0.444012,908.788184,trending,2.128063,0.2524,2.0,AVAXUSDT,2024-01-25 08:00:00,AVAXUSDT,30.34,6.421467,LONG,0.5667,0.3143,794.353627,0.0,0.0,0.0,794.353627,0.0,0.0,0.0,4.441315,4.441315,1.0,4.441315,True,True
2024-01-25 12:00:00,30.35,30.47,29.61,29.8,527811.76,0.0001,52,9.249411,0.0,mean_reversion,,901.413054,0.439584,0.485358,True,True,900.975547,0.924905,901.413054,mean_reversion,4.808096,0.1,1.0,AVAXUSDT,2024-01-25 12:00:00,AVAXUSDT,29.8,14.681466,LONG,0.4619,0.5619,794.353627,0.0,0.0,0.0,794.353627,0.0,0.0,0.0,9.249411,9.249411,1.0,9.249411,True,True
2024-01-25 16:00:00,29.79,31.06,29.66,30.54,511650.74,0.0001,52,1.182903,0.0,mean_reversion,,921.668641,0.926591,-0.8083,True,True,920.923656,0.118386,921.668641,mean_reversion,-8.066508,0.419,2.0,AVAXUSDT,2024-01-25 16:00:00,AVAXUSDT,30.54,24.39375,REDUCE_LONG,0.3524,0.7714,794.353627,0.0,0.0,0.0,794.353627,0.0,0.0,0.0,1.182903,1.182903,1.0,1.182903,True,True
2024-01-25 20:00:00,30.54,30.74,30.27,30.51,235267.52,0.0001,52,1.417294,0.0,mean_reversion,,920.816559,0.118283,0.023446,False,,920.816559,0.118283,920.816559,mean_reversion,0.234391,0.4905,3.0,AVAXUSDT,2024-01-25 20:00:00,,,,,0.3095,0.8,794.353627,0.0,0.0,0.0,794.353627,0.0,0.0,0.0,1.417294,1.417294,1.0,1.417294,True,False
2024-01-26 00:00:00,30.51,30.94,30.12,30.74,264487.3,0.0001,49,-1.065012,0.0,mean_reversion,,921.637634,0.119069,-0.22557,True,True,921.42974,-0.106525,921.637634,mean_reversion,-2.482306,0.5571,4.0,AVAXUSDT,2024-01-26 00:00:00,AVAXUSDT,30.74,3.193087,SHORT,0.2714,0.8286,794.353627,0.0,0.0,0.0,794.353627,0.0,0.0,0.0,-1.065012,-1.065012,1.0,-1.065012,True,True
2024-01-26 04:00:00,30.73,30.94,30.46,30.61,224684.93,0.0001,49,0.395961,0.0,mean_reversion,,921.844841,-0.106027,0.145623,False,,921.844841,-0.106027,921.844841,mean_reversion,1.460973,0.5857,5.0,AVAXUSDT,2024-01-26 04:00:00,,,,,0.2429,0.8286,794.353627,0.0,0.0,0.0,794.353627,0.0,0.0,0.0,0.395961,0.395961,1.0,0.395961,True,False
2024-01-26 08:00:00,30.62,32.35,30.61,32.26,630949.96,0.0001,49,-16.674352,0.0,mean_reversion,,916.576247,-0.112385,-1.555051,True,True,915.150925,-1.670032,916.576247,mean_reversion,-17.070314,0.6667,6.0,AVAXUSDT,2024-01-26 08:00:00,AVAXUSDT,32.26,44.182348,SHORT,0.2,0.8667,794.353627,0.0,0.0,0.0,794.353627,0.0,0.0,0.0,-16.674352,-16.674352,1.0,-16.674352,True,True
2024-01-26 12:00:00,32.28,32.4,31.51,32.15,641173.16,0.0001,49,-14.059858,0.0,mean_reversion,,920.362222,-1.654914,0.248928,True,True,920.132889,-1.406336,920.362222,mean_reversion,2.614494,0.6381,7.0,AVAXUSDT,2024-01-26 12:00:00,AVAXUSDT,32.15,7.126096,REDUCE_SHORT,0.2095,0.8476,794.353627,0.0,0.0,0.0,794.353627,0.0,0.0,0.0,-14.059858,-14.059858,1.0,-14.059858,True,True
2024-01-26 16:00:00,32.15,33.11,32.11,32.71,615207.47,6.8e-05,49,-19.44697,0.0,mean_reversion,,897.593259,-1.466762,-0.477935,True,True,897.164268,-1.945627,897.593259,mean_reversion,-5.387111,0.6143,8.0,AVAXUSDT,2024-01-26 16:00:00,AVAXUSDT,32.71,13.114981,SHORT,0.2429,0.8571,794.353627,0.0,0.0,0.0,794.353627,0.0,0.0,0.0,-19.44697,-19.44697,1.0,-19.44697,True,True
2024-01-26 20:00:00,32.7,32.96,32.13,32.26,279437.85,6.8e-05,49,-13.44843,0.0,mean_reversion,,921.178212,-1.868838,0.523995,True,True,920.695036,-1.345549,921.178212,mean_reversion,5.99854,0.6238,9.0,AVAXUSDT,2024-01-26 20:00:00,AVAXUSDT,32.26,14.962583,REDUCE_SHORT,0.2619,0.8857,794.353627,0.0,0.0,0.0,794.353627,0.0,0.0,0.0,-13.44843,-13.44843,1.0,-13.44843,True,True
2024-01-27 00:00:00,32.26,32.83,32.14,32.71,168634.7,0.0001,55,-17.434206,0.0,mean_reversion,,903.414254,-1.390415,-0.353005,True,True,903.095344,-1.744036,903.414254,mean_reversion,-3.985776,0.481,10.0,AVAXUSDT,2024-01-27 00:00:00,AVAXUSDT,32.71,9.749623,SHORT,0.319,0.8,794.353627,0.0,0.0,0.0,794.353627,0.0,0.0,0.0,-17.434206,-17.434206,1.0,-17.434206,True,True
2024-01-27 04:00:00,32.7,32.89,32.0,32.09,243496.92,0.0001,55,-9.112192,0.0,mean_reversion,,932.949187,-1.656229,0.745009,True,True,932.253436,-0.911899,932.949187,mean_reversion,8.322013,0.5238,11.0,AVAXUSDT,2024-01-27 04:00:00,AVAXUSDT,32.09,21.65958,REDUCE_SHORT,0.3143,0.8381,794.353627,0.0,0.0,0.0,794.353627,0.0,0.0,0.0,-9.112192,-9.112192,1.0,-9.112192,True,True
2024-01-27 08:00:00,32.08,32.46,31.85,32.32,165430.03,0.0001,55,-11.397015,0.0,mean_reversion,,926.160326,-0.924477,-0.215224,True,True,925.960994,-1.139947,926.160326,mean_reversion,-2.284823,0.4238,12.0,AVAXUSDT,2024-01-27 08:00:00,AVAXUSDT,32.32,6.167449,SHORT,0.3952,0.819,794.353627,0.0,0.0,0.0,794.353627,0.0,0.0,0.0,-11.397015,-11.397015,1.0,-11.397015,True,True
2024-01-27 12:00:00,32.32,32.79,32.25,32.65,173587.01,0.0001,55,-15.079324,0.0,trending,,915.183449,-1.165148,-0.342785,True,True,914.869738,-1.508449,915.183449,trending,-3.682309,0.2381,1.0,AVAXUSDT,2024-01-27 12:00:00,AVAXUSDT,32.65,9.608297,SHORT,0.6286,0.3905,794.353627,0.0,0.0,0.0,794.353627,0.0,0.0,0.0,-15.079324,-15.079324,1.0,-15.079324,True,True
2024-01-27 16:00:00,32.66,32.87,32.31,32.74,207997.84,8.8e-05,55,-15.463521,0.0,mean_reversion,,911.06566,-1.518923,-0.027429,False,,911.06566,-1.518923,911.06566,mean_reversion,-0.384198,0.3,1.0,AVAXUSDT,2024-01-27 16:00:00,,,,,0.4619,0.7619,794.353627,0.0,0.0,0.0,794.353627,0.0,0.0,0.0,-15.463521,-15.463521,1.0,-15.463521,True,False
2024-01-27 20:00:00,32.74,33.32,32.7,33.28,235792.23,8.8e-05,55,-20.0,0.0,mean_reversion,,888.241196,-1.58365,-0.41635,True,True,887.871377,-2.000833,888.241196,mean_reversion,-4.536479,0.5,2.0,AVAXUSDT,2024-01-27 20:00:00,AVAXUSDT,33.28,11.112353,SHORT,0.3857,0.8857,794.353627,0.0,0.0,0.0,794.353627,0.0,0.0,0.0,-22.39716,-22.39716,1.0,-22.39716,True,True
2024-01-28 00:00:00,33.29,36.11,33.19,35.87,997272.32,6.9e-05,54,-20.0,0.0,mean_reversion,,749.617489,-2.554284,0.554284,True,True,749.201572,-2.00111,749.617489,mean_reversion,0.0,0.5333,3.0,AVAXUSDT,2024-01-28 00:00:00,AVAXUSDT,35.87,11.583532,REDUCE_SHORT,0.4476,0.981,794.353627,0.0,0.0,0.0,794.353627,0.0,0.0,0.0,-24.0,-24.0,1.0,-24.0,True,True
2024-01-28 04:00:00,35.88,36.39,35.33,35.68,1108065.99,6.9e-05,54,-20.0,0.0,mean_reversion,,757.142878,-1.969633,-0.030367,False,,757.142878,-1.969633,757.142878,mean_reversion,0.0,0.5429,4.0,AVAXUSDT,2024-01-28 04:00:00,,,,,0.4476,0.9905,794.353627,0.0,0.0,0.0,794.353627,0.0,0.0,0.0,-24.0,-24.0,1.0,-24.0,True,False
2024-01-28 08:00:00,35.69,36.72,35.6,36.17,690906.9,2.1e-05,54,-20.0,0.0,mean_reversion,,736.662668,-2.052193,0.052193,False,,736.662668,-2.052193,736.662668,mean_reversion,0.0,0.5048,5.0,AVAXUSDT,2024-01-28 08:00:00,,,,,0.4667,0.9714,794.353627,0.0,0.0,0.0,794.353627,0.0,0.0,0.0,-24.0,-24.0,1.0,-24.0,True,False
2024-01-28 12:00:00,36.17,36.34,35.32,35.63,717792.71,2.1e-05,54,-20.0,0.0,mean_reversion,,759.232695,-1.961459,-0.038541,False,,759.232695,-1.961459,759.232695,mean_reversion,0.0,0.4905,6.0,AVAXUSDT,2024-01-28 12:00:00,,,,,0.4714,0.9619,794.353627,0.0,0.0,0.0,794.353627,0.0,0.0,0.0,-24.0,-24.0,1.0,-24.0,True,False
2024-01-28 16:00:00,35.63,36.0,34.43,34.64,551756.49,0.0001,54,-17.554972,0.0,mean_reversion,,800.611079,-1.8084,0.052903,False,,800.611079,-1.8084,800.611079,mean_reversion,2.445028,0.5143,7.0,AVAXUSDT,2024-01-28 16:00:00,,,,,0.4476,0.9619,794.353627,0.0,0.0,0.0,794.353627,0.0,0.0,0.0,-17.554972,-17.554972,1.0,-17.554972,True,False
2024-01-28 20:00:00,34.63,35.13,34.37,34.82,374702.59,0.0001,54,-18.13504,0.0,mean_reversion,,793.087737,-1.835041,0.021537,False,,793.087737,-1.835041,793.087737,mean_reversion,-0.580068,0.5095,8.0,AVAXUSDT,2024-01-28 20:00:00,,,,,0.4429,0.9524,794.353627,0.0,0.0,0.0,794.353627,0.0,0.0,0.0,-18.13504,-18.13504,1.0,-18.13504,True,False
2024-01-29 00:00:00,34.83,35.77,34.55,35.4,430094.45,0.0001,55,-20.0,0.0,mean_reversion,,768.845855,-1.924431,-0.075569,False,,768.845855,-1.924431,768.845855,mean_reversion,-1.86496,0.5238,9.0,AVAXUSDT,2024-01-29 00:00:00,,,,,0.4381,0.9619,794.353627,0.0,0.0,0.0,794.353627,0.0,0.0,0.0,-23.620914,-23.620914,1.0,-23.620914,True,False
2024-01-29 04:00:00,35.41,35.58,34.81,34.89,772223.1,0.0001,55,-14.933759,0.0,mean_reversion,,790.161992,-1.845539,0.352163,True,True,789.883448,-1.493903,790.161992,mean_reversion,5.066241,0.5143,10.0,AVAXUSDT,2024-01-29 04:00:00,AVAXUSDT,34.89,7.975514,REDUCE_SHORT,0.4381,0.9524,794.353627,0.0,0.0,0.0,794.353627,0.0,0.0,0.0,-14.933759,-14.933759,1.0,-14.933759,True,True
2024-01-29 08:00:00,34.88,35.35,34.71,34.94,328567.41,0.0001,55,-14.23882,0.0,mean_reversion,,788.192406,-1.499253,0.075371,False,,788.192406,-1.499253,788.192406,mean_reversion,0.694939,0.5238,11.0,AVAXUSDT,2024-01-29 08:00:00,,,,,0.4381,0.9619,794.353627,0.0,0.0,0.0,794.353627,0.0,0.0,0.0,-14.23882,-14.23882,1.0,-14.23882,True,False
2024-01-29 12:00:00,34.94,35.86,34.34,35.81,475123.49,9.9e-05,55,-20.0,0.0,mean_reversion,,758.768282,-1.596171,-0.403829,True,True,758.461869,-2.000808,758.768282,mean_reversion,-5.76118,0.5048,12.0,AVAXUSDT,2024-01-29 12:00:00,AVAXUSDT,35.81,8.556619,SHORT,0.4667,0.9714,794.353627,0.0,0.0,0.0,794.353627,0.0,0.0,0.0,-22.253591,-22.253591,1.0,-22.253591,True,True
2024-01-29 16:00:00,35.8,36.55,35.45,35.94,755325.34,0.0001,55,-20.0,0.0,mean_reversion,,752.9528,-2.022764,0.022764,False,,752.9528,-2.022764,752.9528,mean_reversion,0.0,0.5,13.0,AVAXUSDT,2024-01-29 16:00:00,,,,,0.4714,0.9714,794.353627,0.0,0.0,0.0,794.353627,0.0,0.0,0.0,-22.310835,-22.310835,1.0,-22.310835,True,False
2024-01-29 20:00:00,35.94,36.27,35.82,36.06,268855.24,0.0001,55,-20.0,0.0,mean_reversion,,747.867506,-2.043318,0.043318,False,,747.867506,-2.043318,747.867506,mean_reversion,0.0,0.5238,14.0,AVAXUSDT,2024-01-29 20:00:00,,,,,0.4667,0.9905,794.353627,0.0,0.0,0.0,794.353627,0.0,0.0,0.0,-22.088167,-22.088167,1.0,-22.088167,True,False
2024-01-30 00:00:00,36.07,36.46,35.64,35.76,309434.5,0.0001,61,-16.494743,0.0,mean_reversion,,760.580742,-1.992448,0.342974,True,True,760.319621,-1.650041,760.580742,mean_reversion,3.505257,0.5333,15.0,AVAXUSDT,2024-01-30 00:00:00,AVAXUSDT,35.76,7.294723,REDUCE_SHORT,0.4571,0.9905,794.353627,0.0,0.0,0.0,794.353627,0.0,0.0,0.0,-16.494743,-16.494743,1.0,-16.494743,True,True
2024-01-30 04:00:00,35.75,36.07,35.5,35.74,433768.23,0.0001,61,-14.875219,0.0,mean_reversion,,761.021276,-1.647597,0.160076,False,,761.021276,-1.647597,761.021276,mean_reversion,1.619525,0.519,16.0,AVAXUSDT,2024-01-30 04:00:00,,,,,0.4619,0.981,794.353627,0.0,0.0,0.0,794.353627,0.0,0.0,0.0,-14.875219,-14.875219,1.0,-14.875219,True,False
2024-01-30 08:00:00,35.74,37.15,35.53,37.0,746033.41,0.0001,61,-20.0,0.0,mean_reversion,,716.817037,-1.810868,-0.189132,False,,716.817037,-1.810868,716.817037,mean_reversion,-5.124781,0.5429,17.0,AVAXUSDT,2024-01-30 08:00:00,,,,,0.4476,0.9905,794.353627,0.0,0.0,0.0,794.353627,0.0,0.0,0.0,-24.0,-24.0,1.0,-24.0,True,False
2024-01-30 12:00:00,37.0,37.02,35.61,36.15,738094.85,0.0001,61,-14.67973,0.0,mean_reversion,,746.637357,-1.698603,0.23063,True,True,746.464987,-1.468312,746.637357,mean_reversion,5.32027,0.5714,18.0,AVAXUSDT,2024-01-30 12:00:00,AVAXUSDT,36.15,4.763407,REDUCE_SHORT,0.419,0.9905,794.353627,0.0,0.0,0.0,794.353627,0.0,0.0,0.0,-14.67973,-14.67973,1.0,-14.67973,True,True
2024-01-30 16:00:00,36.15,36.52,35.8,36.2,393935.54,0.0001,61,-13.786302,0.0,mean_reversion,,744.949021,-1.473335,0.094705,False,,744.949021,-1.473335,744.949021,mean_reversion,0.893428,0.5952,19.0,AVAXUSDT,2024-01-30 16:00:00,,,,,0.3857,0.981,794.353627,0.0,0.0,0.0,794.353627,0.0,0.0,0.0,-13.786302,-13.786302,1.0,-13.786302,True,False
2024-01-30 20:00:00,36.2,36.36,35.0,35.22,337762.62,0.0001,61,-1.173615,0.0,mean_reversion,,774.661957,-1.378468,1.261106,True,True,773.684048,-0.11751,774.661957,mean_reversion,12.612686,0.6667,20.0,AVAXUSDT,2024-01-30 20:00:00,AVAXUSDT,35.22,27.737962,REDUCE_SHORT,0.3238,0.9905,794.353627,0.0,0.0,0.0,794.353627,0.0,0.0,0.0,-1.173615,-1.173615,1.0,-1.173615,True,True
2024-01-31 00:00:00,35.23,35.32,34.66,34.95,340302.78,0.0001,60,1.91349,0.0,mean_reversion,,774.381015,-0.116504,0.307853,True,True,774.142529,0.191217,774.381015,mean_reversion,3.087105,0.7,21.0,AVAXUSDT,2024-01-31 00:00:00,AVAXUSDT,34.95,4.239687,LONG,0.281,0.981,794.353627,0.0,0.0,0.0,794.353627,0.0,0.0,0.0,1.91349,1.91349,1.0,1.91349,True,True
2024-01-31 04:00:00,34.94,35.18,34.62,34.98,428684.67,0.0001,60,1.405043,0.0,mean_reversion,,774.269592,0.191349,-0.050845,False,,774.269592,0.191349,774.269592,mean_reversion,-0.508448,0.6714,22.0,AVAXUSDT,2024-01-31 04:00:00,,,,,0.281,0.9524,794.353627,0.0,0.0,0.0,794.353627,0.0,0.0,0.0,1.405043,1.405043,1.0,1.405043,True,False
2024-01-31 08:00:00,34.98,35.06,34.01,34.73,376775.35,0.0001,60,4.405962,0.0,mean_reversion,,773.210731,0.190242,0.250354,True,True,773.017154,0.440456,773.210731,mean_reversion,3.000919,0.6429,23.0,AVAXUSDT,2024-01-31 08:00:00,AVAXUSDT,34.73,5.573759,LONG,0.2714,0.9143,794.353627,0.0,0.0,0.0,794.353627,0.0,0.0,0.0,4.405962,4.405962,1.0,4.405962,True,True
2024-01-31 12:00:00,34.72,35.49,34.3,35.23,382337.13,0.0001,60,-2.03219,0.0,mean_reversion,,777.91897,0.443982,-0.647201,True,True,777.4155,-0.203351,777.91897,mean_reversion,-6.438152,0.6238,24.0,AVAXUSDT,2024-01-31 12:00:00,AVAXUSDT,35.23,4.48731,SHORT,0.2714,0.8952,794.353627,0.0,0.0,0.0,794.353627,0.0,0.0,0.0,-2.03219,-2.03219,1.0,-2.03219,True,True
2024-01-31 16:00:00,35.23,35.5,34.7,35.18,359640.92,0.0001,60,-1.259389,0.0,mean_reversion,,777.639866,-0.203003,0.077065,False,,777.639866,-0.203003,777.639866,mean_reversion,0.772801,0.6048,25.0,AVAXUSDT,2024-01-31 16:00:00,,,,,0.2714,0.8762,794.353627,0.0,0.0,0.0,794.353627,0.0,0.0,0.0,-1.259389,-1.259389,1.0,-1.259389,True,False
2024-01-31 20:00:00,35.18,35.25,33.13,33.17,741913.06,0.0001,60,20.0,0.0,mean_reversion,,786.659359,-0.18921,2.18921,True,True,784.937047,2.002384,786.659359,mean_reversion,21.259389,0.8524,26.0,AVAXUSDT,2024-01-31 20:00:00,AVAXUSDT,33.17,47.431978,LONG,0.119,0.9714,794.353627,0.0,0.0,0.0,794.353627,0.0,0.0,0.0,22.112861,22.112861,1.0,22.112861,True,True
2024-02-01 00:00:00,33.18,33.32,32.3,32.9,510324.55,0.0001,63,20.0,0.0,mean_reversion,,772.143219,2.018993,-0.018993,False,,772.143219,2.018993,772.143219,mean_reversion,0.0,0.7429,27.0,AVAXUSDT,2024-02-01 00:00:00,,,,,0.2,0.9429,794.353627,0.0,0.0,0.0,794.353627,0.0,0.0,0.0,23.746886,23.746886,1.0,23.746886,True,False
2024-02-01 04:00:00,32.89,33.49,32.76,33.36,291617.28,0.0001,63,16.057852,0.0,mean_reversion,,793.940111,1.991017,-0.385232,True,True,793.634259,1.606404,793.940111,mean_reversion,-3.942148,0.6952,28.0,AVAXUSDT,2024-02-01 04:00:00,AVAXUSDT,33.36,9.168201,REDUCE_LONG,0.219,0.9143,794.353627,0.0,0.0,0.0,794.353627,0.0,0.0,0.0,16.057852,16.057852,1.0,16.057852,True,True
2024-02-01 08:00:00,33.36,33.55,33.02,33.05,207226.99,0.0001,63,18.847186,0.0,mean_reversion,,781.787192,1.615593,0.269125,True,True,781.576794,1.884957,781.787192,mean_reversion,2.789333,0.5381,29.0,AVAXUSDT,2024-02-01 08:00:00,AVAXUSDT,33.05,6.36607,LONG,0.2905,0.8286,794.353627,0.0,0.0,0.0,794.353627,0.0,0.0,0.0,18.847186,18.847186,1.0,18.847186,True,True
2024-02-01 12:00:00,33.05,33.95,32.83,33.37,418535.61,0.0001,63,12.891404,0.0,mean_reversion,,795.84113,1.869095,-0.579955,True,True,795.379578,1.289888,795.84113,mean_reversion,-5.955782,0.5143,30.0,AVAXUSDT,2024-02-01 12:00:00,AVAXUSDT,33.37,13.83134,REDUCE_LONG,0.2952,0.8095,794.353627,0.0,0.0,0.0,794.353627,0.0,0.0,0.0,12.891404,12.891404,1.0,12.891404,True,True
2024-02-01 12:00:00,33.05,33.95,32.83,33.37,418535.61,0.0001,63,,,,,795.379578,1.289888,-1.289888,,True,794.353627,0.0,795.379578,,,,,,,AVAXUSDT,33.37,30.744709,CLOSE,,,794.353627,0.0,0.0,0.0,794.353627,0.0,0.0,0.0,,,,,,
