regime,bin,count_final_forecast
NOT_READY,lt_-15,0
NOT_READY,-15_-10,0
NOT_READY,-10_-5,0
NOT_READY,-5_0,208
NOT_READY,0_5,0
NOT_READY,5_10,0
NOT_READY,10_15,0
NOT_READY,gt_15,0
mean_reversion,lt_-15,64
mean_reversion,-15_-10,34
mean_reversion,-10_-5,47
mean_reversion,-5_0,50
mean_reversion,0_5,50
mean_reversion,5_10,42
mean_reversion,10_15,43
mean_reversion,gt_15,56
trending,lt_-15,30
trending,-15_-10,7
trending,-10_-5,18
trending,-5_0,22
trending,0_5,19
trending,5_10,20
trending,10_15,8
trending,gt_15,26
unknown,lt_-15,0
unknown,-15_-10,0
unknown,-10_-5,0
unknown,-5_0,21
unknown,0_5,0
unknown,5_10,0
unknown,10_15,0
unknown,gt_15,0
